Country_code;Year_base;Country;Country_short;Region;Income_group;Year_decision;Year_first_decision;Year_target;Target_minimum;Target_maximum;Target_average;Target_unit;Conditionality;Target_type;Long_term_type;Target_consistent;Target_consistent_all;Miscellaneous;Comparison_info;BAU_level;Source;Source_additional;added_in_version;change_reason;status;status_changed_in_version
AFG;NA;Afghanistan;Afghanistan;South Asia;Low income;2016;2016;2030;-13.6;NA;-13.6;Percent;Conditional;BAU;;NA;236.339307;;BAU 2030 48.9 MtCO2eq;48.9;https://unfccc.int/sites/default/files/NDC/2022-06/INDC_AFG_20150927_FINAL.pdf;;V3;New non-EU-27 observation added in V3;active;V3
AGO;NA;Angola;Angola;Sub-Saharan Africa;Lower middle income;2015;2015;2030;NA;-50;-50;Percent;Conditional;BAU;;NA;202.520001;;BAU 2030 193.25 Mt CO2eq;193.25;https://www4.unfccc.int/sites/submissions/INDC/Published%20Documents/Angola/1/INDC%20Angola%20deposito.pdf;;V3;New non-EU-27 observation added in V3;active;V3
AGO;NA;Angola;Angola;Sub-Saharan Africa;Lower middle income;2021;2015;2025;NA;-10;-10;Percent;Unconditional;BAU;;NA;205.72914;;BAU 2025 108.5 Mt CO2eq;108.5;https://unfccc.int/sites/default/files/NDC/2022-06/NDC%20Angola.pdf;;V3;New non-EU-27 observation added in V3;active;V3
AGO;NA;Angola;Angola;Sub-Saharan Africa;Lower middle income;2015;2015;2030;NA;-35;-35;Percent;Unconditional;BAU;;NA;293.276002;;BAU 2030 193.25 Mt CO2eq;193.25;https://www4.unfccc.int/sites/submissions/INDC/Published%20Documents/Angola/1/INDC%20Angola%20deposito.pdf;;V3;New non-EU-27 observation added in V3;active;V3
AGO;NA;Angola;Angola;Sub-Saharan Africa;Lower middle income;2021;2015;2025;NA;-14;-14;Percent;Conditional;BAU;;NA;192.141178;;BAU 2025 108.5 Mt CO2eq;108.5;https://unfccc.int/sites/default/files/NDC/2022-06/NDC%20Angola.pdf;;V3;New non-EU-27 observation added in V3;active;V3
ALB;NA;Albania;Albania;Europe & Central Asia;Upper middle income;2021;2015;2030;NA;-20.9;-20.9;Percent;Unconditional;BAU;;NA;3.23544406;;BAU 2030 15 Mt CO2eq (from a graph);15;https://unfccc.int/sites/default/files/2022-08/Albania%20Revised%20NDC.pdf;;V3;New non-EU-27 observation added in V3;active;V3
ALB;2016;Albania;Albania;Europe & Central Asia;Upper middle income;2015;2015;2030;NA;-11.5;-11.5;Percent;Unconditional;Baseline;;NA;-35.652763;;;NA;https://www4.unfccc.int/sites/submissions/INDC/Published%20Documents/Albania/1/Albania_INDC_submission%20(1).pdf;;V3;New non-EU-27 observation added in V3;active;V3
AND;NA;Andorra;Andorra;Europe & Central Asia;High income;2017;2017;2030;NA;-37;-37;Percent;Unconditional;BAU;;NA;NA;;BAU 2030 530.55 GgCO2eq;0.53;https://unfccc.int/sites/default/files/NDC/2022-06/Andorra%20INDC-CPDN.pdf;;V3;New non-EU-27 observation added in V3;active;V3
AND;NA;Andorra;Andorra;Europe & Central Asia;High income;2022;2017;2030;NA;-55;-55;Percent;Unconditional;BAU;;NA;NA;;BAU 2030 530.55 GgCO2eq;0.53;https://unfccc.int/sites/default/files/NDC/2023-01/221125_Actualizaci%C3%B3n_NDC_DEF.pdf;;V3;New non-EU-27 observation added in V3;active;V3
AND;1990;Andorra;Andorra;Europe & Central Asia;High income;2020;2017;2050;NA;-100;-100;Percent;Unconditional;Baseline;Carbon neutrality;NA;NA;;;NA;https://unfccc.int/sites/default/files/NDC/2022-06/20200514-%20Actualitzaci%C3%B3%20NDC.pdf;;V3;New non-EU-27 observation added in V3;active;V3
AND;2005;Andorra;Andorra;Europe & Central Asia;High income;2025;2017;2035;NA;-63;-63;Percent;Unconditional;Baseline;;NA;NA;;;NA;https://unfccc.int/sites/default/files/2025-02/NDC 3.0 ANDORRA.pdf;;V3;New non-EU-27 observation added in V3;active;V3
ARE;2019;United Arab Emirates;UAE;Middle East & North Africa;High income;2023;2020;2035;NA;-47;-47;Percent;Unconditional;Baseline;;NA;67.7367728;;;NA;https://unfccc.int/sites/default/files/NDC/2023-07/Third%20Update%20of%20Second%20NDC%20for%20the%20UAE_v15.pdf;;V3;New non-EU-27 observation added in V3;active;V3
ARE;NA;United Arab Emirates;UAE;Middle East & North Africa;High income;2020;2020;2030;NA;-23.5;-23.5;Percent;Unconditional;BAU;;NA;188.695969;;BAU scenario 2030 300 MtCO2eq;300;https://unfccc.int/sites/default/files/NDC/2022-06/UAE%20Second%20NDC%20-%20UNFCCC%20Submission%20-%20English%20-%20FINAL.pdf;;V3;New non-EU-27 observation added in V3;active;V3
ARE;1990;United Arab Emirates;UAE;Middle East & North Africa;High income;2023;2020;2050;NA;-100;-100;Percent;Unconditional;Baseline;Net zero;NA;-100;;;NA;https://unfccc.int/sites/default/files/NDC/2023-07/Third%20Update%20of%20Second%20NDC%20for%20the%20UAE_v15.pdf;;V3;New non-EU-27 observation added in V3;active;V3
ARE;NA;United Arab Emirates;UAE;Middle East & North Africa;High income;2022;2020;2030;NA;-40;-40;Percent;Unconditional;BAU;;NA;127.333924;;BAU scenario 2030 301.2 MtCO2eq;301.2;https://unfccc.int/sites/default/files/NDC/2022-09/UpdateNDC-EN-2022.pdf;;V3;New non-EU-27 observation added in V3;active;V3
ARG;1990;Argentina;Argentina;Latin America & Caribbean;Upper middle income;2020;2016;2050;NA;-100;-100;Percent;Unconditional;Baseline;Carbon neutrality;NA;-100;;;NA;https://unfccc.int/sites/default/files/NDC/2023-12/Argentinas%20Second%20NDC.pdf;;V3;New non-EU-27 observation added in V3;active;V3
ARG;NA;Argentina;Argentina;Latin America & Caribbean;Upper middle income;2020;2016;2030;NA;349;349;MtCO2eq;Unconditional;Trajectory;;NA;37.5117812;;;NA;https://unfccc.int/sites/default/files/NDC/2023-12/Argentinas%20Second%20NDC.pdf;;V3;New non-EU-27 observation added in V3;active;V3
ARG;NA;Argentina;Argentina;Latin America & Caribbean;Upper middle income;2016;2016;2030;NA;483;483;MtCO2eq;Unconditional;Trajectory;;NA;90.310001;;;NA;https://climate-laws.org/documents/argentina-first-ndc-archived_496b?q=ghg+target&y=2015&y=2016&l=argentina&id=argentina-first-ndc-archived_ea61;;V3;New non-EU-27 observation added in V3;active;V3
ARM;NA;Armenia;Armenia;Europe & Central Asia;Upper middle income;2015;2015;2050;NA;2.07;2.07;tCO2eq per capita;Conditional;Intensity;;40;40;;NA;NA;https://unfccc.int/sites/default/files/NDC/2022-06/NDC%20of%20Republic%20of%20Armenia%20%202021-2030.pdf;https://unfccc.int/sites/default/files/resource/UNDP%20LT_LEDS_ARMENIA.pdf;V3;New non-EU-27 observation added in V3;active;V3
ARM;1990;Armenia;Armenia;Europe & Central Asia;Upper middle income;2021;2015;2030;NA;-40;-40;Percent;Unconditional;Baseline;;NA;-40;;;NA;https://unfccc.int/sites/default/files/NDC/2022-06/NDC%20of%20Republic%20of%20Armenia%20%202021-2030.pdf;;V3;New non-EU-27 observation added in V3;active;V3
ATG;1990;Antigua and Barbuda;Antigua&Barbuda;Latin America & Caribbean;High income;2021;2010;2040;NA;-100;-100;Percent;Unconditional;Baseline;Net zero;NA;-100;;;NA;https://unfccc.int/sites/default/files/NDC/2022-06/ATG%20-%20UNFCCC%20NDC%20-%202021-09-02%20-%20Final.pdf;;V3;New non-EU-27 observation added in V3;active;V3
ATG;1990;Antigua and Barbuda;Antigua&Barbuda;Latin America & Caribbean;High income;2010;2010;2020;NA;-25;-25;Percent;Conditional;Baseline;;NA;-25;;;NA;https://unfccc.int/files/meetings/cop_15/copenhagen_accord/application/pdf/antiguabarbudacphaccord_app2.pdf;;V3;New non-EU-27 observation added in V3;active;V3
AUS;1990;Australia;Australia;East Asia & Pacific;High income;2022;1997;2050;NA;-100;-100;Percent;Unconditional;Baseline;Net zero;NA;-100;;;NA;https://unfccc.int/sites/default/files/NDC/2022-06/Australias%20NDC%20June%202022%20Update%20%283%29.pdf;;V3;New non-EU-27 observation added in V3;active;V3
AUS;1990;Australia;Australia;East Asia & Pacific;High income;1997;1997;2012;NA;8;8;Percent;Unconditional;Baseline;;NA;8;;;NA;https://unfccc.int/process-and-meetings/the-kyoto-protocol/what-is-the-kyoto-protocol/kyoto-protocol-targets-for-the-first-commitment-period;;V3;New non-EU-27 observation added in V3;active;V3
AUS;2005;Australia;Australia;East Asia & Pacific;High income;2020;1997;2030;-26;-28;-27;Percent;Unconditional;Baseline;;NA;-8.2937326;;;NA;https://unfccc.int/sites/default/files/NDC/2022-06/Australia%20NDC%20recommunication%20FINAL.PDF;;V3;New non-EU-27 observation added in V3;active;V3
AUS;2005;Australia;Australia;East Asia & Pacific;High income;2022;1997;2030;NA;-43;-43;Percent;Unconditional;Baseline;;NA;-28.393736;;;NA;https://unfccc.int/sites/default/files/NDC/2022-06/Australias%20NDC%20June%202022%20Update%20%283%29.pdf;;V3;New non-EU-27 observation added in V3;active;V3
AUT;2005;Austria;Austria;Europe & Central Asia;High income;2023;1997;2030;NA;-48;-48;Percent;Unconditional;Baseline;;NA;-37.824332;;;NA;https://unfccc.int/sites/default/files/NDC/2023-10/ES-2023-10-17%20EU%20submission%20NDC%20update.pdf;;V1;;active;V1
AUT;1990;Austria;Austria;Europe & Central Asia;High income;2022;1997;2030;NA;-100;-100;Percent;Unconditional;Baseline;Climate neutrality;NA;-100;;;NA;https://cdn.climatepolicyradar.org/navigator/AUT/2021/renewable-energy-expansion-act_48b789e0a4cd6e290a641e3a6a5ed61c.pdf;;V1;;active;V1
AUT;2005;Austria;Austria;Europe & Central Asia;High income;2010;1997;2020;NA;-16;-16;Percent;Unconditional;Baseline;;NA;0.43761791;;;NA;https://eur-lex.europa.eu/LexUriServ/LexUriServ.do?uri=OJ:L:2009:140:0136:0148:EN:PDF;;V1;;active;V1
AUT;2005;Austria;Austria;Europe & Central Asia;High income;2018;1997;2030;NA;-36;-36;Percent;Unconditional;Baseline;;NA;-23.476101;;;NA;https://eur-lex.europa.eu/legal-content/EN/TXT/PDF/?uri=CELEX:32018R0842&from=EN;;V1;;active;V1
AUT;1990;Austria;Austria;Europe & Central Asia;High income;1997;1997;2012;NA;-13;-13;Percent;Unconditional;Baseline;;NA;-13;;;NA;https://www.eea.europa.eu/publications/progress-towards-kyoto;;V1;;active;V1
AZE;1990;Azerbaijan;Azerbaijan;Europe & Central Asia;Upper middle income;2015;2015;2030;NA;-35;-35;Percent;Unconditional;Baseline;;NA;-35;;;NA;https://www4.unfccc.int/sites/submissions/INDC/Published%20Documents/Azerbaijan/1/INDC%20Azerbaijan.pdf;;V3;New non-EU-27 observation added in V3;active;V3
AZE;1990;Azerbaijan;Azerbaijan;Europe & Central Asia;Upper middle income;2023;2015;2050;NA;-40;-40;Percent;Conditional;Baseline;;NA;-40;;;NA;https://unfccc.int/sites/default/files/NDC/2023-10/Second%20NDC_Azerbaijan_ENG_Final%20%281%29.pdf;;V3;New non-EU-27 observation added in V3;active;V3
BDI;NA;Burundi;Burundi;Sub-Saharan Africa;Low income;2020;2015;2030;NA;-12.61;-12.61;Percent;Conditional;BAU;;NA;174.356173;;BAU 2030 9082.01 GgCO2eq;9.08;https://unfccc.int/sites/default/files/NDC/2022-06/CDN%20%20%20Burundi%20ANNEXE%201.pdf;;V3;New non-EU-27 observation added in V3;active;V3
BDI;NA;Burundi;Burundi;Sub-Saharan Africa;Low income;2020;2015;2025;NA;-1.58;-1.58;Percent;Unconditional;BAU;;NA;154.877986;;BAU 2025 7489.29 GgCO2eq;7.49;https://unfccc.int/sites/default/files/NDC/2022-06/CDN%20%20%20Burundi%20ANNEXE%201.pdf;;V3;New non-EU-27 observation added in V3;active;V3
BDI;NA;Burundi;Burundi;Sub-Saharan Africa;Low income;2015;2015;2030;NA;-3;-3;Percent;Unconditional;BAU;;NA;151.535997;;BAU 2030 7500 GgCO2eq (from a graph);7.5;https://unfccc.int/sites/default/files/NDC/2022-06/CPDN%20BURUNDI.pdf;;V3;New non-EU-27 observation added in V3;active;V3
BDI;NA;Burundi;Burundi;Sub-Saharan Africa;Low income;2020;2015;2025;NA;-11.4;-11.4;Percent;Conditional;BAU;;NA;129.447161;;BAU 2025 7489.29 GgCO2eq;7.49;https://unfccc.int/sites/default/files/NDC/2022-06/CDN%20%20%20Burundi%20ANNEXE%201.pdf;;V3;New non-EU-27 observation added in V3;active;V3
BDI;NA;Burundi;Burundi;Sub-Saharan Africa;Low income;2020;2015;2030;NA;-3.04;-3.04;Percent;Unconditional;BAU;;NA;204.40067;;BAU 2030 9082.01 GgCO2eq;9.08;https://unfccc.int/sites/default/files/NDC/2022-06/CDN%20%20%20Burundi%20ANNEXE%201.pdf;;V3;New non-EU-27 observation added in V3;active;V3
BDI;NA;Burundi;Burundi;Sub-Saharan Africa;Low income;2015;2015;2030;NA;-20;-20;Percent;Conditional;BAU;;NA;107.452369;;BAU 2030 7500 GgCO2eq (from a graph);7.5;https://unfccc.int/sites/default/files/NDC/2022-06/CPDN%20BURUNDI.pdf;;V3;New non-EU-27 observation added in V3;active;V3
BEL;2005;Belgium;Belgium;Europe & Central Asia;High income;2023;1997;2030;NA;-47;-47;Percent;Unconditional;Baseline;;NA;-46.051607;;;NA;https://unfccc.int/sites/default/files/NDC/2023-10/ES-2023-10-17%20EU%20submission%20NDC%20update.pdf;;V1;;active;V1
BEL;1990;Belgium;Belgium;Europe & Central Asia;High income;1997;1997;2012;NA;-7.5;-7.5;Percent;Unconditional;Baseline;;NA;-7.5;;;NA;https://www.eea.europa.eu/publications/progress-towards-kyoto;;V1;;active;V1
BEL;2005;Belgium;Belgium;Europe & Central Asia;High income;2020;1997;2030;NA;-55;-55;Percent;Unconditional;Baseline;;NA;-54.19476;;;NA;https://www.belgium.be/sites/default/files/Accord_de_gouvernement_2020.pdf;;V1;;active;V1
BEL;1990;Belgium;Belgium;Europe & Central Asia;High income;2020;1997;2050;NA;-100;-100;Percent;Unconditional;Baseline;Climate neutrality;NA;-100;;;NA;https://www.belgium.be/sites/default/files/Accord_de_gouvernement_2020.pdf;;V1;;active;V1
BEL;2005;Belgium;Belgium;Europe & Central Asia;High income;2010;1997;2020;NA;-15;-15;Percent;Unconditional;Baseline;;NA;-13.478992;;;NA;https://eur-lex.europa.eu/LexUriServ/LexUriServ.do?uri=OJ:L:2009:140:0136:0148:EN:PDF;;V1;;active;V1
BEL;2005;Belgium;Belgium;Europe & Central Asia;High income;2018;1997;2030;NA;-35;-35;Percent;Unconditional;Baseline;;NA;-33.836876;;;NA;https://eur-lex.europa.eu/legal-content/EN/TXT/PDF/?uri=CELEX:32018R0842&from=EN;;V1;;active;V1
BEN;NA;Benin;Benin;Sub-Saharan Africa;Lower middle income;2017;2017;2030;NA;-12.55;-12.55;Percent;Conditional;BAU;;NA;772.923097;;BAU 2030 38.5 MtCO2eq;38.5;https://unfccc.int/sites/default/files/NDC/2022-06/CDN_BENIN_VERSION_ANGLAISE.pdf;;V3;New non-EU-27 observation added in V3;active;V3
BEN;NA;Benin;Benin;Sub-Saharan Africa;Lower middle income;2017;2017;2030;NA;-3.62;-3.62;Percent;Unconditional;BAU;;NA;862.06207;;BAU 2030 38.5 MtCO2eq;38.5;https://unfccc.int/sites/default/files/NDC/2022-06/CDN_BENIN_VERSION_ANGLAISE.pdf;;V3;New non-EU-27 observation added in V3;active;V3
BEN;NA;Benin;Benin;Sub-Saharan Africa;Lower middle income;2021;2017;2030;NA;-20.15;-20.15;Percent;Unconditional;BAU;;NA;500.79702;;BAU 2030 29.02 MtCO2eq;29.02;https://unfccc.int/sites/default/files/NDC/2022-06/CDN_ACTUALISEE_BENIN2021.pdf;;V3;New non-EU-27 observation added in V3;active;V3
BFA;NA;Burkina Faso;Burkina Faso;Sub-Saharan Africa;Low income;2021;2015;2030;NA;-19.6;-19.6;Percent;Unconditional;BAU;;NA;669.571579;;BAU 2030 107522.71 GgCO2eq;107.52;https://unfccc.int/sites/default/files/NDC/2022-06/Rapport%20CDN_BKFA.pdf;;V3;New non-EU-27 observation added in V3;active;V3
BFA;NA;Burkina Faso;Burkina Faso;Sub-Saharan Africa;Low income;2021;2015;2030;NA;-29.4;-9.8;Percent;Conditional;BAU;;NA;763.37508;;BAU 2030 107522.71 GgCO2eq;107.52;https://unfccc.int/sites/default/files/NDC/2022-06/Rapport%20CDN_BKFA.pdf;;V3;New non-EU-27 observation added in V3;active;V3
BFA;NA;Burkina Faso;Burkina Faso;Sub-Saharan Africa;Low income;2015;2015;2030;NA;-18.2;-18.2;Percent;Conditional;BAU;;NA;761.618828;;BAU 2030 118323 GgCO2eq;118.32;https://unfccc.int/sites/default/files/NDC/2022-06/INDC%20BURKINA%20FASO%20280915.pdf;;V3;New non-EU-27 observation added in V3;active;V3
BFA;1990;Burkina Faso;Burkina Faso;Sub-Saharan Africa;Low income;2025;2015;2050;NA;-100;-100;Percent;Unconditional;Baseline;Net zero;NA;-100;;;NA;https://unfccc.int/sites/default/files/resource/lt_leds_burkina_faso_vison_2050.pdf;;V3;New non-EU-27 observation added in V3;active;V3
BFA;NA;Burkina Faso;Burkina Faso;Sub-Saharan Africa;Low income;2015;2015;2030;NA;-6.6;-6.6;Percent;Unconditional;BAU;;NA;883.804384;;BAU 2030 118323 GgCO2eq;118.32;https://unfccc.int/sites/default/files/NDC/2022-06/INDC%20BURKINA%20FASO%20280915.pdf;;V3;New non-EU-27 observation added in V3;active;V3
BGD;NA;Bangladesh;Bangladesh;South Asia;Lower middle income;2023;2015;2030;NA;-6.73;-6.73;Percent;Unconditional;BAU;;NA;193.513606;Energy, waste, and agriculture;BAU 2030 409.4 MtCO2eq;409.4;https://unfccc.int/sites/default/files/NDC/2022-06/NDC_submission_20210826revised.pdf;;V3;New non-EU-27 observation added in V3;active;V3
BGD;NA;Bangladesh;Bangladesh;South Asia;Lower middle income;2015;2015;2030;NA;-15;-15;Percent;Conditional;BAU;;NA;52.887932;Power, transport and industry;BAU 2030 234 MtCO2eq;234;https://unfccc.int/sites/default/files/NDC/2022-06/INDC_2015_of_Bangladesh.pdf;;V3;New non-EU-27 observation added in V3;active;V3
BGD;NA;Bangladesh;Bangladesh;South Asia;Lower middle income;2015;2015;2030;NA;-5;-5;Percent;Unconditional;BAU;;NA;70.8747475;Power, transport and industry;BAU 2030 234 MtCO2eq;234;https://unfccc.int/sites/default/files/NDC/2022-06/INDC_2015_of_Bangladesh.pdf;;V3;New non-EU-27 observation added in V3;active;V3
BGD;NA;Bangladesh;Bangladesh;South Asia;Lower middle income;2023;2015;2030;NA;-15.12;-15.12;Percent;Conditional;BAU;;NA;167.110913;Energy, waste, and agriculture;BAU 2030 409.4 MtCO2eq;409.4;https://unfccc.int/sites/default/files/NDC/2022-06/NDC_submission_20210826revised.pdf;;V3;New non-EU-27 observation added in V3;active;V3
BGR;1988;Bulgaria;Bulgaria;Europe & Central Asia;High income;1998;1998;2008;NA;-8;-8;Percent;Unconditional;Baseline;;NA;5.45760746;;;NA;https://unfccc.int/resource/docs/natc/bulnc2.pdf;;V1;;active;V1
BGR;1990;Bulgaria;Bulgaria;Europe & Central Asia;High income;2021;1998;2050;NA;-100;-100;Percent;Unconditional;Baseline;Net zero;NA;-100;;;NA;https://www.climatewatchdata.org/countries/BGR;;V1;;active;V1
BGR;2005;Bulgaria;Bulgaria;Europe & Central Asia;High income;2018;1998;2030;NA;0;0;Percent;Unconditional;Baseline;;NA;-36.134612;;;NA;https://eur-lex.europa.eu/legal-content/EN/TXT/PDF/?uri=CELEX:32018R0842&from=EN;;V1;;active;V1
BGR;2005;Bulgaria;Bulgaria;Europe & Central Asia;High income;2023;1998;2030;NA;-10;-10;Percent;Unconditional;Baseline;;NA;-42.521151;;;NA;https://unfccc.int/sites/default/files/NDC/2023-10/ES-2023-10-17%20EU%20submission%20NDC%20update.pdf;;V1;;active;V1
BHR;1990;Bahrain;Bahrain;Middle East & North Africa;High income;2021;2021;2060;NA;-100;-100;Percent;Unconditional;Baseline;Carbon neutrality;NA;-100;;;NA;https://bahrain.bh/wps/portal/en/!ut/p/z0/fY65DsIwEER_xRSpbY4ALYdEoABKcIM2ZAkLzjoxGwR8PYGWo5snjeaNtnqjLcOVchDyDK7hre3v2vPYJMOJMclyPTX9VTIcdAbjbm_W0QttfxdW6-5rgU5VZUfa7j0L3kRvUi53ECIDqa9FyRHVmTjPfBGZFI4BiEk5zOni3j8ukQnYRMyU-JL2DR-gIHf_b3_d-2VH_mpHvlLwXCCLAs4Ug9QBP_UPDF4x1hLAkdx1ebZp7PLWE9qQtDA!/;;V3;New non-EU-27 observation added in V3;active;V3
BHS;NA;Bahamas;Bahamas;Latin America & Caribbean;High income;2016;2016;2030;NA;-30;-30;Percent;Conditional;BAU;;NA;240.107771;;BAU 2030 6347 GgCO2eq;6.35;https://unfccc.int/sites/default/files/NDC/2022-06/Bahamas_COP-22%20UNFCCC.pdf;https://unfccc.int/sites/default/files/NDC/2022-11/Bahamas%20Updated%20Nationally%20Determined%20Contributio;V3;New non-EU-27 observation added in V3;active;V3
BIH;1990;Bosnia And Herzegovina;Bosnia&Herzegovina;Europe & Central Asia;Upper middle income;2015;2015;2030;NA;18;18;Percent;Unconditional;Baseline;;NA;18;;;NA;https://www4.unfccc.int/sites/submissions/INDC/Published%20Documents/Bosnia-Herzegovina/1/INDC%20Bosnia%20and%20Herzegovina.pdf;;V3;New non-EU-27 observation added in V3;active;V3
BIH;1990;Bosnia And Herzegovina;Bosnia&Herzegovina;Europe & Central Asia;Upper middle income;2021;2015;2025;NA;-30.9;-30.9;Percent;Conditional;Baseline;;NA;-30.9;;;NA;https://unfccc.int/sites/default/files/NDC/2022-06/NDC%20BiH_November%202020%20FINAL%20DRAFT%2005%20Nov%20ENG%20LR.pdf;;V3;New non-EU-27 observation added in V3;active;V3
BIH;1990;Bosnia And Herzegovina;Bosnia&Herzegovina;Europe & Central Asia;Upper middle income;2021;2015;2030;NA;-36.8;-36.8;Percent;Conditional;Baseline;;NA;-36.8;;;NA;https://unfccc.int/sites/default/files/NDC/2022-06/NDC%20BiH_November%202020%20FINAL%20DRAFT%2005%20Nov%20ENG%20LR.pdf;;V3;New non-EU-27 observation added in V3;active;V3
BIH;1990;Bosnia And Herzegovina;Bosnia&Herzegovina;Europe & Central Asia;Upper middle income;2021;2015;2025;NA;-30.4;-30.4;Percent;Unconditional;Baseline;;NA;-30.4;;;NA;https://unfccc.int/sites/default/files/NDC/2022-06/NDC%20BiH_November%202020%20FINAL%20DRAFT%2005%20Nov%20ENG%20LR.pdf;;V3;New non-EU-27 observation added in V3;active;V3
BIH;1990;Bosnia And Herzegovina;Bosnia&Herzegovina;Europe & Central Asia;Upper middle income;2021;2015;2030;NA;-33.2;-33.2;Percent;Unconditional;Baseline;;NA;-33.2;;;NA;https://unfccc.int/sites/default/files/NDC/2022-06/NDC%20BiH_November%202020%20FINAL%20DRAFT%2005%20Nov%20ENG%20LR.pdf;;V3;New non-EU-27 observation added in V3;active;V3
BIH;1990;Bosnia And Herzegovina;Bosnia&Herzegovina;Europe & Central Asia;Upper middle income;2021;2015;2050;NA;-65.6;-65.6;Percent;Conditional;Baseline;;NA;-65.6;;;NA;https://unfccc.int/sites/default/files/NDC/2022-06/NDC%20BiH_November%202020%20FINAL%20DRAFT%2005%20Nov%20ENG%20LR.pdf;;V3;New non-EU-27 observation added in V3;active;V3
BIH;1990;Bosnia And Herzegovina;Bosnia&Herzegovina;Europe & Central Asia;Upper middle income;2021;2015;2050;NA;-61.7;-61.7;Percent;Unconditional;Baseline;;NA;-61.7;;;NA;https://unfccc.int/sites/default/files/NDC/2022-06/NDC%20BiH_November%202020%20FINAL%20DRAFT%2005%20Nov%20ENG%20LR.pdf;;V3;New non-EU-27 observation added in V3;active;V3
BLR;1990;Belarus;Belarus;Europe & Central Asia;Upper middle income;2016;2016;2030;NA;-28;-28;Percent;Unconditional;Baseline;;NA;-28;;;NA;https://unfccc.int/sites/default/files/NDC/2022-06/Belarus_INDC_Rus_25.09.2015.pdf;;V3;New non-EU-27 observation added in V3;active;V3
BLR;1990;Belarus;Belarus;Europe & Central Asia;Upper middle income;2022;2016;2030;NA;-35;-35;Percent;Unconditional;Baseline;;NA;-35;;;NA;https://unfccc.int/sites/default/files/NDC/2022-06/Belarus_NDC_Russian.pdf;;V3;New non-EU-27 observation added in V3;active;V3
BLR;1990;Belarus;Belarus;Europe & Central Asia;Upper middle income;2022;2016;2030;NA;-40;-40;Percent;Conditional;Baseline;;NA;-40;;;NA;https://unfccc.int/sites/default/files/NDC/2022-06/Belarus_NDC_Russian.pdf;;V3;New non-EU-27 observation added in V3;active;V3
BLZ;NA;Belize;Belize;Latin America & Caribbean;Upper middle income;2021;2021;2030;NA;-5.647;-5.647;MtCO2eq reduction;Unconditional;BAU;;NA;NA;During 2021-2030;NA;NA;https://unfccc.int/sites/default/files/NDC/2022-06/Belize%20Updated%20NDC.pdf;;V3;New non-EU-27 observation added in V3;active;V3
BLZ;1990;Belize;Belize;Latin America & Caribbean;Upper middle income;2021;2021;2050;NA;-100;-100;Percent;Unconditional;Baseline;Net zero;NA;-100;;;NA;https://www.climatewatchdata.org/countries/BLZ;;V3;New non-EU-27 observation added in V3;active;V3
BRA;NA;Brazil;Brazil;Latin America & Caribbean;Upper middle income;2010;2010;2020;-36.1;-38.9;-37.5;Percent;Conditional;BAU;;NA;151.64677;;BAU 2020 2704 MtCO2eq;2704;https://files.wri.org/s3fs-public/assessing_non_annex_i_pledges.pdf;https://climateactiontracker.org/media/documents/2018/4/CAT_2014-12-08_CountryAssessment_Brazil.pdf;V3;New non-EU-27 observation added in V3;active;V3
BRA;2005;Brazil;Brazil;Latin America & Caribbean;Upper middle income;2023;2010;2025;NA;-48.4;-48.4;Percent;Unconditional;Baseline;;NA;-21.212601;;;NA;https://unfccc.int/sites/default/files/NDC/2023-11/Brazil%20First%20NDC%202023%20adjustment.pdf;;V3;New non-EU-27 observation added in V3;active;V3
BRA;2005;Brazil;Brazil;Latin America & Caribbean;Upper middle income;2023;2010;2030;NA;-53.1;-53.1;Percent;Unconditional;Baseline;;NA;-28.388973;;;NA;https://unfccc.int/sites/default/files/NDC/2023-11/Brazil%20First%20NDC%202023%20adjustment.pdf;;V3;New non-EU-27 observation added in V3;active;V3
BRA;2005;Brazil;Brazil;Latin America & Caribbean;Upper middle income;2025;2010;2035;-59;-67;-63;Percent;Unconditional;Baseline;;NA;-43.50516;;;NA;https://www.bing.com/ck/a?!&&p=4b2bafecce0c9cdba2b752e5e1e2b15e9ad185cc1076c52101a280c6dba5f339JmltdHM9MTc0Mzk4NDAwMA&ptn=3&ver=2&hsh=4&fclid=10507eb6-41e6-6dfe-39f2-6c81408d6c59&psq=brazil+ndc+3.0&u=a1aHR0cHM6Ly91bmZjY2MuaW50L3NpdGVzL2RlZmF1bHQvZmlsZXMvMjAyNC0xMS9CcmF6aWxfU2Vjb25kJTIwTmF0aW9uYWxseSUyMERldGVybWluZWQlMjBDb250cmlidXRpb24lMjAlMjhOREMlMjlfTm92ZW1iZXIyMDI0LnBkZg&ntb=1;;V3;New non-EU-27 observation added in V3;active;V3
BRA;2005;Brazil;Brazil;Latin America & Caribbean;Upper middle income;2015;2010;2030;NA;-43;-43;Percent;Unconditional;Baseline;;NA;-12.967408;;;NA;https://unfccc.int/sites/default/files/BRAZIL%20iNDC%20english%20FINAL.pdf;;V3;New non-EU-27 observation added in V3;active;V3
BRA;1990;Brazil;Brazil;Latin America & Caribbean;Upper middle income;2022;2010;2050;NA;-100;-100;Percent;Unconditional;Baseline;Climate neutrality;NA;-100;;;NA;https://unfccc.int/sites/default/files/NDC/2022-06/Updated%20-%20First%20NDC%20-%20%20FINAL%20-%20PDF.pdf;;V3;New non-EU-27 observation added in V3;active;V3
BRA;2005;Brazil;Brazil;Latin America & Caribbean;Upper middle income;2022;2010;2030;NA;-50;-50;Percent;Unconditional;Baseline;;NA;-23.655621;;;NA;https://unfccc.int/sites/default/files/NDC/2022-06/Updated%20-%20First%20NDC%20-%20%20FINAL%20-%20PDF.pdf;;V3;New non-EU-27 observation added in V3;active;V3
BRA;2005;Brazil;Brazil;Latin America & Caribbean;Upper middle income;2015;2010;2025;NA;-37;-37;Percent;Unconditional;Baseline;;NA;-3.8060825;;;NA;https://unfccc.int/sites/default/files/BRAZIL%20iNDC%20english%20FINAL.pdf;;V3;New non-EU-27 observation added in V3;active;V3
BRB;NA;Barbados;Barbados;Latin America & Caribbean;High income;2021;2015;2030;NA;-70;-70;Percent;Conditional;BAU;;NA;-31.622529;;BAU 2025 1881 GgCO2eq;1.96;https://unfccc.int/sites/default/files/NDC/2022-06/2021%20Barbados%20NDC%20update%20-%2021%20July%202021.pdf;;V3;New non-EU-27 observation added in V3;active;V3
BRB;2008;Barbados;Barbados;Latin America & Caribbean;High income;2015;2015;2030;NA;-44;-44;Percent;Unconditional;Baseline;;NA;-34.25449;;;NA;https://unfccc.int/sites/default/files/NDC/2022-06/Barbados%20INDC%20FINAL%20September%20%2028%2C%202015.pdf;;V3;New non-EU-27 observation added in V3;active;V3
BRB;1990;Barbados;Barbados;Latin America & Caribbean;High income;2019;2015;2030;NA;-100;-100;Percent;Unconditional;Baseline;Net zero;NA;-100;;;NA;https://energy.gov.bb/publications/barbados-national-energy-policy-bnep/;;V3;New non-EU-27 observation added in V3;active;V3
BRB;NA;Barbados;Barbados;Latin America & Caribbean;High income;2021;2015;2025;NA;-20;-20;Percent;Unconditional;BAU;;NA;74.897476;;BAU 2025 1881 GgCO2eq;1.88;https://unfccc.int/sites/default/files/NDC/2022-06/2021%20Barbados%20NDC%20update%20-%2021%20July%202021.pdf;;V3;New non-EU-27 observation added in V3;active;V3
BRB;2008;Barbados;Barbados;Latin America & Caribbean;High income;2015;2015;2025;NA;-21;-21;Percent;Unconditional;Baseline;;NA;-7.2518694;;;NA;https://unfccc.int/sites/default/files/NDC/2022-06/Barbados%20INDC%20FINAL%20September%20%2028%2C%202015.pdf;;V3;New non-EU-27 observation added in V3;active;V3
BRB;1990;Barbados;Barbados;Latin America & Caribbean;High income;2025;2015;2035;NA;-100;-100;Percent;Unconditional;Baseline;Net zero;NA;-100;;;NA;https://pmo.gov.bb/2025/03/12/barbados-energy-transition-and-investment-plan-etip/;;V3;New non-EU-27 observation added in V3;active;V3
BRB;NA;Barbados;Barbados;Latin America & Caribbean;High income;2021;2015;2030;NA;-35;-35;Percent;Unconditional;BAU;;NA;48.1511864;;BAU 2025 1881 GgCO2eq;1.96;https://unfccc.int/sites/default/files/NDC/2022-06/2021%20Barbados%20NDC%20update%20-%2021%20July%202021.pdf;;V3;New non-EU-27 observation added in V3;active;V3
BRB;NA;Barbados;Barbados;Latin America & Caribbean;High income;2021;2015;2025;NA;-35;-35;Percent;Conditional;BAU;;NA;42.1041992;;BAU 2025 1881 GgCO2eq;1.88;https://unfccc.int/sites/default/files/NDC/2022-06/2021%20Barbados%20NDC%20update%20-%2021%20July%202021.pdf;;V3;New non-EU-27 observation added in V3;active;V3
BRN;NA;Brunei Darussalam;Brunei Darussalam;East Asia & Pacific;High income;2020;2020;2030;NA;-20;-20;Percent;Unconditional;BAU;;NA;300.447044;;BAU 2030 29.5 MtCO2e;29.5;https://unfccc.int/sites/default/files/NDC/2022-06/Brunei%20Darussalam%27s%20NDC%202020.pdf;;V3;New non-EU-27 observation added in V3;active;V3
BTN;1990;Bhutan;Bhutan;South Asia;Lower middle income;2009;2009;2050;NA;-100;-100;Percent;Unconditional;Baseline;Carbon neutrality;NA;-100;;;NA;https://unfccc.int/sites/default/files/NDC/2022-06/Second%20NDC%20Bhutan.pdf;;V3;New non-EU-27 observation added in V3;active;V3
BWA;NA;Botswana;Botswana;Sub-Saharan Africa;Upper middle income;2024;2016;2030;NA;-13;-13;Percent;Conditional;BAU;;NA;115.332562;;BAU 2030 22732 GgCO2eq;22.73;https://unfccc.int/sites/default/files/2024-12/BOTSWANA_NDC_2%20REPORT.pdf;;V3;New non-EU-27 observation added in V3;active;V3
BWA;NA;Botswana;Botswana;Sub-Saharan Africa;Upper middle income;2024;2016;2030;NA;-5;-5;Percent;Unconditional;BAU;;NA;135.133257;;BAU 2030 22732 GgCO2eq;22.73;https://unfccc.int/sites/default/files/2024-12/BOTSWANA_NDC_2%20REPORT.pdf;;V3;New non-EU-27 observation added in V3;active;V3
BWA;2010;Botswana;Botswana;Sub-Saharan Africa;Upper middle income;2016;2016;2030;NA;-15;-15;Percent;Unconditional;Baseline;;NA;-8.3089962;;;NA;https://unfccc.int/sites/default/files/NDC/2022-06/BOTSWANA.pdf;;V3;New non-EU-27 observation added in V3;active;V3
CAF;NA;Central African Republic;Central African Republic;Sub-Saharan Africa;Low income;2015;2015;2030;NA;-5;-5;Percent;Conditional;BAU;;NA;122.007541;;BAU 2030 17644 GgCO2eq;17.64;https://unfccc.int/sites/default/files/NDC/2022-06/CPDN_R%C3%A9publique%20Centrafricaine.pdf;;V3;New non-EU-27 observation added in V3;active;V3
CAF;NA;Central African Republic;Central African Republic;Sub-Saharan Africa;Low income;2022;2015;2025;NA;-9.03;-9.03;Percent;Unconditional;BAU;;NA;70.4092419;;BAU 2025 14141 GgCO2eq;14.14;https://unfccc.int/sites/default/files/NDC/2022-06/CDN%20Revis%C3%A9e%20RCA.pdf;;V3;New non-EU-27 observation added in V3;active;V3
CAF;NA;Central African Republic;Central African Republic;Sub-Saharan Africa;Low income;2022;2015;2025;NA;-14.64;-14.64;Percent;Conditional;BAU;;NA;59.9003286;;BAU 2025 14141 GgCO2eq;14.14;https://unfccc.int/sites/default/files/NDC/2022-06/CDN%20Revis%C3%A9e%20RCA.pdf;;V3;New non-EU-27 observation added in V3;active;V3
CAF;NA;Central African Republic;Central African Republic;Sub-Saharan Africa;Low income;2022;2015;2030;NA;-11.82;-11.82;Percent;Unconditional;BAU;;NA;106.069736;;BAU 2030 17644 GgCO2eq;17.64;https://unfccc.int/sites/default/files/NDC/2022-06/CDN%20Revis%C3%A9e%20RCA.pdf;;V3;New non-EU-27 observation added in V3;active;V3
CAF;NA;Central African Republic;Central African Republic;Sub-Saharan Africa;Low income;2015;2015;2050;NA;-25;-25;Percent;Conditional;BAU;;NA;87.7883335;;BAU 2050 18.9 MtCO2eq;18.9;https://unfccc.int/sites/default/files/NDC/2022-06/CPDN_R%C3%A9publique%20Centrafricaine.pdf;;V3;New non-EU-27 observation added in V3;active;V3
CAF;NA;Central African Republic;Central African Republic;Sub-Saharan Africa;Low income;2022;2015;2030;NA;-24.28;-24.28;Percent;Conditional;BAU;;NA;76.9516947;;BAU 2030 17644 GgCO2eq;17.64;https://unfccc.int/sites/default/files/NDC/2022-06/CDN%20Revis%C3%A9e%20RCA.pdf;;V3;New non-EU-27 observation added in V3;active;V3
CAN;2005;Canada;Canada;North America;High income;2025;2010;2035;-45;-50;-47.5;Percent;Unconditional;Baseline;;NA;-32.249664;;;NA;https://unfccc.int/sites/default/files/2025-02/Canada's%202035%20Nationally%20Determined%20Contribution_ENc.pdf;;V3;New non-EU-27 observation added in V3;active;V3
CAN;2005;Canada;Canada;North America;High income;2021;2010;2030;-40;-45;-42.5;Percent;Unconditional;Baseline;;NA;-25.797252;;;NA;https://unfccc.int/sites/default/files/NDC/2022-06/Canada%27s%20Enhanced%20NDC%20Submission1_FINAL%20EN.pdf;;V3;New non-EU-27 observation added in V3;active;V3
CAN;2005;Canada;Canada;North America;High income;2016;2010;2030;NA;-30;-30;Percent;Unconditional;Baseline;;NA;-9.6662193;;;NA;https://unfccc.int/sites/default/files/NDC/2022-06/INDC%20-%20Canada%20-%20English.pdf;;V3;New non-EU-27 observation added in V3;active;V3
CAN;2005;Canada;Canada;North America;High income;2010;2010;2020;NA;-17;-17;Percent;Unconditional;Baseline;;NA;7.11005423;;;NA;https://unfccc.int/files/meetings/cop_15/copenhagen_accord/application/pdf/canadacphaccord_app1.pdf;;V3;New non-EU-27 observation added in V3;active;V3
CAN;1990;Canada;Canada;North America;High income;2021;2010;2050;NA;-100;-100;Percent;Unconditional;Baseline;Net zero;NA;-100;;;NA;https://unfccc.int/sites/default/files/NDC/2022-06/Canada%27s%20Enhanced%20NDC%20Submission1_FINAL%20EN.pdf;;V3;New non-EU-27 observation added in V3;active;V3
CHE;1990;Switzerland;Switzerland;Europe & Central Asia;High income;2010;1997;2020;NA;-20;-20;Percent;Unconditional;Baseline;;NA;-20;;;NA;https://unfccc.int/files/kyoto_protocol/application/pdf/kp_doha_amendment_english.pdf;;V3;New non-EU-27 observation added in V3;active;V3
CHE;1990;Switzerland;Switzerland;Europe & Central Asia;High income;2025;1997;2035;-65;NA;-65;Percent;Unconditional;Baseline;;NA;-65;;;NA;https://unfccc.int/sites/default/files/2025-01/Switzerland%20second%20NDC%202031-2035.pdf;;V3;New non-EU-27 observation added in V3;active;V3
CHE;1990;Switzerland;Switzerland;Europe & Central Asia;High income;2020;1997;2050;NA;-100;-100;Percent;Unconditional;Baseline;Net zero;NA;-100;;;NA;https://unfccc.int/sites/default/files/NDC/2022-06/Switzerland_Full%20NDC%20Communication%202021-2030%20incl%20ICTU.pdf;;V3;New non-EU-27 observation added in V3;active;V3
CHE;1990;Switzerland;Switzerland;Europe & Central Asia;High income;1997;1997;2012;NA;-8;-8;Percent;Unconditional;Baseline;;NA;-8;;;NA;https://www.eea.europa.eu/publications/progress-towards-kyoto;;V3;New non-EU-27 observation added in V3;active;V3
CHE;1990;Switzerland;Switzerland;Europe & Central Asia;High income;2015;1997;2030;NA;-50;-50;Percent;Unconditional;Baseline;;NA;-50;;;NA;https://unfccc.int/sites/default/files/NDC/2022-06/15%2002%2027_INDC%20Contribution%20of%20Switzerland.pdf;;V3;New non-EU-27 observation added in V3;active;V3
CHL;NA;Chile;Chile;Latin America & Caribbean;High income;2010;2010;2020;NA;-20;-20;Percent;Conditional;BAU;;NA;58.115151;;BAU 2020 115 MtCO2eq;115;https://climateactiontracker.org/media/documents/2018/4/CAT_2013-11-20_CountryAssessment_Chile.pdf;;V3;New non-EU-27 observation added in V3;active;V3
CHL;1990;Chile;Chile;Latin America & Caribbean;High income;2020;2010;2050;NA;-100;-100;Percent;Unconditional;Baseline;Carbon neutrality;NA;-100;;;NA;https://unfccc.int/sites/default/files/NDC/2022-06/Chile%27s_NDC_2020_english.pdf;;V3;New non-EU-27 observation added in V3;active;V3
CHL;NA;Chile;Chile;Latin America & Caribbean;High income;2020;2010;2030;NA;95;95;MtCO2eq;Unconditional;Trajectory;;NA;63.2710798;;;NA;https://unfccc.int/sites/default/files/NDC/2022-06/Chile%27s_NDC_2020_english.pdf;;V3;New non-EU-27 observation added in V3;active;V3
CHN;2005;China;China;East Asia & Pacific;Upper middle income;2021;2010;2030;-60;NA;-60;Percent per GDP;Unconditional;Intensity;;109;109;Only CO2;;;;;V3;New non-EU-27 observation added in V3;active;V3
CHN;1990;China;China;East Asia & Pacific;Upper middle income;2021;2010;2060;NA;-100;-100;Percent;Unconditional;Baseline;Carbon neutrality;NA;-100;;;NA;https://unfccc.int/sites/default/files/NDC/2022-06/China%E2%80%99s%20Achievements%2C%20New%20Goals%20and%20New%20Measures%20for%20Nationally%20Determined%20Contributions.pdf;;V3;New non-EU-27 observation added in V3;active;V3
CHN;2005;China;China;East Asia & Pacific;Upper middle income;2010;2010;2020;-40;-45;-42.5;Percent per GDP;Unconditional;Intensity;;NA;NA;Only CO2;NA;NA;https://unfccc.int/files/meetings/cop_15/copenhagen_accord/application/pdf/chinacphaccord_app2.pdf;;V3;New non-EU-27 observation added in V3;active;V3
CHN;2005;China;China;East Asia & Pacific;Upper middle income;2015;2010;2030;-60;-65;-62.5;Percent per GDP;Unconditional;Intensity;;122;122;Only CO2;NA;NA;https://unfccc.int/sites/default/files/NDC/2022-06/China%E2%80%99s%20Achievements%2C%20New%20Goals%20and%20New%20Measures%20for%20Nationally%20Determined%20Contributions.pdf;https://climateactiontracker.org/countries/china/targets/;V3;New non-EU-27 observation added in V3;active;V3
CIV;NA;Cote d'Ivoire;Cote d'Ivoire;Sub-Saharan Africa;Lower middle income;2022;2015;2030;NA;-30.41;-30.41;Percent;Unconditional;BAU;;NA;722.495165;;BAU 2030 121.44 MtCO2eq;121.44;https://unfccc.int/sites/default/files/NDC/2022-06/CDN_CIV_2022.pdf;;V3;New non-EU-27 observation added in V3;active;V3
CIV;NA;Cote d'Ivoire;Cote d'Ivoire;Sub-Saharan Africa;Lower middle income;2015;2015;2030;NA;-28;-28;Percent;Unconditional;BAU;;NA;140.003641;;BAU 2030 34253.25 ktCO2eq;34.25;https://www4.unfccc.int/sites/submissions/INDC/Published%20Documents/C%C3%B4te%20d'Ivoire/1/Document_INDC_CI_22092015.pdf;;V3;New non-EU-27 observation added in V3;active;V3
CIV;NA;Cote d'Ivoire;Cote d'Ivoire;Sub-Saharan Africa;Lower middle income;2022;2015;2030;NA;-98.95;-98.95;Percent;Conditional;BAU;;NA;-87.589885;;BAU 2030 121.44 MtCO2eq;121.44;https://unfccc.int/sites/default/files/NDC/2022-06/CDN_CIV_2022.pdf;;V3;New non-EU-27 observation added in V3;active;V3
CMR;NA;Cameroon;Cameroon;Sub-Saharan Africa;Lower middle income;2021;2015;2030;NA;-12;-12;Percent;Unconditional;BAU;;NA;251.12918;;BAU 2030 119085 GgCO2 Eq;119.09;https://unfccc.int/sites/default/files/NDC/2022-06/CDN%20r%C3%A9vis%C3%A9e%20CMR%20finale%20sept%202021.pdf;;V3;New non-EU-27 observation added in V3;active;V3
CMR;NA;Cameroon;Cameroon;Sub-Saharan Africa;Lower middle income;2015;2015;2035;NA;-32;-32;Percent;Conditional;BAU;;NA;136.946996;;BAU 2035 104 MtCO2eq;104;https://www4.unfccc.int/sites/submissions/INDC/Published%20Documents/Cameroon/1/CPDN%20CMR%20Final.pdf;;V3;New non-EU-27 observation added in V3;active;V3
CMR;NA;Cameroon;Cameroon;Sub-Saharan Africa;Lower middle income;2021;2015;2030;NA;-35;-35;Percent;Conditional;BAU;;NA;159.356781;;BAU 2030 119085 GgCO2 Eq;119.09;https://unfccc.int/sites/default/files/NDC/2022-06/CDN%20r%C3%A9vis%C3%A9e%20CMR%20finale%20sept%202021.pdf;;V3;New non-EU-27 observation added in V3;active;V3
COD;NA;Congo (Democratic Republic of the);Congo, Dem Rep;Sub-Saharan Africa;Low income;2015;2015;2030;NA;-17;-17;Percent;Conditional;BAU;;NA;1301.87889;;BAU 2030 430 Mt CO2eq;430;https://www4.unfccc.int/sites/submissions/INDC/Published%20Documents/Democratic%20Republic%20of%20the%20Congo/1/CPDN%20-%20R%C3%A9p%20D%C3%A9m%20du%20Congo.pdf;;V3;New non-EU-27 observation added in V3;active;V3
COD;NA;Congo (Democratic Republic of the);Congo, Dem Rep;Sub-Saharan Africa;Low income;2021;2015;2030;NA;-21;-21;Percent;Conditional;BAU;;NA;1234.31846;;BAU 2030 430 Mt CO2eq;430;https://unfccc.int/sites/default/files/NDC/2022-06/CDN%20Revis%C3%A9e%20de%20la%20RDC.pdf;;V3;New non-EU-27 observation added in V3;active;V3
COD;NA;Congo (Democratic Republic of the);Congo, Dem Rep;Sub-Saharan Africa;Low income;2021;2015;2030;NA;-2;-2;Percent;Unconditional;BAU;;NA;1555.23049;;BAU 2030 430 Mt CO2eq;430;https://unfccc.int/sites/default/files/NDC/2022-06/CDN%20Revis%C3%A9e%20de%20la%20RDC.pdf;;V3;New non-EU-27 observation added in V3;active;V3
COG;NA;Congo;Congo, Rep.;Sub-Saharan Africa;Lower middle income;2015;2015;2030;-55;NA;-55;Percent;Conditional;BAU;;NA;45.0759652;;BAU 2030 35 MtCO2eq;35;https://unfccc.int/sites/default/files/NDC/2022-06/NDC_Congo_RAPPORT.pdf;;V3;New non-EU-27 observation added in V3;active;V3
COG;NA;Congo;Congo, Rep.;Sub-Saharan Africa;Lower middle income;2021;2015;2030;NA;-32.19;-32.19;Percent;Conditional;BAU;;NA;-4.5596531;;BAU 2030 15279.32 ktCO2eq;15.28;https://unfccc.int/sites/default/files/NDC/2022-06/CDN_Congo.pdf;;V3;New non-EU-27 observation added in V3;active;V3
COG;NA;Congo;Congo, Rep.;Sub-Saharan Africa;Lower middle income;2021;2015;2025;NA;-17.09;-17.09;Percent;Unconditional;BAU;;NA;0.65543635;;BAU 2025 13181.2 ktCO2eq;13.18;https://unfccc.int/sites/default/files/NDC/2022-06/CDN_Congo.pdf;;V3;New non-EU-27 observation added in V3;active;V3
COG;NA;Congo;Congo, Rep.;Sub-Saharan Africa;Lower middle income;2021;2015;2030;NA;-21.46;-21.46;Percent;Unconditional;BAU;;NA;10.5424693;;BAU 2030 15279.32 ktCO2eq;15.28;https://unfccc.int/sites/default/files/NDC/2022-06/CDN_Congo.pdf;;V3;New non-EU-27 observation added in V3;active;V3
COG;NA;Congo;Congo, Rep.;Sub-Saharan Africa;Lower middle income;2021;2015;2025;NA;-39.88;-39.88;Percent;Conditional;BAU;;NA;-27.012365;;BAU 2025 13181.2 ktCO2eq;13.18;https://unfccc.int/sites/default/files/NDC/2022-06/CDN_Congo.pdf;;V3;New non-EU-27 observation added in V3;active;V3
COG;NA;Congo;Congo, Rep.;Sub-Saharan Africa;Lower middle income;2015;2015;2025;-48;NA;-48;Percent;Conditional;BAU;;NA;-18.573236;;BAU 2025 17 MtCO2eq;17;https://unfccc.int/sites/default/files/NDC/2022-06/NDC_Congo_RAPPORT.pdf;;V3;New non-EU-27 observation added in V3;active;V3
COL;NA;Colombia;Colombia;Latin America & Caribbean;Upper middle income;2015;2015;2030;NA;-30;-30;Percent;Conditional;BAU;;NA;68.917336;;BAU 2030 325 MtCO2eq;325;https://www4.unfccc.int/sites/submissions/INDC/Published%20Documents/Colombia/1/INDC%20Colombia.pdf;;V3;New non-EU-27 observation added in V3;active;V3
COL;NA;Colombia;Colombia;Latin America & Caribbean;Upper middle income;2015;2015;2030;NA;-20;-20;Percent;Unconditional;BAU;;NA;93.048384;;BAU 2030 325 MtCO2eq;325;https://www4.unfccc.int/sites/submissions/INDC/Published%20Documents/Colombia/1/INDC%20Colombia.pdf;;V3;New non-EU-27 observation added in V3;active;V3
COL;1990;Colombia;Colombia;Latin America & Caribbean;Upper middle income;2020;2015;2050;NA;-100;-100;Percent;Unconditional;Baseline;Carbon neutrality;NA;-100;;;NA;https://climate-laws.org/document/long-term-strategy-e2050_db4e;;V3;New non-EU-27 observation added in V3;active;V3
COL;NA;Colombia;Colombia;Latin America & Caribbean;Upper middle income;2020;2015;2030;NA;169.44;169.44;MtCO2eq;Unconditional;Trajectory;;NA;25.8081468;;;NA;https://unfccc.int/sites/default/files/NDC/2022-06/Adjunto%202.%20%20Medidas%20de%20mitigaci%C3%B3n_NDC%20de%20Colombia%202020.pdf;;V3;New non-EU-27 observation added in V3;active;V3
COM;NA;Comoros;Comoros;Sub-Saharan Africa;Lower middle income;2021;2015;2030;NA;-23;-23;Percent;Unconditional;BAU;;NA;194.322856;Excluding LULUCF;BAU 2030 1260 ktCO2eq;1.26;https://unfccc.int/sites/default/files/NDC/2022-06/CDN_r%C3%A9vis%C3%A9e_Comores_vf.pdf;;V3;New non-EU-27 observation added in V3;active;V3
COM;1990;Comoros;Comoros;Sub-Saharan Africa;Lower middle income;2021;2015;2030;NA;-100;-100;Percent;Unconditional;Baseline;Carbon neutrality;NA;-100;;;NA;https://www.climatewatchdata.org/ndcs/country/COM/full?document=revised_first_ndc-EN;;V3;New non-EU-27 observation added in V3;active;V3
COM;NA;Comoros;Comoros;Sub-Saharan Africa;Lower middle income;2015;2015;2030;NA;-84;-84;Percent;Unconditional;BAU;;NA;-74.760192;Excluding LULUCF;BAU 2030 523100 tCO2eq;0.52;https://unfccc.int/sites/default/files/NDC/2022-06/INDC_Comores_Version_Francaise.pdf;;V3;New non-EU-27 observation added in V3;active;V3
CPV;NA;Cape Verde;Cape Verde;Sub-Saharan Africa;Lower middle income;2021;2021;2030;NA;-24;-24;Percent;Conditional;BAU;;NA;256.049853;;BAU 2030 1 MtCO2eq (from a graph);1;https://unfccc.int/sites/default/files/NDC/2022-06/Cabo%20Verde_NDC%20Update%202021.pdf;;V3;New non-EU-27 observation added in V3;active;V3
CPV;NA;Cape Verde;Cape Verde;Sub-Saharan Africa;Lower middle income;2021;2021;2030;NA;-18;-18;Percent;Unconditional;BAU;;NA;284.159052;;BAU 2030 1 MtCO2eq (from a graph);1;https://unfccc.int/sites/default/files/NDC/2022-06/Cabo%20Verde_NDC%20Update%202021.pdf;;V3;New non-EU-27 observation added in V3;active;V3
CPV;1990;Cape Verde;Cape Verde;Sub-Saharan Africa;Lower middle income;2021;2021;2050;NA;-100;-100;Percent;Unconditional;Baseline;Net zero;NA;-100;;;NA;https://www.climatewatchdata.org/ndcs/country/CPV?document=revised_first_ndc;;V3;New non-EU-27 observation added in V3;active;V3
CRI;1990;Costa Rica;Costa Rica;Latin America & Caribbean;Upper middle income;2020;2015;2050;NA;-100;-100;Percent;Unconditional;Baseline;Carbon neutrality;NA;-100;;;NA;https://unfccc.int/sites/default/files/NDC/2022-06/Contribucio%CC%81n%20Nacionalmente%20Determinada%20de%20Costa%20Rica%202020%20-%20Versio%CC%81n%20Completa.pdf;;V3;New non-EU-27 observation added in V3;active;V3
CRI;NA;Costa Rica;Costa Rica;Latin America & Caribbean;Upper middle income;2020;2015;2030;NA;9.11;9.11;MtCO2eq;Unconditional;Trajectory;;NA;-5.3895716;;;NA;https://unfccc.int/sites/default/files/NDC/2022-06/INDC%20Costa%20Rica%20Version%202%200%20final%20ES.pdf;;V3;New non-EU-27 observation added in V3;active;V3
CRI;NA;Costa Rica;Costa Rica;Latin America & Caribbean;Upper middle income;2015;2015;2030;NA;9.374;9.374;MtCO2eq;Unconditional;Trajectory;;NA;-2.6478424;;;NA;https://unfccc.int/sites/default/files/NDC/2022-06/INDC%20Costa%20Rica%20Version%202%200%20final%20ES.pdf;;V3;New non-EU-27 observation added in V3;active;V3
CUB;NA;Cuba;Cuba;Latin America & Caribbean;Upper middle income;2020;2020;2030;NA;-8;-8;MtCO2eq reduction per year;Unconditional;BAU;;NA;NA;Only AFOLU during 2020-2030;NA;NA;https://unfccc.int/sites/default/files/NDC/2022-06/Cuban%20First%20NDC%20Summary%20%28Updated%20submission%29.pdf;;V3;New non-EU-27 observation added in V3;active;V3
CUB;NA;Cuba;Cuba;Latin America & Caribbean;Upper middle income;2020;2020;2030;NA;-730.6;-730.6;MtCO2eq reduction;Unconditional;BAU;;NA;NA;Only energy sector during 2014-2030;NA;NA;https://unfccc.int/sites/default/files/NDC/2022-06/Cuban%20First%20NDC%20Summary%20%28Updated%20submission%29.pdf;;V3;New non-EU-27 observation added in V3;active;V3
CYP;1990;Cyprus;Cyprus;Europe & Central Asia;High income;2023;2016;2050;NA;-100;-100;Percent;Unconditional;Baseline;Climate neutrality;NA;-100;;;NA;https://unfccc.int/documents/626523;;V1;;active;V1
CYP;2005;Cyprus;Cyprus;Europe & Central Asia;High income;2020;2016;2030;NA;-24;-24;Percent;Unconditional;Baseline;;NA;26.0826465;;;NA;https://unfccc.int/sites/default/files/NDC/2022-06/EU_NDC_Submission_December%202020.pdf;;V1;;active;V1
CYP;1990;Cyprus;Cyprus;Europe & Central Asia;High income;2016;2016;2020;NA;-20;-20;Percent;Unconditional;Baseline;;NA;-20;;;NA;https://unfccc.int/files/national_reports/biennial_reports_and_iar/submitted_biennial_reports/application/pdf/cyp_2016_v3.0_formatted.pdf;;V1;;active;V1
CYP;2005;Cyprus;Cyprus;Europe & Central Asia;High income;2023;2016;2030;NA;-32;-32;Percent;Unconditional;Baseline;;NA;12.810789;;;NA;https://unfccc.int/sites/default/files/NDC/2023-10/ES-2023-10-17%20EU%20submission%20NDC%20update.pdf;;V1;;active;V1
CYP;2005;Cyprus;Cyprus;Europe & Central Asia;High income;2018;2016;2030;NA;-24;-24;Percent;Unconditional;Baseline;;NA;26.0826465;;;NA;https://eur-lex.europa.eu/legal-content/EN/TXT/PDF/?uri=CELEX:32018R0842&from=EN;;V1;;active;V1
CZE;NA;Czechia;Czechia;Europe & Central Asia;High income;2017;1997;2050;NA;44;44;MtCO2eq;Unconditional;Trajectory;;NA;-77.997635;;;NA;https://climate-laws.org/documents/czechia-biennial-report-br-br-3-national-communication-nc-nc-7_41e3?q=czechia+ghg+target+&y=2016&y=2017&id=czechia-biennial-report-br-br-3-national-communication-nc-nc-7_15be;;V1;;active;V1
CZE;2005;Czechia;Czechia;Europe & Central Asia;High income;2023;1997;2030;NA;-26;-26;Percent;Unconditional;Baseline;;NA;-43.216485;;;NA;https://unfccc.int/sites/default/files/NDC/2023-10/ES-2023-10-17%20EU%20submission%20NDC%20update.pdf;;V1;;active;V1
CZE;1990;Czechia;Czechia;Europe & Central Asia;High income;1997;1997;2012;NA;-8;-8;Percent;Unconditional;Baseline;;NA;-8;;;NA;https://www.eea.europa.eu/publications/progress-towards-kyoto;;V1;;active;V1
CZE;2005;Czechia;Czechia;Europe & Central Asia;High income;2009;1997;2020;NA;9;9;Percent;Unconditional;Baseline;;NA;-16.359418;;;NA;https://eur-lex.europa.eu/LexUriServ/LexUriServ.do?uri=OJ:L:2009:140:0136:0148:EN:PDF;;V1;;active;V1
CZE;NA;Czechia;Czechia;Europe & Central Asia;High income;2017;1997;2040;NA;32;32;MtCO2eq;Unconditional;Trajectory;;NA;-83.99828;;;NA;https://climate-laws.org/documents/czechia-biennial-report-br-br-3-national-communication-nc-nc-7_41e3?q=czechia+ghg+target+&y=2016&y=2017&id=czechia-biennial-report-br-br-3-national-communication-nc-nc-7_15be;;V1;;active;V1
CZE;2005;Czechia;Czechia;Europe & Central Asia;High income;2018;1997;2030;NA;-14;-14;Percent;Unconditional;Baseline;;NA;-34.008348;;;NA;https://eur-lex.europa.eu/legal-content/EN/TXT/PDF/?uri=CELEX:32018R0842&from=EN;;V1;;active;V1
DEU;1990;Germany;Germany;Europe & Central Asia;High income;2020;1997;2035;NA;-77;-77;Percent;Unconditional;Baseline;;NA;-77;;;NA;https://www.deutschlandfunk.de/auf-dem-weg-zur-klimaneutralitaet-die-neuen-klimaziele-fuer-100.html;;V1;;active;V1
DEU;2005;Germany;Germany;Europe & Central Asia;High income;2023;1997;2030;NA;-50;-50;Percent;Unconditional;Baseline;;NA;-60.202313;;;NA;https://unfccc.int/sites/default/files/NDC/2023-10/ES-2023-10-17%20EU%20submission%20NDC%20update.pdf;;V1;;active;V1
DEU;1990;Germany;Germany;Europe & Central Asia;High income;2021;1997;2045;NA;-100;-100;Percent;Unconditional;Baseline;;NA;-100;;;NA;https://www.deutschlandfunk.de/auf-dem-weg-zur-klimaneutralitaet-die-neuen-klimaziele-fuer-100.html;;V1;;active;V1
DEU;1990;Germany;Germany;Europe & Central Asia;High income;2020;1997;2030;NA;-65;-65;Percent;Unconditional;Baseline;;NA;-65;;;NA;https://www.deutschlandfunk.de/auf-dem-weg-zur-klimaneutralitaet-die-neuen-klimaziele-fuer-100.html;;V1;;active;V1
DEU;1990;Germany;Germany;Europe & Central Asia;High income;2010;1997;2020;NA;-40;-40;Percent;Unconditional;Baseline;;NA;-40;;;NA;https://climate-laws.org/document/energy-concept-for-an-environmentally-sound-reliable-and-affordable-energy-supply_d84d?q=germany+ghg+targets&r=europe-central-asia&l=germany&y=2009&y=2010;;V1;;active;V1
DEU;1990;Germany;Germany;Europe & Central Asia;High income;2007;1997;2020;NA;-40;-40;Percent;Unconditional;Baseline;;NA;-40;;;NA;https://climate-laws.org/document/integrated-climate-and-energy-programme-iekp_1f17?q=germany+ghg+targets&r=europe-central-asia&l=germany&y=2007&y=2008;;V1;;active;V1
DEU;1990;Germany;Germany;Europe & Central Asia;High income;1997;1997;2012;NA;-21;-21;Percent;Unconditional;Baseline;;NA;-21;;;NA;https://www.eea.europa.eu/publications/progress-towards-kyoto;;V1;;active;V1
DEU;2005;Germany;Germany;Europe & Central Asia;High income;2018;1997;2030;NA;-38;-38;Percent;Unconditional;Baseline;;NA;-50.650868;;;NA;https://eur-lex.europa.eu/legal-content/EN/TXT/PDF/?uri=CELEX:32018R0842&from=EN;;V1;;active;V1
DEU;1990;Germany;Germany;Europe & Central Asia;High income;2020;1997;2040;NA;-88;-88;Percent;Unconditional;Baseline;Net zero;NA;-88;;;NA;https://www.deutschlandfunk.de/auf-dem-weg-zur-klimaneutralitaet-die-neuen-klimaziele-fuer-100.html;;V1;;active;V1
DEU;1990;Germany;Germany;Europe & Central Asia;High income;2010;1997;2040;NA;-70;-70;Percent;Unconditional;Baseline;;NA;-70;;;NA;https://climate-laws.org/document/energy-concept-for-an-environmentally-sound-reliable-and-affordable-energy-supply_d84d?q=germany+ghg+targets&r=europe-central-asia&l=germany&y=2009&y=2010;;V1;;active;V1
DEU;1990;Germany;Germany;Europe & Central Asia;High income;2010;1997;2050;-80;-95;-87.5;Percent;Unconditional;Baseline;;NA;-87.5;;;NA;https://climate-laws.org/document/energy-concept-for-an-environmentally-sound-reliable-and-affordable-energy-supply_d84d?q=germany+ghg+targets&r=europe-central-asia&l=germany&y=2009&y=2010;;V1;;active;V1
DEU;1990;Germany;Germany;Europe & Central Asia;High income;2010;1997;2030;NA;-55;-55;Percent;Unconditional;Baseline;;NA;-55;;;NA;https://climate-laws.org/document/energy-concept-for-an-environmentally-sound-reliable-and-affordable-energy-supply_d84d?q=germany+ghg+targets&r=europe-central-asia&l=germany&y=2009&y=2010;;V1;;active;V1
DJI;NA;Djibouti;Djibouti;Middle East & North Africa;Lower middle income;2015;2015;2030;NA;-60;-60;Percent;Conditional;BAU;;NA;-2.8345089;;BAU 2030 4475 ktCO2eq;4.48;https://www4.unfccc.int/sites/submissions/INDC/Published%20Documents/Djibouti/1/INDC-Djibouti_ENG.pdf;;V3;New non-EU-27 observation added in V3;active;V3
DJI;NA;Djibouti;Djibouti;Middle East & North Africa;Lower middle income;2015;2015;2030;NA;-40;-40;Percent;Unconditional;BAU;;NA;45.7482367;;BAU 2030 4475 ktCO2eq;4.48;https://www4.unfccc.int/sites/submissions/INDC/Published%20Documents/Djibouti/1/INDC-Djibouti_ENG.pdf;;V3;New non-EU-27 observation added in V3;active;V3
DMA;2014;Dominica;Dominica;Latin America & Caribbean;Upper middle income;2015;2015;2030;NA;-44.7;-44.7;Percent;Conditional;Baseline;;NA;-7.3286488;;;NA;https://www4.unfccc.int/sites/submissions/INDC/Published%20Documents/Dominica/1/Commonwealth%20of%20Dominica-%20Intended%20Nationally%20Determined%20Contributions%20(INDC).pdf;;V3;New non-EU-27 observation added in V3;active;V3
DMA;2014;Dominica;Dominica;Latin America & Caribbean;Upper middle income;2015;2015;2020;NA;-17.9;-17.9;Percent;Conditional;Baseline;;NA;37.5826028;;;NA;https://www4.unfccc.int/sites/submissions/INDC/Published%20Documents/Dominica/1/Commonwealth%20of%20Dominica-%20Intended%20Nationally%20Determined%20Contributions%20(INDC).pdf;;V3;New non-EU-27 observation added in V3;active;V3
DMA;1990;Dominica;Dominica;Latin America & Caribbean;Upper middle income;2020;2015;2030;NA;-100;-100;Percent;Unconditional;Baseline;Carbon neutrality;NA;-100;;;NA;https://cdn.climatepolicyradar.org/navigator/DMA/2020/dominica-climate-resilience-and-recovery-plan-2020-2030_6be7778ae868a2a1e7bd2e46e1e94a19.pdf;;V3;New non-EU-27 observation added in V3;active;V3
DMA;2014;Dominica;Dominica;Latin America & Caribbean;Upper middle income;2015;2015;2025;NA;-39.2;-39.2;Percent;Conditional;Baseline;;NA;1.88821253;;;NA;https://www4.unfccc.int/sites/submissions/INDC/Published%20Documents/Dominica/1/Commonwealth%20of%20Dominica-%20Intended%20Nationally%20Determined%20Contributions%20(INDC).pdf;;V3;New non-EU-27 observation added in V3;active;V3
DNK;2005;Denmark;Denmark;Europe & Central Asia;High income;2009;1997;2020;NA;-20;-20;Percent;Unconditional;Baseline;;NA;-23.441235;;;NA;https://eur-lex.europa.eu/LexUriServ/LexUriServ.do?uri=OJ:L:2009:140:0136:0148:EN:PDF;;V1;;active;V1
DNK;1990;Denmark;Denmark;Europe & Central Asia;High income;2020;1997;2030;NA;-70;-70;Percent;Unconditional;Baseline;;NA;-70;;;NA;https://climate-laws.org/document/the-climate-act_dae7?q=denmark+climate+target&y=2019&y=2024;;V1;;active;V1
DNK;1990;Denmark;Denmark;Europe & Central Asia;High income;2020;1997;2050;NA;-100;-100;Percent;Unconditional;Baseline;Climate neutrality;NA;-100;;;NA;https://unfccc.int/sites/default/files/resource/ClimateProgramme2020-Denmarks-LTS-under-the%20ParisAgreement_December2020_.pdf;;V1;;active;V1
DNK;1990;Denmark;Denmark;Europe & Central Asia;High income;1997;1997;2012;NA;-12;-12;Percent;Unconditional;Baseline;;NA;-12;;;NA;https://www.eea.europa.eu/publications/progress-towards-kyoto;;V1;;active;V1
DNK;2005;Denmark;Denmark;Europe & Central Asia;High income;2023;1997;2030;NA;-50;-50;Percent;Unconditional;Baseline;;NA;-52.150772;;;NA;https://unfccc.int/sites/default/files/NDC/2023-10/ES-2023-10-17%20EU%20submission%20NDC%20update.pdf;;V1;;active;V1
DNK;2005;Denmark;Denmark;Europe & Central Asia;High income;2018;1997;2030;NA;-39;-39;Percent;Unconditional;Baseline;;NA;-41.623942;;;NA;https://eur-lex.europa.eu/legal-content/EN/TXT/PDF/?uri=CELEX:32018R0842&from=EN;;V1;;active;V1
DOM;NA;Dominican Republic;Dominican Rep;Latin America & Caribbean;Upper middle income;2020;2015;2030;NA;-27;-27;Percent;Conditional;BAU;;NA;115.499548;;BAU 2030 51000 GgCO2eq;51;https://unfccc.int/sites/default/files/NDC/2022-06/Dominican%20Republic%20First%20NDC%20%28Updated%20Submission%29.pdf;;V3;New non-EU-27 observation added in V3;active;V3
DOM;2010;Dominican Republic;Dominican Rep;Latin America & Caribbean;Upper middle income;2015;2015;2030;NA;-25;-25;Percent per GDP;Conditional;Intensity;;NA;NA;;NA;NA;https://www4.unfccc.int/sites/submissions/INDC/Published%20Documents/Dominican%20Republic/1/INDC-DR%20August%202015%20(unofficial%20translation).pdf;;V3;New non-EU-27 observation added in V3;active;V3
DOM;1990;Dominican Republic;Dominican Rep;Latin America & Caribbean;Upper middle income;2020;2015;2030;NA;-100;-100;Percent;Unconditional;Baseline;Carbon neutrality;NA;-100;;;NA;https://www.climatewatchdata.org/ndcs/country/DOM/full?document=revised_first_ndc;;V3;New non-EU-27 observation added in V3;active;V3
DOM;NA;Dominican Republic;Dominican Rep;Latin America & Caribbean;Upper middle income;2020;2015;2030;NA;-7;-7;Percent;Unconditional;BAU;;NA;174.54052;;BAU 2030 51000 GgCO2eq;51;https://unfccc.int/sites/default/files/NDC/2022-06/Dominican%20Republic%20First%20NDC%20%28Updated%20Submission%29.pdf;;V3;New non-EU-27 observation added in V3;active;V3
DZA;NA;Algeria;Algeria;Middle East & North Africa;Upper middle income;2016;2016;2030;NA;-22;-22;Percent;Conditional;BAU;;NA;72.6550502;;BAU 2030 300 Mt CO2eq (from a graph without LULUCF);300;https://unfccc.int/sites/default/files/NDC/2022-06/Algeria%20-%20INDC%20%28English%20unofficial%20translation%29%20September%2003%2C2015.pdf;IMF Country Report No. 24/89 (Algeria);V3;New non-EU-27 observation added in V3;active;V3
DZA;NA;Algeria;Algeria;Middle East & North Africa;Upper middle income;2016;2016;2030;NA;-7;-7;Percent;Unconditional;BAU;;NA;105.857944;;BAU 2030 300 Mt CO2eq (from a graph without LULUCF);300;https://unfccc.int/sites/default/files/NDC/2022-06/Algeria%20-%20INDC%20%28English%20unofficial%20translation%29%20September%2003%2C2015.pdf;;V3;New non-EU-27 observation added in V3;active;V3
ECU;NA;Ecuador;Ecuador;Latin America & Caribbean;Upper middle income;2025;2019;2035;NA;-15;-15;Percent;Conditional;BAU;;NA;190.95467;;BAU 2035 130000 ktCO2eq (from a graph);130;https://unfccc.int/sites/default/files/2025-02/Segunda%20NDC%20de%20Ecuador.pdf;;V3;New non-EU-27 observation added in V3;active;V3
ECU;NA;Ecuador;Ecuador;Latin America & Caribbean;Upper middle income;2019;2019;2025;NA;-20.9;-20.9;Percent;Conditional;BAU;;NA;64.5381573;Energy, agriculture and industry;BAU 2025 79000 GgCO2eq (from a graph);79;https://unfccc.int/sites/default/files/NDC/2022-06/Primera%20NDC%20Ecuador.pdf;;V3;New non-EU-27 observation added in V3;active;V3
ECU;NA;Ecuador;Ecuador;Latin America & Caribbean;Upper middle income;2025;2019;2035;NA;-7;-7;Percent;Unconditional;BAU;;NA;218.338639;;BAU 2035 130000 ktCO2eq (from a graph);130;https://unfccc.int/sites/default/files/2025-02/Segunda%20NDC%20de%20Ecuador.pdf;;V3;New non-EU-27 observation added in V3;active;V3
ECU;NA;Ecuador;Ecuador;Latin America & Caribbean;Upper middle income;2019;2019;2025;NA;-9;-9;Percent;Unconditional;BAU;;NA;89.2916854;Energy, agriculture and industry;BAU 2025 79000 GgCO2eq (from a graph);79;https://unfccc.int/sites/default/files/NDC/2022-06/Primera%20NDC%20Ecuador.pdf;;V3;New non-EU-27 observation added in V3;active;V3
EGY;NA;Egypt;Egypt;Middle East & North Africa;Lower middle income;2023;2022;2030;NA;251.302;251.302;MTCO2eq;Unconditional;Trajectory;;NA;70.187353;Electricity, oil&gas, and transportation;;NA;https://unfccc.int/sites/default/files/NDC/2023-06/Egypts%20Updated%20First%20Nationally%20Determined%20Contribution%202030%20%28Second%20Update%29.pdf;;V3;New non-EU-27 observation added in V3;active;V3
EGY;NA;Egypt;Egypt;Middle East & North Africa;Lower middle income;2022;2022;2030;NA;261.912;261.912;MTCO2eq;Unconditional;Trajectory;;NA;77.3726831;Electricity, oil&gas, and transportation;;NA;https://unfccc.int/sites/default/files/NDC/2022-07/Egypt%20Updated%20NDC.pdf.pdf;;V3;New non-EU-27 observation added in V3;active;V3
ERI;NA;Eritrea;Eritrea;Sub-Saharan Africa;Low income;2018;2018;2025;NA;-6.2;-6.2;Percent;Unconditional;BAU;;NA;22.3910925;Emissions from fossil;BAU 2025 6096 ktCO2eq;6.1;https://unfccc.int/sites/default/files/NDC/2022-06/NRC%20Eritrea.pdf;;V3;New non-EU-27 observation added in V3;active;V3
ERI;NA;Eritrea;Eritrea;Sub-Saharan Africa;Low income;2018;2018;2030;NA;-12;-12;Percent;Unconditional;BAU;;NA;53.9760285;Emissions from fossil;BAU 2030 8183 ktCO2eq;8.18;https://unfccc.int/sites/default/files/NDC/2022-06/NRC%20Eritrea.pdf;;V3;New non-EU-27 observation added in V3;active;V3
ERI;NA;Eritrea;Eritrea;Sub-Saharan Africa;Low income;2018;2018;2020;NA;-12.6;-12.6;Percent;Conditional;BAU;;NA;-23.387343;Emissions from fossil;BAU 2020 4098 ktCO2eq;4.098;https://unfccc.int/sites/default/files/NDC/2022-06/NRC%20Eritrea.pdf;;V3;New non-EU-27 observation added in V3;active;V3
ERI;NA;Eritrea;Eritrea;Sub-Saharan Africa;Low income;2018;2018;2030;NA;-38.5;-38.5;Percent;Conditional;BAU;;NA;7.6082472;Emissions from fossil;BAU 2030 8183 ktCO2eq;8.18;https://unfccc.int/sites/default/files/NDC/2022-06/NRC%20Eritrea.pdf;;V3;New non-EU-27 observation added in V3;active;V3
ERI;NA;Eritrea;Eritrea;Sub-Saharan Africa;Low income;2018;2018;2020;NA;-4.2;-4.2;Percent;Unconditional;BAU;;NA;-16.024113;Emissions from fossil;BAU 2020 4098 ktCO2eq;4.098;https://unfccc.int/sites/default/files/NDC/2022-06/NRC%20Eritrea.pdf;;V3;New non-EU-27 observation added in V3;active;V3
ERI;NA;Eritrea;Eritrea;Sub-Saharan Africa;Low income;2018;2018;2025;NA;-24.9;-24.9;Percent;Conditional;BAU;;NA;-2.0088375;Emissions from fossil;BAU 2025 6096 ktCO2eq;6.1;https://unfccc.int/sites/default/files/NDC/2022-06/NRC%20Eritrea.pdf;;V3;New non-EU-27 observation added in V3;active;V3
ESP;2005;Spain;Spain;Europe & Central Asia;High income;2023;1997;2030;NA;-33.7;-33.7;Percent;Unconditional;Baseline;;NA;0.82567017;;;NA;https://unfccc.int/sites/default/files/NDC/2023-10/ES-2023-10-17%20EU%20submission%20NDC%20update.pdf;;V1;;active;V1
ESP;1990;Spain;Spain;Europe & Central Asia;High income;1997;1997;2012;NA;15;15;Percent;Unconditional;Baseline;;NA;15;;;NA;https://www.eea.europa.eu/publications/progress-towards-kyoto;;V1;;active;V1
ESP;1990;Spain;Spain;Europe & Central Asia;High income;2020;1997;2030;NA;-23;-23;Percent;Unconditional;Baseline;;NA;-23;;;NA;https://climate-laws.org/document/spain-s-integrated-national-energy-and-climate-plan-for-2021-2030_d10c;;V1;;active;V1
ESP;1990;Spain;Spain;Europe & Central Asia;High income;2021;1997;2050;NA;-100;-100;Percent;Unconditional;Baseline;Carbon neutrality;NA;-100;;;NA;https://climate-laws.org/document/energy-storage-strategy_42be?q=ghg+targets&l=spain;;V1;;active;V1
ESP;2005;Spain;Spain;Europe & Central Asia;High income;2018;1997;2030;NA;-26;-26;Percent;Unconditional;Baseline;;NA;12.5354388;;;NA;https://eur-lex.europa.eu/legal-content/EN/TXT/PDF/?uri=CELEX:32018R0842&from=EN;;V1;;active;V1
ESP;1990;Spain;Spain;Europe & Central Asia;High income;2020;1997;2050;NA;-90;-90;Percent;Unconditional;Baseline;;NA;-90;;;NA;https://climate-laws.org/document/long-term-decarbonisation-strategy-2050-elp-2050_0b6c?q=ghg+targets&l=spain;;V1;;active;V1
ESP;1990;Spain;Spain;Europe & Central Asia;High income;2021;1997;2030;NA;-55;-55;Percent;Unconditional;Baseline;;NA;-55;;;NA;https://climate-laws.org/document/energy-storage-strategy_42be?q=ghg+targets&l=spain;;V1;;active;V1
EST;1990;Estonia;Estonia;Europe & Central Asia;High income;2019;1997;2030;NA;-70;-70;Percent;Unconditional;Baseline;;NA;-70;;;NA;https://climate-laws.org/document/estonias-2030-national-energy-and-climate-plan_eb67?q=estonia+ghg+target+2030&y=2019&y=2024&r=europe-central-asia&l=estonia;;V1;;active;V1
EST;2005;Estonia;Estonia;Europe & Central Asia;High income;2023;1997;2030;NA;-24;-24;Percent;Unconditional;Baseline;;NA;-61.479984;;;NA;https://unfccc.int/sites/default/files/NDC/2023-10/ES-2023-10-17%20EU%20submission%20NDC%20update.pdf;;V1;;active;V1
EST;1999;Estonia;Estonia;Europe & Central Asia;High income;2004;1997;2010;NA;-21;-21;Percent;Unconditional;Baseline;;NA;-63.736063;;;NA;https://www.eea.europa.eu/soer/2010/countries/ee/climate-change-mitigation-national-responses-estonia;;V1;;active;V1
EST;1990;Estonia;Estonia;Europe & Central Asia;High income;2021;1997;2050;NA;-100;-100;Percent;Unconditional;Baseline;Climate neutrality;NA;-100;;;NA;https://www.europarl.europa.eu/thinktank/de/document/EPRS_BRI(2021)690684;;V1;;active;V1
EST;1990;Estonia;Estonia;Europe & Central Asia;High income;1997;1997;2012;NA;-8;-8;Percent;Unconditional;Baseline;;NA;-8;;;NA;https://www.eea.europa.eu/publications/progress-towards-kyoto;;V1;;active;V1
EST;2005;Estonia;Estonia;Europe & Central Asia;High income;2018;1997;2030;NA;-13;-13;Percent;Unconditional;Baseline;;NA;-55.904718;;;NA;https://eur-lex.europa.eu/legal-content/EN/TXT/PDF/?uri=CELEX:32018R0842&from=EN;;V1;;active;V1
EST;1990;Estonia;Estonia;Europe & Central Asia;High income;2011;1997;2050;NA;-80;-80;Percent;Unconditional;Baseline;;NA;-80;;;NA;https://climate-laws.org/document/estonia-2020-national-reform-programme_efb5;;V1;;active;V1
ETH;1990;Ethiopia;Ethiopia;Sub-Saharan Africa;Low income;2023;2015;2050;NA;-100;-100;Percent;Unconditional;Baseline;Net zero;NA;-100;;;NA;https://unfccc.int/sites/default/files/resource/ETHIOPIA_%20LONG%20TERM%20LOW%20EMISSION%20AND%20CLIMATE%20RESILIENT%20DEVELOPMENT%20STRATEGY.pdf;;V3;New non-EU-27 observation added in V3;active;V3
ETH;NA;Ethiopia;Ethiopia;Sub-Saharan Africa;Low income;2015;2015;2030;NA;-64;-64;Percent;Conditional;BAU;;NA;129.11598;;BAU 2030 400 MtCO2eq;400;https://www4.unfccc.int/sites/submissions/INDC/Published%20Documents/Ethiopia/1/INDC-Ethiopia-100615.pdf;;V3;New non-EU-27 observation added in V3;active;V3
ETH;NA;Ethiopia;Ethiopia;Sub-Saharan Africa;Low income;2021;2015;2030;-68.8;NA;-68.8;Percent;Conditional;BAU;;NA;100.304645;;BAU 2030 403.5 MtCO2eq;403.5;https://unfccc.int/sites/default/files/NDC/2022-06/Ethiopia%27s%20updated%20NDC%20JULY%202021%20Submission_.pdf;;V3;New non-EU-27 observation added in V3;active;V3
ETH;NA;Ethiopia;Ethiopia;Sub-Saharan Africa;Low income;2021;2015;2030;NA;-14;-14;Percent;Unconditional;BAU;;NA;452.121779;;BAU 2030 403.5 MtCO2eq;403.5;https://unfccc.int/sites/default/files/NDC/2022-06/Ethiopia%27s%20updated%20NDC%20JULY%202021%20Submission_.pdf;;V3;New non-EU-27 observation added in V3;active;V3
FIN;1990;Finland;Finland;Europe & Central Asia;High income;2019;1997;2035;NA;-100;-100;Percent;Unconditional;Baseline;Carbon neutrality;NA;-100;negative emissions;;NA;https://sdgs.un.org/partnerships/finland-will-achieve-carbon-neutrality-2035;;V1;;active;V1
FIN;1990;Finland;Finland;Europe & Central Asia;High income;2016;1997;2050;-80;-95;-87.5;Percent;Unconditional;Baseline;;NA;-87.5;;;NA;https://climate-laws.org/document/national-energy-and-climate-strategy-for-2030_b791?q=finland+2050+ghg+target;;V1;;active;V1
FIN;2005;Finland;Finland;Europe & Central Asia;High income;2018;1997;2030;NA;-39;-39;Percent;Unconditional;Baseline;;NA;-37.731727;;;NA;https://eur-lex.europa.eu/legal-content/EN/TXT/PDF/?uri=CELEX:32018R0842&from=EN;;V1;;active;V1
FIN;2016;Finland;Finland;Europe & Central Asia;High income;2016;1997;2030;NA;-39;-39;Percent;Unconditional;Baseline;;NA;-46.782857;;;NA;https://climate-laws.org/document/national-energy-and-climate-strategy-for-2030_b791?q=finland+2050+ghg+target;;V1;;active;V1
FIN;2005;Finland;Finland;Europe & Central Asia;High income;2023;1997;2030;NA;-50;-50;Percent;Unconditional;Baseline;;NA;-48.960432;;;NA;https://unfccc.int/sites/default/files/NDC/2023-10/ES-2023-10-17%20EU%20submission%20NDC%20update.pdf;;V1;;active;V1
FIN;1990;Finland;Finland;Europe & Central Asia;High income;1997;1997;2012;NA;0;0;Percent;Unconditional;Baseline;;NA;0;;;NA;https://www.eea.europa.eu/publications/progress-towards-kyoto;;V1;;active;V1
FJI;NA;Fiji;Fiji;East Asia & Pacific;Upper middle income;2015;2015;2030;NA;-10;-10;Percent;Unconditional;BAU;;NA;NA;Energy sector;BAU 2030 2500 GgCO2eq;2.5;https://www4.unfccc.int/sites/submissions/INDC/Published%20Documents/Fiji/1/FIJI_iNDC_Final_051115.pdf;;V3;New non-EU-27 observation added in V3;active;V3
FJI;1990;Fiji;Fiji;East Asia & Pacific;Upper middle income;2019;2015;2050;NA;-100;-100;Percent;Unconditional;Baseline;Net zero;NA;-100;;;NA;https://unfccc.int/sites/default/files/resource/Fiji_Low%20Emission%20Development%20%20Strategy%202018%20-%202050.pdf;;V3;New non-EU-27 observation added in V3;active;V3
FJI;NA;Fiji;Fiji;East Asia & Pacific;Upper middle income;2015;2015;2030;NA;-30;-30;Percent;Conditional;BAU;;NA;NA;Energy sector;BAU 2030 2500 GgCO2eq;2.5;https://www4.unfccc.int/sites/submissions/INDC/Published%20Documents/Fiji/1/FIJI_iNDC_Final_051115.pdf;;V3;New non-EU-27 observation added in V3;active;V3
FRA;1990;France;France;Europe & Central Asia;High income;2015;1997;2050;NA;-75;-75;Percent;Unconditional;Baseline;;NA;-75;;;NA;https://climate-laws.org/document/law-no-2015-992-on-energy-transition-for-green-growth-energy-transition-law_aea3?q=france+2050+ghg&r=europe-central-asia&l=france&y=2010&y=2015;;V1;;active;V1
FRA;1990;France;France;Europe & Central Asia;High income;2015;1997;2030;NA;-40;-40;Percent;Unconditional;Baseline;;NA;-40;;;NA;https://climate-laws.org/document/law-no-2015-992-on-energy-transition-for-green-growth-energy-transition-law_aea3?q=france+2050+ghg&r=europe-central-asia&l=france&y=2010&y=2015;;V1;;active;V1
FRA;2010;France;France;Europe & Central Asia;High income;2010;1997;2020;NA;-50;-50;Percent;Unconditional;Baseline;;NA;-52.080946;;;NA;https://climate-laws.org/document/grenelle-ii_9b8a?q=france+2050+ghg&r=europe-central-asia&l=france&y=2005&y=2010;;V1;;active;V1
FRA;1990;France;France;Europe & Central Asia;High income;2019;1997;2050;NA;-100;-100;Percent;Unconditional;Baseline;Carbon neutrality;NA;-100;;;NA;https://climate-laws.org/document/law-no-2019-1147-on-energy-and-the-climate_64b3?q=france+2050+ghg&r=europe-central-asia&l=france&y=2019&y=2020;;V1;;active;V1
FRA;2005;France;France;Europe & Central Asia;High income;2023;1997;2030;NA;-47.5;-47.5;Percent;Unconditional;Baseline;;NA;-46.519693;;;NA;https://unfccc.int/sites/default/files/NDC/2023-10/ES-2023-10-17%20EU%20submission%20NDC%20update.pdf;;V1;;active;V1
FRA;1990;France;France;Europe & Central Asia;High income;1997;1997;2012;NA;0;0;Percent;Unconditional;Baseline;;NA;0;;;NA;https://www.eea.europa.eu/publications/progress-towards-kyoto;;V1;;active;V1
FRA;2005;France;France;Europe & Central Asia;High income;2018;1997;2030;NA;-37;-37;Percent;Unconditional;Baseline;;NA;-35.823631;;;NA;https://eur-lex.europa.eu/legal-content/EN/TXT/PDF/?uri=CELEX:32018R0842&from=EN;;V1;;active;V1
FRA;2005;France;France;Europe & Central Asia;High income;2006;1997;2050;NA;-75;-75;Percent;Unconditional;Baseline;;NA;-74.533187;;;NA;https://climate-laws.org/document/energy-policy-framework-pope-no-2005-781_dc27?q=france+2050+ghg&r=europe-central-asia&l=france&y=2005&y=2007;;V1;;active;V1
FRA;1990;France;France;Europe & Central Asia;High income;2020;1997;2030;NA;-39.5;-39.5;Percent;Unconditional;Baseline;;NA;-39.5;;;NA;https://climate-laws.org/document/france-s-integrated-energy-and-climate-plan_6f6b?q=france+2050+ghg&r=europe-central-asia&l=france&y=2019&y=2020;;V1;;active;V1
FSM;1990;Micronesia (Federated States of);Micronesia;East Asia & Pacific;Lower middle income;2022;2015;2050;NA;-100;-100;Percent;Unconditional;Baseline;Net zero;NA;-100;;;NA;https://www.climatewatchdata.org/countries/FSM;;V3;New non-EU-27 observation added in V3;active;V3
FSM;2000;Micronesia (Federated States of);Micronesia;East Asia & Pacific;Lower middle income;2015;2015;2025;NA;-28;-28;Percent;Unconditional;Baseline;;NA;590.588133;;;NA;https://unfccc.int/sites/default/files/NDC/2022-06/Micronesia%20%28Federated%20State%20of%29%20First%20NDC.pdf;;V3;New non-EU-27 observation added in V3;active;V3
GAB;1990;Gabon;Gabon;Sub-Saharan Africa;Upper middle income;2022;2015;2050;NA;-100;-100;Percent;Conditional;Baseline;Carbon neutrality;NA;-100;Conditional neutrality;;NA;https://unfccc.int/sites/default/files/NDC/2022-07/20220706_Gabon_Updated%20NDC.pdf;;V3;New non-EU-27 observation added in V3;active;V3
GAB;NA;Gabon;Gabon;Sub-Saharan Africa;Upper middle income;2015;2015;2025;NA;-62;-62;Percent;Conditional;BAU;;NA;235.333368;;BAU 2025 180000 GgCO2eq (from a graph);180;https://www4.unfccc.int/sites/submissions/INDC/Published%20Documents/Gabon/1/20150331%20INDC%20Gabon.pdf;;V3;New non-EU-27 observation added in V3;active;V3
GBR;1990;United Kingdom of Great Britain and Northern Ireland;UK;Europe & Central Asia;High income;2008;1997;2050;NA;-80;-80;Percent;Unconditional;Baseline;;NA;-80;;;NA;https://climate-laws.org/document/climate-change-act-2008_47b4?q=ghg+targets&y=2004&y=2008&l=united-kingdom;;V3;New non-EU-27 observation added in V3;active;V3
GBR;1990;United Kingdom of Great Britain and Northern Ireland;UK;Europe & Central Asia;High income;1997;1997;2012;NA;-12.5;-12.5;Percent;Unconditional;Baseline;;NA;-12.5;;;NA;https://www.eea.europa.eu/publications/progress-towards-kyoto;;V3;New non-EU-27 observation added in V3;active;V3
GBR;1990;United Kingdom of Great Britain and Northern Ireland;UK;Europe & Central Asia;High income;2019;1997;2050;NA;-100;-100;Percent;Unconditional;Baseline;Net zero;NA;-100;;;NA;https://www.instituteforgovernment.org.uk/article/explainer/uk-net-zero-target#:~:text=In%20June%202019%2C%20parliament%20passed,to%201990%20levels%20by%202050.&text=Prior%20to%20this%2C%20the%20UK,1990%20levels%2C%20also%20by%202050.;;V3;New non-EU-27 observation added in V3;active;V3
GBR;1990;United Kingdom of Great Britain and Northern Ireland;UK;Europe & Central Asia;High income;2005;1997;2020;NA;-20;-20;Percent;Unconditional;Baseline;;NA;-20;;;NA;https://assets.publishing.service.gov.uk/media/5a7c98f040f0b6629523a8c9/6764.pdf;;V3;New non-EU-27 observation added in V3;active;V3
GBR;1990;United Kingdom of Great Britain and Northern Ireland;UK;Europe & Central Asia;High income;2022;1997;2030;NA;-68;-68;Percent;Unconditional;Baseline;;NA;-68;;;NA;https://unfccc.int/sites/default/files/NDC/2022-09/UK%20NDC%20ICTU%202022.pdf;;V3;New non-EU-27 observation added in V3;active;V3
GBR;1990;United Kingdom of Great Britain and Northern Ireland;UK;Europe & Central Asia;High income;2021;1997;2030;NA;-78;-78;Percent;Unconditional;Baseline;;NA;-78;;;NA;https://www.gov.uk/government/news/uk-enshrines-new-target-in-law-to-slash-emissions-by-78-by-2035;;V3;New non-EU-27 observation added in V3;active;V3
GBR;1990;United Kingdom of Great Britain and Northern Ireland;UK;Europe & Central Asia;High income;2025;1997;2035;NA;-81;-81;Percent;Unconditional;Baseline;;NA;-81;;;NA;https://unfccc.int/sites/default/files/2025-01/UK%27s%202035%20NDC%20ICTU.pdf;;V3;New non-EU-27 observation added in V3;active;V3
GBR;2005;United Kingdom of Great Britain and Northern Ireland;UK;Europe & Central Asia;High income;2018;1997;2030;NA;-37;-37;Percent;Unconditional;Baseline;;NA;-44.261102;;;NA;https://eur-lex.europa.eu/legal-content/EN/TXT/PDF/?uri=CELEX:32018R0842&from=EN;;V3;New non-EU-27 observation added in V3;active;V3
GEO;1990;Georgia;Georgia;Europe & Central Asia;Upper middle income;2023;2015;2050;NA;-100;-100;Percent;Unconditional;Baseline;Climate neutrality;NA;-100;;;NA;https://unfccc.int/sites/default/files/resource/Georgia%27s%20LT-LEDS%202023-eng.pdf;;V3;New non-EU-27 observation added in V3;active;V3
GEO;NA;Georgia;Georgia;Europe & Central Asia;Upper middle income;2015;2015;2030;NA;-25;-25;Percent;Conditional;BAU;;NA;-31.181264;;BAU 2030 38.42 MtCO2eq;38.42;https://www4.unfccc.int/sites/submissions/INDC/Published%20Documents/Georgia/1/INDC_of_Georgia.pdf;;V3;New non-EU-27 observation added in V3;active;V3
GEO;NA;Georgia;Georgia;Europe & Central Asia;Upper middle income;2015;2015;2030;NA;-15;-15;Percent;Unconditional;BAU;;NA;-22.005432;;BAU 2030 38.42 MtCO2eq;38.42;https://www4.unfccc.int/sites/submissions/INDC/Published%20Documents/Georgia/1/INDC_of_Georgia.pdf;;V3;New non-EU-27 observation added in V3;active;V3
GEO;1990;Georgia;Georgia;Europe & Central Asia;Upper middle income;2021;2015;2030;-50;-57;-53.5;Percent;Conditional;Baseline;;NA;-53.5;;;NA;https://unfccc.int/sites/default/files/NDC/2022-06/NDC%20Georgia_ENG%20WEB-approved.pdf;;V3;New non-EU-27 observation added in V3;active;V3
GEO;1990;Georgia;Georgia;Europe & Central Asia;Upper middle income;2021;2015;2030;NA;-35;-35;Percent;Unconditional;Baseline;;NA;-35;;;NA;https://unfccc.int/sites/default/files/NDC/2022-06/NDC%20Georgia_ENG%20WEB-approved.pdf;;V3;New non-EU-27 observation added in V3;active;V3
GHA;NA;Ghana;Ghana;Sub-Saharan Africa;Lower middle income;2021;2015;2030;NA;-39.4;-39.4;MtCO2eq reduction;Conditional;BAU;;233;233;During 2020-2030;BAU 2030 73.95 MtCO2eq;73.95;https://unfccc.int/sites/default/files/NDC/2022-06/Ghana%27s%20Updated%20Nationally%20Determined%20Contribution%20to%20the%20UNFCCC_2021.pdf;;V3;New non-EU-27 observation added in V3;active;V3
GHA;1990;Ghana;Ghana;Sub-Saharan Africa;Lower middle income;2023;2015;2060;NA;-100;-100;Percent;Unconditional;Baseline;Net zero;NA;-100;;;NA;https://www.seforall.org/system/files/2023-09/report-ghana-etip_WEB.pdf;;V3;New non-EU-27 observation added in V3;active;V3
GHA;1990;Ghana;Ghana;Sub-Saharan Africa;Lower middle income;2022;2015;2070;NA;-100;-100;Percent;Unconditional;Baseline;Net zero;NA;-100;;;NA;https://newsghana.com.gh/ghana-committed-to-achieving-net-zero-carbon-emission-by-2070-bawumia/;;V3;New non-EU-27 observation added in V3;active;V3
GHA;NA;Ghana;Ghana;Sub-Saharan Africa;Lower middle income;2015;2015;2030;NA;-45;-45;Percent;Conditional;BAU;;NA;291.728072;;BAU 2030 73.95 MtCO2eq;73.95;https://www4.unfccc.int/sites/submissions/INDC/Published%20Documents/Ghana/1/GH_INDC_2392015.pdf;;V3;New non-EU-27 observation added in V3;active;V3
GHA;NA;Ghana;Ghana;Sub-Saharan Africa;Lower middle income;2021;2015;2030;NA;-24.6;-24.6;MtCO2eq reduction;Unconditional;BAU;;375;375;During 2020-2030;BAU 2030 73.95 MtCO2eq;73.95;https://unfccc.int/sites/default/files/NDC/2022-06/Ghana%27s%20Updated%20Nationally%20Determined%20Contribution%20to%20the%20UNFCCC_2021.pdf;;V3;New non-EU-27 observation added in V3;active;V3
GHA;NA;Ghana;Ghana;Sub-Saharan Africa;Lower middle income;2015;2015;2030;NA;-15;-15;Percent;Unconditional;BAU;;NA;505.397929;;BAU 2030 73.95 MtCO2eq;73.95;https://www4.unfccc.int/sites/submissions/INDC/Published%20Documents/Ghana/1/GH_INDC_2392015.pdf;;V3;New non-EU-27 observation added in V3;active;V3
GIN;1994;Guinea;Guinea;Sub-Saharan Africa;Lower middle income;2015;2015;2030;NA;-13;-13;Percent;Conditional;Baseline;;NA;-5.4493983;Excluding LULUCF;;NA;https://unfccc.int/sites/default/files/NDC/2022-06/INDC_Guinea_english_version%20UNFCCC.pdf;;V3;New non-EU-27 observation added in V3;active;V3
GIN;NA;Guinea;Guinea;Sub-Saharan Africa;Lower middle income;2021;2015;2030;NA;-20;-20;Percent;Unconditional;BAU;;NA;137.754431;Excluding LULUCF;BAU 2030 23175 ktCO2eq;23.18;https://unfccc.int/sites/default/files/NDC/2022-06/CDN%20GUINEE%202021_REVISION_VF.pdf;;V3;New non-EU-27 observation added in V3;active;V3
GIN;NA;Guinea;Guinea;Sub-Saharan Africa;Lower middle income;2021;2015;2030;NA;-49;-49;Percent;Conditional;BAU;;NA;51.5684498;Excluding LULUCF;BAU 2030 23175 ktCO2eq;23.18;https://unfccc.int/sites/default/files/NDC/2022-06/CDN%20GUINEE%202021_REVISION_VF.pdf;;V3;New non-EU-27 observation added in V3;active;V3
GMB;1990;Gambia (Republic of The);Gambia;Sub-Saharan Africa;Low income;2021;2021;2050;NA;-100;-100;Percent;Unconditional;Baseline;Net zero;NA;-100;;;NA;https://faolex.fao.org/docs/pdf/gam208266.pdf;;V3;New non-EU-27 observation added in V3;active;V3
GMB;NA;Gambia (Republic of The);Gambia;Sub-Saharan Africa;Low income;2021;2021;2030;NA;-49.7;-49.7;Percent;Conditional;BAU;;NA;250.753906;;BAU 2030 6617 GgCO2eq;6.617;https://unfccc.int/sites/default/files/NDC/2022-06/Second%20NDC%20of%20The%20Republic%20of%20The%20Gambia-16-12-2021.pdf;;V3;New non-EU-27 observation added in V3;active;V3
GNB;NA;Guinea Bissau;Guinea Bissau;Sub-Saharan Africa;Low income;2021;2021;2030;NA;-30;-30;Percent;Conditional;BAU;;NA;669.394091;;BAU 2030 18.2 MtCO2eq;18.2;https://unfccc.int/sites/default/files/NDC/2022-06/NDC-Guinea%20Bissau-12102021.Final.pdf;;V3;New non-EU-27 observation added in V3;active;V3
GNB;NA;Guinea Bissau;Guinea Bissau;Sub-Saharan Africa;Low income;2021;2021;2030;NA;-10;-10;Percent;Unconditional;BAU;;NA;889.220974;;BAU 2030 18.2 MtCO2eq;18.2;https://unfccc.int/sites/default/files/NDC/2022-06/NDC-Guinea%20Bissau-12102021.Final.pdf;;V3;New non-EU-27 observation added in V3;active;V3
GNQ;2019;Equatorial Guinea;Equatorial Guinea;Sub-Saharan Africa;Upper middle income;2022;2018;2030;NA;-35;-35;Percent;Conditional;Baseline;;NA;3214.19444;;;NA;https://unfccc.int/sites/default/files/NDC/2022-10/CND-GuineaEcuatorial-Version2022-Actualizada.pdf;;V3;New non-EU-27 observation added in V3;active;V3
GNQ;2010;Equatorial Guinea;Equatorial Guinea;Sub-Saharan Africa;Upper middle income;2018;2018;2050;NA;-50;-50;Percent;Conditional;Baseline;;NA;3950.9101;;;NA;https://unfccc.int/sites/default/files/NDC/2022-06/Rep%C3%BAblica%20de%20Guinea%20Ecuatorial_INDC.pdf;;V3;New non-EU-27 observation added in V3;active;V3
GNQ;2010;Equatorial Guinea;Equatorial Guinea;Sub-Saharan Africa;Upper middle income;2018;2018;2030;NA;-20;-20;Percent;Conditional;Baseline;;NA;6381.45617;;;NA;https://unfccc.int/sites/default/files/NDC/2022-06/Rep%C3%BAblica%20de%20Guinea%20Ecuatorial_INDC.pdf;;V3;New non-EU-27 observation added in V3;active;V3
GNQ;2019;Equatorial Guinea;Equatorial Guinea;Sub-Saharan Africa;Upper middle income;2022;2018;2050;NA;-50;-50;Percent;Conditional;Baseline;;NA;2449.38034;;;NA;https://unfccc.int/sites/default/files/NDC/2022-10/CND-GuineaEcuatorial-Version2022-Actualizada.pdf;;V3;New non-EU-27 observation added in V3;active;V3
GRC;1990;Greece;Greece;Europe & Central Asia;High income;2022;1997;2050;NA;-100;-100;Percent;Unconditional;Baseline;Net zero;NA;-100;;;NA;https://cdn.climatepolicyradar.org/navigator/GRC/2022/national-climate-law-4936-2022-on-the-transition-to-climate-neutrality-and-adaptation-to-climate-change_968e8c9e58b21cb01a5c0bd547c7247f.pdf;;V1;;active;V1
GRC;1990;Greece;Greece;Europe & Central Asia;High income;2022;1997;2030;NA;-55;-55;Percent;Unconditional;Baseline;;NA;-55;;;NA;https://www.iea.org/reports/greece-2023/executive-summary;;V1;;active;V1
GRC;1990;Greece;Greece;Europe & Central Asia;High income;1997;1997;2012;NA;25;25;Percent;Unconditional;Baseline;;NA;25;;;NA;https://www.eea.europa.eu/publications/progress-towards-kyoto;;V1;;active;V1
GRC;2005;Greece;Greece;Europe & Central Asia;High income;2018;1997;2030;NA;-16;-16;Percent;Unconditional;Baseline;;NA;8.7081434;;;NA;https://eur-lex.europa.eu/legal-content/EN/TXT/PDF/?uri=CELEX:32018R0842&from=EN;;V1;;active;V1
GRC;2005;Greece;Greece;Europe & Central Asia;High income;2023;1997;2030;NA;-22.7;-22.7;Percent;Unconditional;Baseline;;NA;0.03737482;;;NA;https://unfccc.int/sites/default/files/NDC/2023-10/ES-2023-10-17%20EU%20submission%20NDC%20update.pdf;;V1;;active;V1
GRC;1990;Greece;Greece;Europe & Central Asia;High income;2022;1997;2040;NA;-80;-80;Percent;Unconditional;Baseline;;NA;-80;;;NA;https://www.iea.org/reports/greece-2023/executive-summary;;V1;;active;V1
GRD;2010;Grenada;Grenada;Latin America & Caribbean;Upper middle income;2016;2016;2030;NA;-40;-40;Percent;Conditional;Baseline;;NA;9.54694956;;;NA;https://unfccc.int/sites/default/files/NDC/2022-06/Grenada%20INDC.pdf;;V3;New non-EU-27 observation added in V3;active;V3
GRD;2010;Grenada;Grenada;Latin America & Caribbean;Upper middle income;2016;2016;2025;NA;-30;-30;Percent;Conditional;Baseline;;NA;27.8047745;;;NA;https://unfccc.int/sites/default/files/NDC/2022-06/Grenada%20INDC.pdf;;V3;New non-EU-27 observation added in V3;active;V3
GTM;NA;Guatemala;Guatemala;Latin America & Caribbean;Upper middle income;2017;2017;2030;NA;-22.6;-22.6;Percent;Conditional;BAU;;NA;218.092775;;BAU 2030 53.85 MtCO2eq;53.85;https://unfccc.int/sites/default/files/NDC/2022-06/Gobierno%20de%20Guatemala%20INDC-UNFCCC%20Sept%202015.pdf;;V3;New non-EU-27 observation added in V3;active;V3
GTM;NA;Guatemala;Guatemala;Latin America & Caribbean;Upper middle income;2017;2017;2030;NA;-11.2;-11.2;Percent;Unconditional;BAU;;NA;264.943648;;BAU 2030 53.85 MtCO2eq;53.85;https://unfccc.int/sites/default/files/NDC/2022-06/Gobierno%20de%20Guatemala%20INDC-UNFCCC%20Sept%202015.pdf;;V3;New non-EU-27 observation added in V3;active;V3
GUY;1990;Guyana;Guyana;Latin America & Caribbean;High income;2021;2021;2030;NA;-100;-100;Percent;Unconditional;Baseline;Net zero;NA;-100;Target already achieved and commit to maintain;;NA;https://dpi.gov.gy/guyana-in-full-support-of-net-zero-by-2050/;;V3;New non-EU-27 observation added in V3;active;V3
HND;NA;Honduras;Honduras;Latin America & Caribbean;Lower middle income;2016;2016;2030;NA;-15;-15;Percent;Conditional;BAU;;NA;13.0975602;Excluding LULUCF;BAU 2030 12142 ktCO2eq;12.14;https://unfccc.int/sites/default/files/NDC/2022-06/Honduras%20INDC_esp.pdf;;V3;New non-EU-27 observation added in V3;active;V3
HND;NA;Honduras;Honduras;Latin America & Caribbean;Lower middle income;2021;2016;2030;NA;-16;-16;Percent;Conditional;BAU;;NA;11.7670007;Excluding LULUCF;BAU 2030 12142 ktCO2eq;12.14;https://unfccc.int/sites/default/files/NDC/2022-06/NDC%20de%20Honduras_%20Primera%20Actualizaci%C3%B3n.pdf;;V3;New non-EU-27 observation added in V3;active;V3
HRV;1990;Croatia;Croatia;Europe & Central Asia;High income;2002;2002;2008;NA;-5;-5;Percent;Unconditional;Baseline;;NA;-5;;;NA;https://unfccc.int/resource/docs/natc/cronc1.pdf;;V1;;active;V1
HRV;1990;Croatia;Croatia;Europe & Central Asia;High income;2002;2002;2020;NA;-20;-20;Percent;Unconditional;Baseline;;NA;-20;;;NA;https://unfccc.int/files/national_reports/biennial_reports_and_iar/submitted_biennial_reports/application/pdf/copy_of_hrv_2016_v1_0-formatted.pdf;;V1;;active;V1
HRV;2005;Croatia;Croatia;Europe & Central Asia;High income;2023;2002;2030;NA;-16.7;-16.7;Percent;Unconditional;Baseline;;NA;-27.948566;;;NA;https://unfccc.int/sites/default/files/NDC/2023-10/ES-2023-10-17%20EU%20submission%20NDC%20update.pdf;;V1;;active;V1
HRV;1990;Croatia;Croatia;Europe & Central Asia;High income;2010;2002;2020;NA;-5;-5;Percent;Unconditional;Baseline;;NA;-5;;;NA;https://unfccc.int/files/meetings/cop_15/copenhagen_accord/application/pdf/croatiacphaccord_app1.pdf;;V1;;active;V1
HRV;1990;Croatia;Croatia;Europe & Central Asia;High income;2021;2002;2050;NA;-100;-100;Percent;Unconditional;Baseline;Climate neutrality;NA;-100;;;NA;https://mingor.gov.hr/UserDocsImages/klimatske_aktivnosti/odrzivi_razvoj/NUS/lts_nus_eng.pdf;;V1;;active;V1
"  https://www.europarl.europa.eu/RegData/etudes/BRIE/2025/769561/EPRS_BRI(2025)769561_EN.pdf""";;Y;;1;33448.3142;33448.3142;;;;;;;;;;;;;;;;;V3;New non-EU-27 observation added in V3;active;V3
HRV;2005;Croatia;Croatia;Europe & Central Asia;High income;2020;2002;2030;NA;-7;-7;Percent;Unconditional;Baseline;;NA;-19.558423;;;NA;https://unfccc.int/sites/default/files/NDC/2022-06/EU_NDC_Submission_December%202020.pdf;;V1;;active;V1
HRV;2005;Croatia;Croatia;Europe & Central Asia;High income;2018;2002;2030;NA;-7;-7;Percent;Unconditional;Baseline;;NA;-19.558423;;;NA;https://eur-lex.europa.eu/legal-content/EN/TXT/PDF/?uri=CELEX:32018R0842&from=EN;;V1;;active;V1
HTI;NA;Haiti;Haiti;Latin America & Caribbean;Lower middle income;2022;2015;2030;NA;-6.32;-6.32;Percent;Unconditional;BAU;;NA;142.592206;;BAU 2030 18970 ktCO2eq;18.97;https://unfccc.int/sites/default/files/NDC/2022-06/CDN%20Revisee%20Haiti%202022.pdf;;V3;New non-EU-27 observation added in V3;active;V3
HTI;NA;Haiti;Haiti;Latin America & Caribbean;Lower middle income;2015;2015;2030;NA;-26;-26;Percent;Conditional;BAU;;NA;112.135643;;BAU 2030 21 MtCO2eq (from a graph);21;https://www4.unfccc.int/sites/submissions/INDC/Published%20Documents/Haiti/1/CPDN_Republique%20d'Haiti.pdf;;V3;New non-EU-27 observation added in V3;active;V3
HTI;NA;Haiti;Haiti;Latin America & Caribbean;Lower middle income;2022;2015;2030;NA;-25.5;-25.5;Percent;Conditional;BAU;;NA;92.9239894;;BAU 2030 18970 ktCO2eq;18.97;https://unfccc.int/sites/default/files/NDC/2022-06/CDN%20Revisee%20Haiti%202022.pdf;;V3;New non-EU-27 observation added in V3;active;V3
HTI;NA;Haiti;Haiti;Latin America & Caribbean;Lower middle income;2015;2015;2030;NA;-5;-5;Percent;Unconditional;BAU;;NA;172.336298;;BAU 2030 21 MtCO2eq (from a graph);21;https://www4.unfccc.int/sites/submissions/INDC/Published%20Documents/Haiti/1/CPDN_Republique%20d'Haiti.pdf;;V3;New non-EU-27 observation added in V3;active;V3
HUN;1990;Hungary;Hungary;Europe & Central Asia;High income;1997;1997;2012;NA;-6;-6;Percent;Unconditional;Baseline;;NA;-6;;;NA;https://www.eea.europa.eu/publications/progress-towards-kyoto;;V1;;active;V1
HUN;1990;Hungary;Hungary;Europe & Central Asia;High income;2020;1997;2030;NA;-40;-40;Percent;Unconditional;Baseline;;NA;-40;;;NA;https://climate-laws.org/document/law-on-climate-protection_3a0f?q=hungary+ghg+target&r=europe-central-asia&l=hungary&y=2019&y=2024;;V1;;active;V1
HUN;2005;Hungary;Hungary;Europe & Central Asia;High income;2018;1997;2030;NA;-7;-7;Percent;Unconditional;Baseline;;NA;-23.391106;;;NA;https://eur-lex.europa.eu/legal-content/EN/TXT/PDF/?uri=CELEX:32018R0842&from=EN;;V1;;active;V1
HUN;2005;Hungary;Hungary;Europe & Central Asia;High income;2023;1997;2030;NA;-18.7;-18.7;Percent;Unconditional;Baseline;;NA;-33.028999;;;NA;https://unfccc.int/sites/default/files/NDC/2023-10/ES-2023-10-17%20EU%20submission%20NDC%20update.pdf;;V1;;active;V1
HUN;1990;Hungary;Hungary;Europe & Central Asia;High income;2020;1997;2050;NA;-100;-100;Percent;Unconditional;Baseline;Carbon neutrality;NA;-100;;;NA;https://climate-laws.org/document/law-on-climate-protection_3a0f?q=hungary+ghg+target&r=europe-central-asia&l=hungary&y=2019&y=2024;;V1;;active;V1
IDN;1990;Indonesia;Indonesia;East Asia & Pacific;Upper middle income;2022;2010;2060;NA;-100;-100;Percent;Unconditional;Baseline;Net zero;NA;-100;;;NA;https://www.climatewatchdata.org/ndcs/country/IDN/full?document=revised_first_ndc;;V3;New non-EU-27 observation added in V3;active;V3
IDN;NA;Indonesia;Indonesia;East Asia & Pacific;Upper middle income;2015;2010;2030;NA;-29;-29;Percent;Unconditional;BAU;;NA;415.113582;;BAU 2030 2.881 GtCO2eq;2881;https://www4.unfccc.int/sites/submissions/INDC/Published%20Documents/Indonesia/1/INDC_REPUBLIC%20OF%20INDONESIA.pdf;;V3;New non-EU-27 observation added in V3;active;V3
IDN;NA;Indonesia;Indonesia;East Asia & Pacific;Upper middle income;2022;2010;2030;NA;-31.89;-31.89;Percent;Unconditional;BAU;;NA;392.088054;;BAU 2030 2.869 GtCO2eq;2869;https://unfccc.int/sites/default/files/NDC/2022-09/23.09.2022_Enhanced%20NDC%20Indonesia.pdf;;V3;New non-EU-27 observation added in V3;active;V3
IDN;NA;Indonesia;Indonesia;East Asia & Pacific;Upper middle income;2015;2010;2030;NA;-41;-41;Percent;Conditional;BAU;;NA;328.052131;;BAU 2030 2.881 GtCO2eq;2881;https://www4.unfccc.int/sites/submissions/INDC/Published%20Documents/Indonesia/1/INDC_REPUBLIC%20OF%20INDONESIA.pdf;;V3;New non-EU-27 observation added in V3;active;V3
IDN;NA;Indonesia;Indonesia;East Asia & Pacific;Upper middle income;2022;2010;2030;NA;-43.2;-43.2;Percent;Conditional;BAU;;NA;310.374416;;BAU 2030 2.869 GtCO2eq;2869;https://unfccc.int/sites/default/files/NDC/2022-09/23.09.2022_Enhanced%20NDC%20Indonesia.pdf;;V3;New non-EU-27 observation added in V3;active;V3
IDN;1990;Indonesia;Indonesia;East Asia & Pacific;Upper middle income;2024;2010;2050;NA;-100;-100;Percent;Unconditional;Baseline;Net zero;NA;-100;;;NA;https://www.reuters.com/business/environment/indonesia-can-reach-net-zero-emissions-before-2050-president-says-2024-11-20/;;V3;New non-EU-27 observation added in V3;active;V3
IDN;1990;Indonesia;Indonesia;East Asia & Pacific;Upper middle income;2010;2010;2020;NA;-26;-26;Percent;Unconditional;Baseline;;NA;-26;;;NA;https://files.wri.org/s3fs-public/assessing_non_annex_i_pledges.pdf;;V3;New non-EU-27 observation added in V3;active;V3
IND;2005;India;India;South Asia;Lower middle income;2022;2010;2030;NA;-45;-45;Percent per GDP;Unconditional;Intensity;;303;303;;NA;NA;https://climateactiontracker.org/countries/india/targets/;https://climateactiontracker.org/countries/india/targets/;V3;New non-EU-27 observation added in V3;active;V3
IND;1990;India;India;South Asia;Lower middle income;2022;2010;2070;NA;-100;-100;Percent;Unconditional;Baseline;Net zero;NA;-100;;;NA;https://climateactiontracker.org/countries/india/targets/;;V3;New non-EU-27 observation added in V3;active;V3
IND;2005;India;India;South Asia;Lower middle income;2010;2010;2020;-20;-25;-22.5;Percent per GDP;Unconditional;Intensity;;NA;NA;;NA;NA;https://files.wri.org/s3fs-public/assessing_non_annex_i_pledges.pdf;;V3;New non-EU-27 observation added in V3;active;V3
IND;2005;India;India;South Asia;Lower middle income;2016;2010;2030;-33;-35;-34;Percent per GDP;Unconditional;Intensity;;385;385;;NA;NA;https://climateactiontracker.org/countries/india/targets/;https://climateactiontracker.org/countries/india/targets/;V3;New non-EU-27 observation added in V3;active;V3
IRL;1990;Ireland;Ireland;Europe & Central Asia;High income;1997;1997;2012;NA;13;13;Percent;Unconditional;Baseline;;NA;13;;;NA;https://www.eea.europa.eu/publications/progress-towards-kyoto;;V1;;active;V1
IRL;1990;Ireland;Ireland;Europe & Central Asia;High income;2007;1997;2050;NA;-80;-80;Percent;Unconditional;Baseline;;NA;-80;;;NA;https://climate-laws.org/document/energy-white-papers-on-delivering-a-sustainable-energy-future-for-ireland-the-energy-policy-framework-2007-2020_49b1?r=europe-central-asia&l=ireland&y=2007&y=2009&q=ghg+targets;;V1;;active;V1
IRL;2005;Ireland;Ireland;Europe & Central Asia;High income;2023;1997;2030;NA;-42;-42;Percent;Unconditional;Baseline;;NA;-22.989578;;;NA;https://unfccc.int/sites/default/files/NDC/2023-10/ES-2023-10-17%20EU%20submission%20NDC%20update.pdf;;V1;;active;V1
IRL;2005;Ireland;Ireland;Europe & Central Asia;High income;2018;1997;2030;NA;-30;-30;Percent;Unconditional;Baseline;;NA;-7.0563868;;;NA;https://eur-lex.europa.eu/legal-content/EN/TXT/PDF/?uri=CELEX:32018R0842&from=EN;;V1;;active;V1
IRL;1990;Ireland;Ireland;Europe & Central Asia;High income;2018;1997;2050;NA;-100;-100;Percent;Unconditional;Baseline;Net zero;NA;-100;;;NA;https://www.gov.ie/en/press-release/aecb3-government-publishes-new-climate-law-which-commits-ireland-to-net-zero-carbon-emissions-by-2050/;;V1;;active;V1
IRN;NA;Iran;Iran;Middle East & North Africa;Upper middle income;2015;2015;2030;NA;-12;-12;Percent;Conditional;BAU;;419;419;;NA;NA;https://www4.unfccc.int/sites/submissions/INDC/Published%20Documents/Iran/1/INDC%20Iran%20Final%20Text.pdf;https://climateactiontracker.org/countries/iran/targets/;V3;New non-EU-27 observation added in V3;active;V3
IRN;NA;Iran;Iran;Middle East & North Africa;Upper middle income;2015;2015;2030;NA;-4;-4;Percent;Unconditional;BAU;;466;466;;NA;NA;https://www4.unfccc.int/sites/submissions/INDC/Published%20Documents/Iran/1/INDC%20Iran%20Final%20Text.pdf;https://climateactiontracker.org/countries/iran/targets/;V3;New non-EU-27 observation added in V3;active;V3
IRQ;2021;Iraq;Iraq;Middle East & North Africa;Upper middle income;2021;2021;2030;-1;-2;-1.5;Percent;Unconditional;Baseline;;NA;92.2770919;NDC period during 2021-2030;;NA;https://unfccc.int/sites/default/files/NDC/2022-06/Iraq%20NDC%20Document.docx;;V3;New non-EU-27 observation added in V3;active;V3
IRQ;2021;Iraq;Iraq;Middle East & North Africa;Upper middle income;2021;2021;2030;NA;-15;-15;Percent;Conditional;Baseline;;NA;65.924394;NDC period during 2021-2030;;NA;https://unfccc.int/sites/default/files/NDC/2022-06/Iraq%20NDC%20Document.docx;;V3;New non-EU-27 observation added in V3;active;V3
ISL;1990;Iceland;Iceland;Europe & Central Asia;High income;2021;1997;2030;-55;NA;-55;Percent;Unconditional;Baseline;;NA;-55;;;NA;https://unfccc.int/sites/default/files/NDC/2022-06/Iceland_updated_NDC_Submission_Feb_2021.pdf;;V3;New non-EU-27 observation added in V3;active;V3
ISL;1990;Iceland;Iceland;Europe & Central Asia;High income;2016;1997;2030;NA;-40;-40;Percent;Unconditional;Baseline;;NA;-40;;;NA;https://climate-laws.org/documents/iceland-first-ndc-archived_47b9?q=ghg+target&r=europe-central-asia&l=iceland&y=2015&y=2017&id=iceland-first-ndc-archived_12c3;;V3;New non-EU-27 observation added in V3;active;V3
ISL;1990;Iceland;Iceland;Europe & Central Asia;High income;1997;1997;2012;NA;10;10;Percent;Unconditional;Baseline;;NA;10;;;NA;https://www.eea.europa.eu/publications/progress-towards-kyoto;;V3;New non-EU-27 observation added in V3;active;V3
ISL;1990;Iceland;Iceland;Europe & Central Asia;High income;2010;1997;2020;NA;-30;-30;Percent;Unconditional;Baseline;;NA;-30;;;NA;https://unfccc.int/files/meetings/cop_15/copenhagen_accord/application/pdf/icelandcphaccord_app1.pdf;;V3;New non-EU-27 observation added in V3;active;V3
ISL;1990;Iceland;Iceland;Europe & Central Asia;High income;2018;1997;2040;NA;-100;-100;Percent;Unconditional;Baseline;Carbon neutrality;NA;-100;;;NA;https://www.government.is/library/01-Ministries/Ministry-for-The-Environment/201004%20Umhverfisraduneytid%20Adgerdaaaetlun%20EN%20V2.pdf;;V3;New non-EU-27 observation added in V3;active;V3
ISR;2015;Israel;Israel;Middle East & North Africa;High income;2021;2010;2050;NA;-85;-85;Percent;Unconditional;Baseline;;NA;-70.452672;;;NA;https://www.reuters.com/world/middle-east/israel-reduce-greenhouse-gas-emissions-meet-global-target-2021-07-25/;;V3;New non-EU-27 observation added in V3;active;V3
ISR;NA;Israel;Israel;Middle East & North Africa;High income;2016;2010;2030;NA;7.7;7.7;tCO2eq per capita;Unconditional;Intensity;;87;87;;Population 2030 11.1 million;NA;https://climate-laws.org/document/israel-national-plan-for-the-implementation-of-the-paris-agreement_f9ab?q=ghg+target&r=&l=israel&y=2016&y=2018;https://www.gov.il/en/pages/israel-at-75-a-statistical-glimpse-24-apr-2023;V3;New non-EU-27 observation added in V3;active;V3
ISR;2015;Israel;Israel;Middle East & North Africa;High income;2021;2010;2030;NA;-27;-27;Percent;Unconditional;Baseline;;NA;43.7969961;;;NA;https://www.climatewatchdata.org/countries/ISR;;V3;New non-EU-27 observation added in V3;active;V3
ISR;1990;Israel;Israel;Middle East & North Africa;High income;2021;2010;2050;NA;-100;-100;Percent;Unconditional;Baseline;Net zero;NA;-100;;;NA;https://www.jpost.com/climate-change/cop26-israel-to-aim-for-zero-net-emissions-by-2050-683470;;V3;New non-EU-27 observation added in V3;active;V3
ISR;NA;Israel;Israel;Middle East & North Africa;High income;2010;2010;2020;NA;-20;-20;Percent;Unconditional;BAU;;NA;NA;;NA;NA;https://files.wri.org/s3fs-public/assessing_non_annex_i_pledges.pdf;;V3;New non-EU-27 observation added in V3;active;V3
ISR;NA;Israel;Israel;Middle East & North Africa;High income;2016;2010;2025;NA;8.8;8.8;tCO2eq per capita;Unconditional;Intensity;;113;113;;Population 2025 10.13 million;NA;https://climate-laws.org/document/israel-national-plan-for-the-implementation-of-the-paris-agreement_f9ab?q=ghg+target&r=&l=israel&y=2016&y=2018;https://www.statista.com/statistics/526560/total-population-of-israel/;V3;New non-EU-27 observation added in V3;active;V3
ITA;1990;Italy;Italy;Europe & Central Asia;High income;2021;1997;2050;NA;-100;-100;Percent;Unconditional;Baseline;Climate neutrality;NA;-100;;;NA;https://ec.europa.eu/clima/sites/lts/lts_it_it.pdf;;V1;;active;V1
ITA;2005;Italy;Italy;Europe & Central Asia;High income;2013;1997;2020;NA;-21;-21;Percent;Unconditional;Baseline;;NA;-10.385705;;;NA;https://climate-laws.org/document/national-energy-strategy_980b?q=ghg+target&r=europe-central-asia&l=italy&y=2013&y=2015;;V1;;active;V1
ITA;2005;Italy;Italy;Europe & Central Asia;High income;2018;1997;2030;NA;-33;-33;Percent;Unconditional;Baseline;;NA;-23.998003;;;NA;https://eur-lex.europa.eu/legal-content/EN/TXT/PDF/?uri=CELEX:32018R0842&from=EN;;V1;;active;V1
ITA;1990;Italy;Italy;Europe & Central Asia;High income;1997;1997;2012;NA;-6.5;-6.5;Percent;Unconditional;Baseline;;NA;-6.5;;;NA;https://www.eea.europa.eu/publications/progress-towards-kyoto;;V1;;active;V1
ITA;2005;Italy;Italy;Europe & Central Asia;High income;2023;1997;2030;NA;-43.7;-43.7;Percent;Unconditional;Baseline;;NA;-36.135635;;;NA;https://unfccc.int/sites/default/files/NDC/2023-10/ES-2023-10-17%20EU%20submission%20NDC%20update.pdf;;V1;;active;V1
JAM;NA;Jamaica;Jamaica;Latin America & Caribbean;Upper middle income;2015;2015;2030;NA;-7.8;-7.8;Percent;Unconditional;BAU;;NA;45.2720687;;BAU 2030 14492 ktCO2eq;14.492;https://unfccc.int/sites/default/files/NDC/2022-06/Jamaica%27s%20INDC_2015-11-25.pdf;;V3;New non-EU-27 observation added in V3;active;V3
JAM;NA;Jamaica;Jamaica;Latin America & Caribbean;Upper middle income;2015;2015;2030;NA;-10;-10;Percent;Conditional;BAU;;NA;41.805707;;BAU 2030 14492 ktCO2eq;14.492;https://unfccc.int/sites/default/files/NDC/2022-06/Jamaica%27s%20INDC_2015-11-25.pdf;;V3;New non-EU-27 observation added in V3;active;V3
JAM;NA;Jamaica;Jamaica;Latin America & Caribbean;Upper middle income;2020;2015;2030;NA;-28.5;-28.5;Percent;Conditional;BAU;;NA;-44.029213;;BAU 2030 7.2 MtCO2eq;7.2;https://unfccc.int/sites/default/files/NDC/2022-06/Updated%20NDC%20Jamaica%20-%20ICTU%20Guidance.pdf;;V3;New non-EU-27 observation added in V3;active;V3
JAM;NA;Jamaica;Jamaica;Latin America & Caribbean;Upper middle income;2020;2015;2030;NA;-25.4;-25.4;Percent;Unconditional;BAU;;NA;-41.602508;;BAU 2030 7.2 MtCO2eq;7.2;https://unfccc.int/sites/default/files/NDC/2022-06/Updated%20NDC%20Jamaica%20-%20ICTU%20Guidance.pdf;;V3;New non-EU-27 observation added in V3;active;V3
JOR;NA;Jordan;Jordan;Middle East & North Africa;Lower middle income;2015;2015;2030;NA;-1.5;-1.5;Percent;Unconditional;BAU;;NA;209.642259;;BAU 2030 38151 GgCO2eq;38.15;https://www4.unfccc.int/sites/submissions/INDC/Published%20Documents/Jordan/1/Jordan%20INDCs%20Final.pdf;;V3;New non-EU-27 observation added in V3;active;V3
JOR;NA;Jordan;Jordan;Middle East & North Africa;Lower middle income;2021;2015;2030;NA;-26;-26;Percent;Conditional;BAU;;NA;168.234809;;BAU 2030 43989 GgCO2eq;43.99;https://unfccc.int/sites/default/files/NDC/2022-06/UPDATED%20SUBMISSION%20OF%20JORDANS.pdf;;V3;New non-EU-27 observation added in V3;active;V3
JOR;NA;Jordan;Jordan;Middle East & North Africa;Lower middle income;2021;2015;2030;NA;-5;-5;Percent;Unconditional;BAU;;NA;244.355498;;BAU 2030 43989 GgCO2eq;43.99;https://unfccc.int/sites/default/files/NDC/2022-06/UPDATED%20SUBMISSION%20OF%20JORDANS.pdf;;V3;New non-EU-27 observation added in V3;active;V3
JOR;NA;Jordan;Jordan;Middle East & North Africa;Lower middle income;2015;2015;2030;NA;-14;-14;Percent;Conditional;BAU;;NA;170.347556;;BAU 2030 38151 GgCO2eq;38.15;https://www4.unfccc.int/sites/submissions/INDC/Published%20Documents/Jordan/1/Jordan%20INDCs%20Final.pdf;;V3;New non-EU-27 observation added in V3;active;V3
JPN;2013;Japan;Japan;East Asia & Pacific;High income;2025;1997;2040;NA;-73;-73;Percent;Unconditional;Baseline;;NA;-70.729756;;;NA;https://unfccc.int/sites/default/files/2025-02/Japans 2035-2040 NDC.pdf;;V3;New non-EU-27 observation added in V3;active;V3
JPN;1990;Japan;Japan;East Asia & Pacific;High income;1997;1997;2012;NA;-6;-6;Percent;Unconditional;Baseline;;NA;-6;;;NA;https://www.eea.europa.eu/publications/progress-towards-kyoto,https://www.downtoearth.org.in/news/japan-acts-on-kyoto-pledge-14995;;V3;New non-EU-27 observation added in V3;active;V3
JPN;2005;Japan;Japan;East Asia & Pacific;High income;2013;1997;2020;NA;-3.8;-3.8;Percent;Unconditional;Baseline;;NA;2.34866688;;;NA;https://www4.unfccc.int/sites/SubmissionsStaging/Documents/201805041017---SUBMISSION%20FROM%20JAPAN%20-PRE-2020%20IMPLEMENTATION%20AND%20AMBITION-.PDF;;V3;New non-EU-27 observation added in V3;active;V3
JPN;2013;Japan;Japan;East Asia & Pacific;High income;2016;1997;2050;NA;-80;-80;Percent;Unconditional;Baseline;;NA;-78.318338;;;NA;https://climate-laws.org/document/plan-for-global-warming-countermeasures_daa8?q=ghg+target&r=&l=japan&y=2016&y=2018;;V3;New non-EU-27 observation added in V3;active;V3
JPN;2013;Japan;Japan;East Asia & Pacific;High income;2025;1997;2035;NA;-60;-60;Percent;Unconditional;Baseline;;NA;-56.636676;;;NA;https://unfccc.int/sites/default/files/2025-02/Japans 2035-2040 NDC.pdf;;V3;New non-EU-27 observation added in V3;active;V3
JPN;1990;Japan;Japan;East Asia & Pacific;High income;2020;1997;2050;NA;-100;-100;Percent;Unconditional;Baseline;Net zero;NA;-100;;;NA;https://unfccc.int/sites/default/files/NDC/2022-06/JAPAN_FIRST%20NDC%20%28UPDATED%20SUBMISSION%29.pdf;;V3;New non-EU-27 observation added in V3;active;V3
JPN;2013;Japan;Japan;East Asia & Pacific;High income;2021;1997;2030;-46;-50;-48;Percent;Unconditional;Baseline;;NA;-43.627678;;;NA;https://unfccc.int/sites/default/files/NDC/2022-06/JAPAN_FIRST%20NDC%20%28UPDATED%20SUBMISSION%29.pdf;;V3;New non-EU-27 observation added in V3;active;V3
JPN;2013;Japan;Japan;East Asia & Pacific;High income;2015;1997;2030;NA;-26;-26;Percent;Unconditional;Baseline;;NA;-19.77785;;;NA;https://www4.unfccc.int/sites/SubmissionsStaging/Documents/201805041017---SUBMISSION%20FROM%20JAPAN%20-PRE-2020%20IMPLEMENTATION%20AND%20AMBITION-.PDF;;V3;New non-EU-27 observation added in V3;active;V3
KAZ;1990;Kazakhstan;Kazakhstan;Europe & Central Asia;Upper middle income;2015;2010;2030;NA;-25;-25;Percent;Conditional;Baseline;;NA;-25;;;NA;https://www4.unfccc.int/sites/submissions/INDC/Published%20Documents/Kazakhstan/1/INDC%20Kz_eng.pdf;;V3;New non-EU-27 observation added in V3;active;V3
KAZ;1990;Kazakhstan;Kazakhstan;Europe & Central Asia;Upper middle income;2021;2010;2060;NA;-100;-100;Percent;Unconditional;Baseline;Carbon neutrality;NA;-100;;;NA;https://unfccc.int/sites/default/files/resource/Carbon_Neutrlaity_Strategy_Kazakhstan_Eng_Oct2024.pdf;;V3;New non-EU-27 observation added in V3;active;V3
KAZ;1990;Kazakhstan;Kazakhstan;Europe & Central Asia;Upper middle income;2015;2010;2030;NA;-15;-15;Percent;Unconditional;Baseline;;NA;-15;;;NA;https://www4.unfccc.int/sites/submissions/INDC/Published%20Documents/Kazakhstan/1/INDC%20Kz_eng.pdf;;V3;New non-EU-27 observation added in V3;active;V3
KAZ;1992;Kazakhstan;Kazakhstan;Europe & Central Asia;Upper middle income;2010;2010;2020;NA;-15;-15;Percent;Unconditional;Baseline;;NA;-12.420542;;;NA;https://unfccc.int/files/meetings/cop_15/copenhagen_accord/application/pdf/kazakhstancphaccord_app1.pdf;;V3;New non-EU-27 observation added in V3;active;V3
KEN;NA;Kenya;Kenya;Sub-Saharan Africa;Lower middle income;2015;2015;2030;NA;-30;-30;Percent;Conditional;BAU;;NA;161.015786;;BAU 2030 143 MtCO2eq;143;https://www4.unfccc.int/sites/submissions/INDC/Published%20Documents/Kenya/1/Kenya_INDC_20150723.pdf;;V3;New non-EU-27 observation added in V3;active;V3
KEN;NA;Kenya;Kenya;Sub-Saharan Africa;Lower middle income;2020;2015;2030;NA;-32;-32;Percent;Conditional;BAU;;NA;153.558192;;BAU 2030 143 MtCO2eq;143;https://unfccc.int/sites/default/files/NDC/2022-06/Kenya%27s%20First%20%20NDC%20%28updated%20version%29.pdf;;V3;New non-EU-27 observation added in V3;active;V3
KGZ;NA;Kyrgyzstan;Kyrgyzstan;Europe & Central Asia;Lower middle income;2021;2015;2030;NA;-43.62;-43.62;Percent;Conditional;BAU;;NA;-74.8609;;BAU 2030 14884 ktCO2eq;14.88;https://unfccc.int/sites/default/files/NDC/2022-06/Kyrgyzstan%20INDC_RUS_final.pdf;;V3;New non-EU-27 observation added in V3;active;V3
KGZ;NA;Kyrgyzstan;Kyrgyzstan;Europe & Central Asia;Lower middle income;2021;2015;2025;NA;-36.61;-36.61;Percent;Conditional;BAU;;NA;-82.752414;;BAU 9082 ktCO2eq;9.08;https://unfccc.int/sites/default/files/NDC/2022-06/Kyrgyzstan%20INDC_RUS_final.pdf;;V3;New non-EU-27 observation added in V3;active;V3
KGZ;NA;Kyrgyzstan;Kyrgyzstan;Europe & Central Asia;Lower middle income;2020;2015;2030;-29;-30.89;-29.945;Percent;Conditional;BAU;;NA;-68.763398;;BAU 2030 14884 ktCO2eq;14.88;https://unfccc.int/sites/default/files/NDC/2022-06/Kyrgyzstan%20INDC_RUS_final.pdf;;V3;New non-EU-27 observation added in V3;active;V3
KGZ;NA;Kyrgyzstan;Kyrgyzstan;Europe & Central Asia;Lower middle income;2021;2015;2030;NA;-15.97;-15.97;Percent;Unconditional;BAU;;NA;-62.532129;;BAU 2030 14884 ktCO2eq;14.88;https://unfccc.int/sites/default/files/NDC/2022-06/Kyrgyzstan%20INDC_RUS_final.pdf;;V3;New non-EU-27 observation added in V3;active;V3
KGZ;NA;Kyrgyzstan;Kyrgyzstan;Europe & Central Asia;Lower middle income;2020;2015;2050;-12.67;-15.69;-14.18;Percent;Unconditional;BAU;;NA;-11.175542;;BAU 2050 34543 ktCO2eq;34.54;https://unfccc.int/sites/default/files/NDC/2022-06/Kyrgyzstan%20INDC_RUS_final.pdf;;V3;New non-EU-27 observation added in V3;active;V3
KGZ;NA;Kyrgyzstan;Kyrgyzstan;Europe & Central Asia;Lower middle income;2020;2015;2050;-35.06;-36.75;-35.905;Percent;Conditional;BAU;;NA;-33.661109;;BAU 2050 34543 ktCO2eq;34.54;https://unfccc.int/sites/default/files/NDC/2022-06/Kyrgyzstan%20INDC_RUS_final.pdf;;V3;New non-EU-27 observation added in V3;active;V3
KGZ;NA;Kyrgyzstan;Kyrgyzstan;Europe & Central Asia;Lower middle income;2021;2015;2025;NA;-16.63;-16.63;Percent;Unconditional;BAU;;NA;-77.316118;;BAU 9082 ktCO2eq;9.08;https://unfccc.int/sites/default/files/NDC/2022-06/Kyrgyzstan%20INDC_RUS_final.pdf;;V3;New non-EU-27 observation added in V3;active;V3
KGZ;NA;Kyrgyzstan;Kyrgyzstan;Europe & Central Asia;Lower middle income;2015;2015;2020;NA;-20;-20;Percent;Conditional;BAU;;NA;-90.866512;;BAU 2020 3807 ktCO2eq;3.81;https://unfccc.int/files/meetings/cop_15/copenhagen_accord/application/pdf/kyrgyz_republic_cphaccord_app2.pdf;;V3;New non-EU-27 observation added in V3;active;V3
KGZ;NA;Kyrgyzstan;Kyrgyzstan;Europe & Central Asia;Lower middle income;2020;2015;2030;-11.49;-13.75;-12.62;Percent;Unconditional;BAU;;NA;-61.038408;;BAU 2030 14884 ktCO2eq;14.88;https://unfccc.int/sites/default/files/NDC/2022-06/Kyrgyzstan%20INDC_RUS_final.pdf;;V3;New non-EU-27 observation added in V3;active;V3
KHM;1990;Cambodia;Cambodia;East Asia & Pacific;Lower middle income;2021;2020;2050;NA;-100;-100;Percent;Unconditional;Baseline;Carbon neutrality;NA;-100;;;NA;https://unfccc.int/sites/default/files/resource/KHM_LTS_Dec2021.pdf;;V3;New non-EU-27 observation added in V3;active;V3
KHM;NA;Cambodia;Cambodia;East Asia & Pacific;Lower middle income;2020;2020;2030;NA;-41.7;-41.7;Percent;Conditional;BAU;;NA;358.47015;;BAU 155 MtCO2eq;155;https://unfccc.int/sites/default/files/NDC/2022-06/20201231_NDC_Update_Cambodia.pdf;;V3;New non-EU-27 observation added in V3;active;V3
KIR;NA;Kiribati;Kiribati;East Asia & Pacific;Lower middle income;2022;2012;2025;NA;-9.5;-9.5;Percent;Unconditional;BAU;;NA;189.954377;;BAU 2025 107 ktCO2eq (from a graph);0.107;https://unfccc.int/sites/default/files/NDC/2023-03/221213%20Kiribati%20NDC%20Web%20Quality.pdf;;V3;New non-EU-27 observation added in V3;active;V3
KIR;NA;Kiribati;Kiribati;East Asia & Pacific;Lower middle income;2022;2012;2030;NA;-8;-8;Percent;Unconditional;BAU;;NA;230.572244;;BAU 2030 119 ktCO2eq (from a graph);0.12;https://unfccc.int/sites/default/files/NDC/2023-03/221213%20Kiribati%20NDC%20Web%20Quality.pdf;;V3;New non-EU-27 observation added in V3;active;V3
KIR;NA;Kiribati;Kiribati;East Asia & Pacific;Lower middle income;2022;2012;2030;NA;-23.8;-23.8;Percent;Conditional;BAU;;NA;173.800054;;BAU 2030 119 ktCO2eq (from a graph);0.12;https://unfccc.int/sites/default/files/NDC/2023-03/221213%20Kiribati%20NDC%20Web%20Quality.pdf;;V3;New non-EU-27 observation added in V3;active;V3
KIR;NA;Kiribati;Kiribati;East Asia & Pacific;Lower middle income;2022;2012;2025;NA;-16.7;-16.7;Percent;Conditional;BAU;;NA;166.886183;;BAU 2025 107 ktCO2eq (from a graph);0.107;https://unfccc.int/sites/default/files/NDC/2023-03/221213%20Kiribati%20NDC%20Web%20Quality.pdf;;V3;New non-EU-27 observation added in V3;active;V3
KIR;NA;Kiribati;Kiribati;East Asia & Pacific;Lower middle income;2015;2012;2030;NA;-49;-49;Percent;Conditional;BAU;;NA;83.2520046;Only CO2;BAU 2030 119 ktCO2eq (from a graph);0.12;https://www4.unfccc.int/sites/submissions/INDC/Published%20Documents/Kiribati/1/INDC_KIRIBATI.pdf;;V3;New non-EU-27 observation added in V3;active;V3
KIR;NA;Kiribati;Kiribati;East Asia & Pacific;Lower middle income;2015;2012;2025;NA;-13.7;-13.7;Percent;Unconditional;BAU;;NA;176.497931;Only CO2;BAU 2025 107 ktCO2eq (from a graph);0.107;https://www4.unfccc.int/sites/submissions/INDC/Published%20Documents/Kiribati/1/INDC_KIRIBATI.pdf;;V3;New non-EU-27 observation added in V3;active;V3
KIR;NA;Kiribati;Kiribati;East Asia & Pacific;Lower middle income;2015;2012;2030;NA;-12.8;-12.8;Percent;Unconditional;BAU;;NA;213.324996;Only CO2;BAU 2030 119 ktCO2eq (from a graph);0.12;https://www4.unfccc.int/sites/submissions/INDC/Published%20Documents/Kiribati/1/INDC_KIRIBATI.pdf;;V3;New non-EU-27 observation added in V3;active;V3
KIR;NA;Kiribati;Kiribati;East Asia & Pacific;Lower middle income;2012;2012;2015;NA;-2;-2;Percent;Unconditional;Baseline;;NA;NA;Non-binding (aspiration to pursue);;NA;https://unfccc.int/resource/docs/natc/kirnc2.pdf;;V3;New non-EU-27 observation added in V3;active;V3
KIR;NA;Kiribati;Kiribati;East Asia & Pacific;Lower middle income;2015;2012;2025;NA;-48.8;-48.8;Percent;Conditional;BAU;;NA;64.0404873;Only CO2;BAU 2025 107 ktCO2eq (from a graph);0.107;https://www4.unfccc.int/sites/submissions/INDC/Published%20Documents/Kiribati/1/INDC_KIRIBATI.pdf;;V3;New non-EU-27 observation added in V3;active;V3
KNA;NA;Saint Kitts and Nevis;St. Kitts and Nevis;Latin America & Caribbean;High income;2016;2016;2025;NA;-22;-22;Percent;Unconditional;BAU;;NA;785.845356;;BAU 2025 676 GgCO2eq;0.68;https://unfccc.int/sites/default/files/NDC/2022-06/St.%20Kitts%20and%20Nevis%20INDC.pdf;;V3;New non-EU-27 observation added in V3;active;V3
KNA;NA;Saint Kitts and Nevis;St. Kitts and Nevis;Latin America & Caribbean;High income;2016;2016;2030;NA;-35;-35;Percent;Unconditional;BAU;;NA;811.899631;;BAU 2030 836 GgCO2eq;0.84;https://unfccc.int/sites/default/files/NDC/2022-06/St.%20Kitts%20and%20Nevis%20INDC.pdf;;V3;New non-EU-27 observation added in V3;active;V3
KNA;2010;Saint Kitts and Nevis;St. Kitts and Nevis;Latin America & Caribbean;High income;2021;2016;2030;NA;-61;-61;Percent;Unconditional;Baseline;;NA;-5.5024356;;;NA;https://unfccc.int/sites/default/files/NDC/2022-06/St.%20Kitts%20and%20Nevis%20Revised%20NDC_Updated.pdf;;V3;New non-EU-27 observation added in V3;active;V3
KOR;1990;Korea (Republic of);South Korea;East Asia & Pacific;High income;2020;2010;2050;NA;-100;-100;Percent;Unconditional;Baseline;Carbon neutrality;NA;-100;;;NA;https://unfccc.int/sites/default/files/resource/LTS1_RKorea.pdf;;V3;New non-EU-27 observation added in V3;active;V3
KOR;NA;Korea (Republic of);South Korea;East Asia & Pacific;High income;2010;2010;2020;NA;-30;-30;Percent;Unconditional;BAU;;NA;NA;NA;;NA;https://files.wri.org/s3fs-public/assessing_non_annex_i_pledges.pdf;;V3;New non-EU-27 observation added in V3;active;V3
KOR;2018;Korea (Republic of);South Korea;East Asia & Pacific;High income;2021;2010;2030;NA;-40;-40;Percent;Unconditional;Baseline;;NA;36.7972102;;;142.29;https://unfccc.int/sites/default/files/NDC/2022-06/211223_The%20Republic%20of%20Korea%27s%20Enhanced%20Update%20of%20its%20First%20Nationally%20Determined%20Contribution_211227_editorial%20change.pdf;;V3;New non-EU-27 observation added in V3;active;V3
KOR;2010;Korea (Republic of);South Korea;East Asia & Pacific;High income;2020;2010;2030;NA;-19;-19;Percent;Unconditional;Baseline;;NA;65.4508886;;;NA;https://ca1-clm.edcdn.com/assets/climateanalytics_skorea_zerocarbontransistion_2020.pdf;;V3;New non-EU-27 observation added in V3;active;V3
KWT;1990;Kuwait;Kuwait;Middle East & North Africa;High income;2022;2021;2060;NA;-100;-100;Percent;Unconditional;Baseline;Carbon neutrality;NA;-100;Carbon neutrality in oil and gas in 2050, but economy-wide in 2060;;NA;https://www.climatewatchdata.org/countries/KWT?end_year=2021&start_year=1990;;V3;New non-EU-27 observation added in V3;active;V3
KWT;NA;Kuwait;Kuwait;Middle East & North Africa;High income;2021;2021;2035;NA;-7.4;-7.4;Percent;Unconditional;BAU;;NA;160.688144;;BAU 2035 142.290 MtCO2eq;142.29;https://unfccc.int/sites/default/files/NDC/2022-06/Kuwait%20updating%20the%20first%20NDC-English.pdf;;V3;New non-EU-27 observation added in V3;active;V3
LAO;NA;Lao People's Democratic Republic;Laos;East Asia & Pacific;Lower middle income;2021;2021;2030;NA;-60;-60;Percent;Unconditional;BAU;;NA;418.437919;;BAU 2030 104000 ktCO2eq;104;https://unfccc.int/sites/default/files/NDC/2022-06/NDC%202020%20of%20Lao%20PDR%20%28English%29%2C%2009%20April%202021%20%281%29.pdf;;V3;New non-EU-27 observation added in V3;active;V3
LAO;2000;Lao People's Democratic Republic;Laos;East Asia & Pacific;Lower middle income;2021;2021;2050;NA;-100;-100;Percent;Unconditional;Baseline;Net zero;NA;-100;;;NA;https://unfccc.int/sites/default/files/NDC/2022-06/NDC%202020%20of%20Lao%20PDR%20%28English%29%2C%2009%20April%202021%20%281%29.pdf;;V3;New non-EU-27 observation added in V3;active;V3
LBN;NA;Lebanon;Lebanon;Middle East & North Africa;Lower middle income;2020;2015;2030;NA;-20;-20;Percent;Unconditional;BAU;;NA;301.460436;;BAU 2030 38950 GgCO2eq;38.95;https://unfccc.int/sites/default/files/NDC/2022-06/Lebanon%27s%202020%20Nationally%20Determined%20Contribution%20Update.pdf;;V3;New non-EU-27 observation added in V3;active;V3
LBN;NA;Lebanon;Lebanon;Middle East & North Africa;Lower middle income;2015;2015;2030;NA;-15;-15;Percent;Unconditional;BAU;;NA;381.855594;;BAU 2030 44000 GgCO2eq (from a graph);44;https://unfccc.int/sites/default/files/NDC/2022-06/Republic%20of%20Lebanon%20-%20INDC%20-%20September%202015.pdf;;V3;New non-EU-27 observation added in V3;active;V3
LBN;NA;Lebanon;Lebanon;Middle East & North Africa;Lower middle income;2020;2015;2030;NA;-31;-31;Percent;Conditional;BAU;;NA;246.259626;;BAU 2030 38950 GgCO2eq;38.95;https://unfccc.int/sites/default/files/NDC/2022-06/Lebanon%27s%202020%20Nationally%20Determined%20Contribution%20Update.pdf;;V3;New non-EU-27 observation added in V3;active;V3
LBN;NA;Lebanon;Lebanon;Middle East & North Africa;Lower middle income;2015;2015;2030;NA;-30;-30;Percent;Conditional;BAU;;NA;296.822254;;BAU 2030 44000 GgCO2eq (from a graph);44;https://unfccc.int/sites/default/files/NDC/2022-06/Republic%20of%20Lebanon%20-%20INDC%20-%20September%202015.pdf;;V3;New non-EU-27 observation added in V3;active;V3
LBR;1990;Liberia;Liberia;Sub-Saharan Africa;Low income;2018;2018;2050;NA;-100;-100;Percent;Unconditional;Baseline;Carbon neutrality;NA;-100;;;NA;https://unfccc.int/sites/default/files/NDC/2022-06/INDC%20Final%20Submission%20Sept%2030%202015%20Liberia.pdf;;V3;New non-EU-27 observation added in V3;active;V3
LBR;NA;Liberia;Liberia;Sub-Saharan Africa;Low income;2021;2018;2030;NA;-10;-10;Percent;Unconditional;BAU;;NA;553.397348;;BAU 2030 12429.81 GgCO2e;12.42;https://unfccc.int/sites/default/files/NDC/2022-06/Liberia%27s%20Updated%20NDC_RL_FINAL%20%28002%29.pdf;;V3;New non-EU-27 observation added in V3;active;V3
LBR;NA;Liberia;Liberia;Sub-Saharan Africa;Low income;2021;2018;2030;NA;-64;-64;Percent;Conditional;BAU;;NA;161.358939;;BAU 2030 12429.81 GgCO2e;12.42;https://unfccc.int/sites/default/files/NDC/2022-06/Liberia%27s%20Updated%20NDC_RL_FINAL%20%28002%29.pdf;;V3;New non-EU-27 observation added in V3;active;V3
LCA;2010;Saint Lucia;St. Lucia;Latin America & Caribbean;Upper middle income;2025;2015;2030;-7;-7.2;-7.1;Percent;Unconditional;Baseline;;NA;82.149463;;;NA;https://unfccc.int/sites/default/files/NDC/2022-06/Saint%20Lucia%20First%20NDC%20%28Updated%20submission%29.pdf;;V3;New non-EU-27 observation added in V3;active;V3
LCA;NA;Saint Lucia;St. Lucia;Latin America & Caribbean;Upper middle income;2015;2015;2025;NA;-16;-16;Percent;Unconditional;BAU;;NA;334.100799;;BAU 2025 758 GgCO2eq;0.76;https://www4.unfccc.int/sites/submissions/INDC/Published%20Documents/Saint%20Lucia/1/Saint%20Lucia's%20INDC%2018th%20November%202015.pdf;;V3;New non-EU-27 observation added in V3;active;V3
LCA;NA;Saint Lucia;St. Lucia;Latin America & Caribbean;Upper middle income;2015;2015;2030;NA;-23;-23;Percent;Unconditional;BAU;;NA;329.340922;;BAU 2030 816 GgCO2eq;0.82;https://www4.unfccc.int/sites/submissions/INDC/Published%20Documents/Saint%20Lucia/1/Saint%20Lucia's%20INDC%2018th%20November%202015.pdf;;V3;New non-EU-27 observation added in V3;active;V3
LIE;1990;Liechtenstein;Liechtenstein;Europe & Central Asia;High income;2022;2012;2050;NA;-100;-100;Percent;Unconditional;Baseline;Climate neutrality;NA;NA;;;NA;https://unfccc.int/sites/default/files/resource/NC8_BR5_LIE_2022.pdf;;V3;New non-EU-27 observation added in V3;active;V3
LIE;1990;Liechtenstein;Liechtenstein;Europe & Central Asia;High income;2015;2012;2030;NA;-40;-40;Percent;Unconditional;Baseline;;NA;NA;;;NA;https://www4.unfccc.int/sites/submissions/INDC/Published%20Documents/Liechtenstein/1/150422_INDC_FL.pdf;;V3;New non-EU-27 observation added in V3;active;V3
LIE;1990;Liechtenstein;Liechtenstein;Europe & Central Asia;High income;2012;2012;2020;NA;-20;-20;Percent;Unconditional;Baseline;;NA;NA;;;NA;https://unfccc.int/files/national_reports/annex_i_natcom/submitted_natcom/application/pdf/nc6_br1_lie[1].pdf;;V3;New non-EU-27 observation added in V3;active;V3
LKA;NA;Sri Lanka;Sri Lanka;South Asia;Lower middle income;2021;2021;2030;NA;-4;-4;Percent;Unconditional;BAU;;NA;NA;Power, transport,industry, waste,forestry, and agriculture;NA;NA;https://unfccc.int/sites/default/files/NDC/2022-06/NDCs%20of%20Sri%20Lanka-2021.pdf;;V3;New non-EU-27 observation added in V3;active;V3
LKA;NA;Sri Lanka;Sri Lanka;South Asia;Lower middle income;2021;2021;2030;NA;-14.5;-14.5;Percent;Conditional;BAU;;NA;NA;Power, transport,industry, waste,forestry, and agriculture;NA;NA;https://unfccc.int/sites/default/files/NDC/2022-06/NDCs%20of%20Sri%20Lanka-2021.pdf;;V3;New non-EU-27 observation added in V3;active;V3
LKA;1990;Sri Lanka;Sri Lanka;South Asia;Lower middle income;2021;2021;2050;NA;-100;-100;Percent;Unconditional;Baseline;Carbon neutrality;NA;-100;;;NA;https://www.nccs.gov.sg/media/publications/singapores-long-term-low-emissions-development-strategy/;;V3;New non-EU-27 observation added in V3;active;V3
LSO;NA;Lesotho;Lesotho;Sub-Saharan Africa;Lower middle income;2024;2015;2030;-4.2;-25.8;-15;Percent;Conditional;BAU;;NA;188.238396;;BAU 2030 7192 ktCO2eq;7.19;https://unfccc.int/sites/default/files/2025-02/Lesotho SECOND NDC.pdf;;V3;New non-EU-27 observation added in V3;active;V3
LSO;NA;Lesotho;Lesotho;Sub-Saharan Africa;Lower middle income;2015;2015;2030;NA;-35;-35;Percent;Conditional;BAU;;NA;75.0465197;;BAU 2030 5713 ktCO2eq;5.71;https://www4.unfccc.int/sites/submissions/INDC/Published%20Documents/Lesotho/1/Lesotho's%20INDC%20Report%20%20-%20September%202015.pdf;https://unfccc.int/sites/default/files/NDC/2022-06/Lesotho%20First%20NDC.pdf;V3;New non-EU-27 observation added in V3;active;V3
LSO;NA;Lesotho;Lesotho;Sub-Saharan Africa;Lower middle income;2015;2015;2030;NA;-10;-10;Percent;Unconditional;BAU;;NA;142.372104;;BAU 2030 5713 ktCO2eq;5.71;https://www4.unfccc.int/sites/submissions/INDC/Published%20Documents/Lesotho/1/Lesotho's%20INDC%20Report%20%20-%20September%202015.pdf;https://unfccc.int/sites/default/files/NDC/2022-06/Lesotho%20First%20NDC.pdf;V3;New non-EU-27 observation added in V3;active;V3
LTU;2005;Lithuania;Lithuania;Europe & Central Asia;High income;2023;1997;2030;NA;-21;-21;Percent;Unconditional;Baseline;;NA;-63.363816;;;NA;https://unfccc.int/sites/default/files/NDC/2023-10/ES-2023-10-17%20EU%20submission%20NDC%20update.pdf;;V1;;active;V1
LTU;1990;Lithuania;Lithuania;Europe & Central Asia;High income;2012;1997;2020;-20;-30;-25;Percent;Unconditional;Baseline;;NA;-25;;;NA;https://climate-laws.org/document/strategy-for-the-national-climate-change-management-policy-until-2050_9aec?q=lithuania+ghg+targets&l=lithuania&y=2011&y=2012;;V1;;active;V1
LTU;1990;Lithuania;Lithuania;Europe & Central Asia;High income;2019;1997;2030;NA;-40;-40;Percent;Unconditional;Baseline;;NA;-40;;;NA;https://climate-laws.org/document/national-energy-and-climate-plan-of-the-republic-of-lithuania-for-2021-2030_6ae9?q=lithuania+ghg+targets&l=lithuania&y=2019&y=2024;;V1;;active;V1
LTU;1990;Lithuania;Lithuania;Europe & Central Asia;High income;1997;1997;2012;NA;-8;-8;Percent;Unconditional;Baseline;;NA;-8;;;NA;https://www.eea.europa.eu/publications/progress-towards-kyoto;;V1;;active;V1
LTU;2005;Lithuania;Lithuania;Europe & Central Asia;High income;2018;1997;2030;NA;-9;-9;Percent;Unconditional;Baseline;;NA;-57.798826;;;NA;https://eur-lex.europa.eu/legal-content/EN/TXT/PDF/?uri=CELEX:32018R0842&from=EN;;V1;;active;V1
LTU;1990;Lithuania;Lithuania;Europe & Central Asia;High income;2019;1997;2050;NA;-100;-100;Percent;Unconditional;Baseline;Climate neutrality;NA;-100;;;NA;https://climate-laws.org/document/national-energy-and-climate-plan-of-the-republic-of-lithuania-for-2021-2030_6ae9?q=lithuania+ghg+targets&l=lithuania&y=2019&y=2024;;V1;;active;V1
LUX;2005;Luxembourg;Luxembourg;Europe & Central Asia;High income;2017;1997;2030;NA;-40;-40;Percent;Unconditional;Baseline;;NA;-39.335511;;;NA;https://climate-laws.org/document/agenda-2030-national-report-on-sustainable-development_9dbf?q=lithuania+ghg+targets&l=luxembourg&y=2017&y=2024;;V1;;active;V1
LUX;2005;Luxembourg;Luxembourg;Europe & Central Asia;High income;2018;1997;2030;NA;-40;-40;Percent;Unconditional;Baseline;;NA;-39.335511;;;NA;https://eur-lex.europa.eu/legal-content/EN/TXT/PDF/?uri=CELEX:32018R0842&from=EN;;V1;;active;V1
LUX;1990;Luxembourg;Luxembourg;Europe & Central Asia;High income;2020;1997;2050;NA;-100;-100;Percent;Unconditional;Baseline;Net zero;NA;-100;;;NA;http://legilux.public.lu/eli/etat/leg/loi/2020/12/15/a994/jo;;V1;;active;V1
LUX;1990;Luxembourg;Luxembourg;Europe & Central Asia;High income;1997;1997;2012;NA;-28;-28;Percent;Unconditional;Baseline;;NA;-28;;;NA;https://www.eea.europa.eu/publications/progress-towards-kyoto;;V1;;active;V1
LUX;2005;Luxembourg;Luxembourg;Europe & Central Asia;High income;2023;1997;2030;NA;-21;-21;Percent;Unconditional;Baseline;;NA;-20.125089;;;NA;https://unfccc.int/sites/default/files/NDC/2023-10/ES-2023-10-17%20EU%20submission%20NDC%20update.pdf;;V1;;active;V1
LUX;2005;Luxembourg;Luxembourg;Europe & Central Asia;High income;2020;1997;2030;NA;-55;-55;Percent;Unconditional;Baseline;;NA;-54.501633;;;NA;https://climate-laws.org/document/luxembourg-s-integrated-national-energy-and-climate-plan-for-2021-2030_7ffd?q=lithuania+ghg+targets&l=luxembourg&y=2018&y=2020;;V1;;active;V1
LVA;2005;Latvia;Latvia;Europe & Central Asia;High income;2018;1997;2030;NA;-6;-6;Percent;Unconditional;Baseline;;NA;-59.485831;;;NA;https://eur-lex.europa.eu/legal-content/EN/TXT/PDF/?uri=CELEX:32018R0842&from=EN;;V1;;active;V1
LVA;1990;Latvia;Latvia;Europe & Central Asia;High income;2019;1997;2040;NA;-76;-76;Percent;Unconditional;Baseline;;NA;-76;;;NA;https://cdn.climatepolicyradar.org/navigator/LVA/2019/latvias-strategy-to-achieve-climate-neutrality-by-2050_624dc3ac2aa82dd5807a4932b03713de.pdf;;V1;;active;V1
LVA;1990;Latvia;Latvia;Europe & Central Asia;High income;1997;1997;2012;NA;-8;-8;Percent;Unconditional;Baseline;;NA;-8;;;NA;https://www.eea.europa.eu/publications/progress-towards-kyoto;;V1;;active;V1
LVA;2005;Latvia;Latvia;Europe & Central Asia;High income;2023;1997;2030;NA;-17;-17;Percent;Unconditional;Baseline;;NA;-64.226851;;;NA;https://unfccc.int/sites/default/files/NDC/2023-10/ES-2023-10-17%20EU%20submission%20NDC%20update.pdf;;V1;;active;V1
LVA;1990;Latvia;Latvia;Europe & Central Asia;High income;2019;1997;2030;NA;-38;-38;Percent;Unconditional;Baseline;;NA;-38;;;NA;https://cdn.climatepolicyradar.org/navigator/LVA/2019/latvias-strategy-to-achieve-climate-neutrality-by-2050_624dc3ac2aa82dd5807a4932b03713de.pdf;;V1;;active;V1
LVA;1990;Latvia;Latvia;Europe & Central Asia;High income;2019;1997;2050;NA;-100;-100;Percent;Unconditional;Baseline;Climate neutrality;NA;-100;;;NA;https://cdn.climatepolicyradar.org/navigator/LVA/2019/latvias-strategy-to-achieve-climate-neutrality-by-2050_624dc3ac2aa82dd5807a4932b03713de.pdf;;V1;;active;V1
LVA;1990;Latvia;Latvia;Europe & Central Asia;High income;2020;1997;2030;NA;-65;-65;Percent;Unconditional;Baseline;;NA;-65;;;NA;https://climate-laws.org/document/latvia-s-national-energy-and-climate-plan-2021-2030_3273?q=latvia+ghg+targets&y=2020&y=2021&l=latvia;;V1;;active;V1
MAR;NA;Morocco;Morocco;Middle East & North Africa;Lower middle income;2016;2015;2030;NA;-17;-17;Percent;Unconditional;BAU;;NA;233.864565;;BAU 2030 170.8 MtCO2eq;170.8;https://unfccc.int/sites/default/files/NDC/2022-06/Morocco%20First%20NDC-English.pdf;;V3;New non-EU-27 observation added in V3;active;V3
MAR;NA;Morocco;Morocco;Middle East & North Africa;Lower middle income;2015;2015;2030;NA;-32;-32;Percent;Conditional;BAU;;NA;173.847885;;BAU 2030 171 MtCO2eq;171;https://www4.unfccc.int/sites/submissions/INDC/Published%20Documents/Morocco/1/Morocco%20INDC%20submitted%20to%20UNFCCC%20-%205%20june%202015.pdf;;V3;New non-EU-27 observation added in V3;active;V3
MAR;1990;Morocco;Morocco;Middle East & North Africa;Lower middle income;2021;2015;2050;NA;-100;-100;Percent;Unconditional;Baseline;Net zero;NA;-100;;;NA;https://unfccc.int/sites/default/files/resource/MAR_LTS_Dec2021.pdf;;V3;New non-EU-27 observation added in V3;active;V3
MAR;NA;Morocco;Morocco;Middle East & North Africa;Lower middle income;2015;2015;2030;NA;-13;-13;Percent;Unconditional;BAU;;NA;250.364206;;BAU 2030 171 MtCO2eq;171;https://www4.unfccc.int/sites/submissions/INDC/Published%20Documents/Morocco/1/Morocco%20INDC%20submitted%20to%20UNFCCC%20-%205%20june%202015.pdf;;V3;New non-EU-27 observation added in V3;active;V3
MAR;NA;Morocco;Morocco;Middle East & North Africa;Lower middle income;2021;2015;2030;NA;-18.3;-18.3;Percent;Unconditional;BAU;;NA;173.875628;;BAU 2030 142344.9 GgCO2eq;142.34;https://unfccc.int/sites/default/files/NDC/2022-06/Moroccan%20updated%20NDC%202021%20_Fr.pdf;;V3;New non-EU-27 observation added in V3;active;V3
MAR;NA;Morocco;Morocco;Middle East & North Africa;Lower middle income;2021;2015;2030;NA;-45.5;-45.5;Percent;Conditional;BAU;;NA;82.6954924;;BAU 2030 142344.9 GgCO2eq;142.34;https://unfccc.int/sites/default/files/NDC/2022-06/Moroccan%20updated%20NDC%202021%20_Fr.pdf;;V3;New non-EU-27 observation added in V3;active;V3
MAR;NA;Morocco;Morocco;Middle East & North Africa;Lower middle income;2016;2015;2030;NA;-42;-42;Percent;Conditional;BAU;;NA;133.302949;;BAU 2030 170.8 MtCO2eq;170.8;https://unfccc.int/sites/default/files/NDC/2022-06/Morocco%20First%20NDC-English.pdf;;V3;New non-EU-27 observation added in V3;active;V3
MCO;1990;Monaco;Monaco;Europe & Central Asia;High income;2020;2015;2050;NA;-100;-100;Percent;Unconditional;Baseline;Carbon neutrality;NA;NA;;;NA;https://unfccc.int/sites/default/files/NDC/2022-06/Monaco_NDC_2020.pdf;;V3;New non-EU-27 observation added in V3;active;V3
MCO;1990;Monaco;Monaco;Europe & Central Asia;High income;2020;2015;2030;NA;-55;-55;Percent;Unconditional;Baseline;;NA;NA;;;NA;https://unfccc.int/sites/default/files/NDC/2022-06/Monaco_NDC_2020.pdf;;V3;New non-EU-27 observation added in V3;active;V3
MCO;1990;Monaco;Monaco;Europe & Central Asia;High income;2015;2015;2030;NA;-50;-50;Percent;Unconditional;Baseline;;NA;NA;;;NA;https://unfccc.int/sites/default/files/NDC/2022-06/Monaco_INDC.pdf;;V3;New non-EU-27 observation added in V3;active;V3
MDA;1990;Moldova (Republic of);Moldova;Europe & Central Asia;Upper middle income;2010;2010;2020;NA;-25;-25;Percent;Unconditional;Baseline;;NA;-25;;;NA;https://unfccc.int/files/meetings/cop_15/copenhagen_accord/application/pdf/moldovacphaccord_app2.pdf;;V3;New non-EU-27 observation added in V3;active;V3
MDA;1990;Moldova (Republic of);Moldova;Europe & Central Asia;Upper middle income;2020;2010;2030;NA;-88;-88;Percent;Conditional;Baseline;;NA;-88;;;NA;https://unfccc.int/sites/default/files/NDC/2022-06/MD_Updated_NDC_final_version_EN.pdf;;V3;New non-EU-27 observation added in V3;active;V3
MDA;1990;Moldova (Republic of);Moldova;Europe & Central Asia;Upper middle income;2015;2010;2030;-64;-67;-65.5;Percent;Unconditional;Baseline;;NA;-65.5;;;NA;https://www4.unfccc.int/sites/submissions/INDC/Published%20Documents/Republic%20of%20Moldova/1/INDC_Republic_of_Moldova_25.09.2015.pdf;;V3;New non-EU-27 observation added in V3;active;V3
MDA;1990;Moldova (Republic of);Moldova;Europe & Central Asia;Upper middle income;2015;2010;2030;NA;-78;-78;Percent;Conditional;Baseline;;NA;-78;;;NA;https://www4.unfccc.int/sites/submissions/INDC/Published%20Documents/Republic%20of%20Moldova/1/INDC_Republic_of_Moldova_25.09.2015.pdf;;V3;New non-EU-27 observation added in V3;active;V3
MDA;1990;Moldova (Republic of);Moldova;Europe & Central Asia;Upper middle income;2020;2010;2030;NA;-70;-70;Percent;Unconditional;Baseline;;NA;-70;;;NA;https://unfccc.int/sites/default/files/NDC/2022-06/MD_Updated_NDC_final_version_EN.pdf;;V3;New non-EU-27 observation added in V3;active;V3
MDG;NA;Madagascar;Madagascar;Sub-Saharan Africa;Low income;2015;2015;2030;NA;-14;-14;Percent;Unconditional;BAU;;NA;669.354951;;BAU 2030 214 MtCO2eq;214;https://www4.unfccc.int/sites/submissions/INDC/Published%20Documents/Madagascar/1/Madagascar%20INDC%20Eng.pdf;;V3;New non-EU-27 observation added in V3;active;V3
MDG;NA;Madagascar;Madagascar;Sub-Saharan Africa;Low income;2022;2015;2030;NA;-28;-28;Percent;Unconditional;BAU;;NA;420.405668;;BAU 2030 172.895 MtCO2eq;172.9;https://unfccc.int/sites/default/files/NDC/2024-01/NDC%202%20MADAGASCAR.pdf;;V3;New non-EU-27 observation added in V3;active;V3
MDV;1990;Maldives;Maldives;South Asia;Upper middle income;2020;2020;2030;NA;-100;-100;Percent;Conditional;Baseline;Net zero;NA;-100;;;NA;https://unfccc.int/sites/default/files/NDC/2022-06/Maldives%20Nationally%20Determined%20Contribution%202020.pdf;;V3;New non-EU-27 observation added in V3;active;V3
MDV;NA;Maldives;Maldives;South Asia;Upper middle income;2020;2020;2030;NA;-26;-26;Percent;Conditional;BAU;;NA;1688.0218;;BAU 2030 3284.92 Gg CO2eq;3.28;https://unfccc.int/sites/default/files/NDC/2022-06/Maldives%20Nationally%20Determined%20Contribution%202020.pdf;;V3;New non-EU-27 observation added in V3;active;V3
MDV;NA;Maldives;Maldives;South Asia;Upper middle income;2025;2020;2035;NA;-1.52;-1.52;MtCO2eq reduction;Conditional;BAU;;3222;3222;;BAU 2035 6.03 MtCO2eq;6.03;https://unfccc.int/sites/default/files/2025-02/Maldives%E2%80%99%20Third%20Nationally%20Determined%20Contribution.pdf;;V3;New non-EU-27 observation added in V3;active;V3
MEX;NA;Mexico;Mexico;Latin America & Caribbean;Upper middle income;2022;2010;2030;NA;-40;-40;Percent;Conditional;BAU;;NA;35.0396841;;BAU 2030 991 MtCO2eq;991;https://unfccc.int/sites/default/files/NDC/2022-11/Mexico_NDC_UNFCCC_update2022_FINAL.pdf;;V3;New non-EU-27 observation added in V3;active;V3
MEX;1990;Mexico;Mexico;Latin America & Caribbean;Upper middle income;2024;2010;2050;NA;-100;-100;Percent;Unconditional;Baseline;Net zero;NA;-100;;;NA;https://www.bloomberg.com/news/articles/2024-11-21/cop29-mexico-and-eu-vow-steep-emissions-cuts-in-nudge-to-other-nations;;V3;New non-EU-27 observation added in V3;active;V3
MEX;NA;Mexico;Mexico;Latin America & Caribbean;Upper middle income;2010;2010;2020;NA;-30;-30;Percent;Conditional;BAU;;NA;25.9098568;;BAU 2020 792 MtCO2eq;792;https://files.wri.org/s3fs-public/assessing_non_annex_i_pledges.pdf;;V3;New non-EU-27 observation added in V3;active;V3
MEX;NA;Mexico;Mexico;Latin America & Caribbean;Upper middle income;2015;2010;2030;NA;-36;-36;Percent;Conditional;BAU;;NA;40.9899695;;BAU 2030 970 MtCO2eq;970;https://www4.unfccc.int/sites/submissions/INDC/Published%20Documents/Mexico/1/MEXICO%20INDC%2003.30.2015.pdf;;V3;New non-EU-27 observation added in V3;active;V3
MEX;NA;Mexico;Mexico;Latin America & Caribbean;Upper middle income;2022;2010;2030;NA;-35;-35;Percent;Unconditional;BAU;;NA;46.2929911;;BAU 2030 991 MtCO2eq;991;https://unfccc.int/sites/default/files/NDC/2022-11/Mexico_NDC_UNFCCC_update2022_FINAL.pdf;;V3;New non-EU-27 observation added in V3;active;V3
MEX;NA;Mexico;Mexico;Latin America & Caribbean;Upper middle income;2015;2010;2030;NA;-22;-22;Percent;Unconditional;BAU;;NA;71.8315253;Also have targets for black carbon;BAU 2030 970 MtCO2eq;970;https://www4.unfccc.int/sites/submissions/INDC/Published%20Documents/Mexico/1/MEXICO%20INDC%2003.30.2015.pdf;;V3;New non-EU-27 observation added in V3;active;V3
MHL;2010;Marshall Islands;Marshall Islands;East Asia & Pacific;Upper middle income;2020;2010;2035;-58;NA;-58;Percent;Unconditional;Baseline;;NA;-41.357129;Non-binding;;NA;https://unfccc.int/sites/default/files/NDC/2022-06/RMI%20NDC-UpdateUPDATED_01.20.2021.pdf;;V3;New non-EU-27 observation added in V3;active;V3
MHL;2010;Marshall Islands;Marshall Islands;East Asia & Pacific;Upper middle income;2015;2010;2025;NA;-32;-32;Percent;Unconditional;Baseline;;NA;-5.0543987;;;NA;https://unfccc.int/sites/default/files/NDC/2022-06/150721%20RMI%20INDC%20JULY%202015%20FINAL%20SUBMITTED.pdf;;V3;New non-EU-27 observation added in V3;active;V3
MHL;2009;Marshall Islands;Marshall Islands;East Asia & Pacific;Upper middle income;2010;2010;2020;NA;-40;-40;Percent;Conditional;Baseline;;NA;-14.085457;;;NA;https://unfccc.int/files/meetings/cop_15/copenhagen_accord/application/pdf/marshallislandscphaccord_app2.pdf;;V3;New non-EU-27 observation added in V3;active;V3
MHL;2010;Marshall Islands;Marshall Islands;East Asia & Pacific;Upper middle income;2015;2010;2030;NA;-45;-45;Percent;Unconditional;Baseline;;NA;-23.205764;;;NA;https://unfccc.int/sites/default/files/NDC/2022-06/150721%20RMI%20INDC%20JULY%202015%20FINAL%20SUBMITTED.pdf;;V3;New non-EU-27 observation added in V3;active;V3
MHL;1990;Marshall Islands;Marshall Islands;East Asia & Pacific;Upper middle income;2018;2010;2050;NA;-100;-100;Percent;Unconditional;Baseline;Net zero;NA;-100;;;NA;https://unfccc.int/sites/default/files/NDC/2022-06/20181122%20Marshall%20Islands%20NDC%20to%20UNFCCC%2022%20November%202018%20FINAL.pdf;;V3;New non-EU-27 observation added in V3;active;V3
MKD;1990;North Macedonia;North Macedonia;Europe & Central Asia;Upper middle income;2021;2015;2030;NA;-51;-51;Percent;Unconditional;Baseline;;NA;-51;;;NA;https://unfccc.int/sites/default/files/NDC/2022-06/Macedonian%20enhanced%20NDC%20%28002%29.pdf;;V3;New non-EU-27 observation added in V3;active;V3
MKD;NA;North Macedonia;North Macedonia;Europe & Central Asia;Upper middle income;2015;2015;2030;-30;-36;-33;Percent;Unconditional;BAU;;NA;82054.2471;Only CO2 and fossil fuel combustion;BAU 2030 17663 ktCO2eq;17663;https://www4.unfccc.int/sites/submissions/INDC/Published%20Documents/The%20former%20Yugoslav%20Republic%20of%20Macedonia/Submission_Republic_of_Macedonia_20150805144001_135181.pdf;;V3;New non-EU-27 observation added in V3;active;V3
MLI;NA;Mali;Mali;Sub-Saharan Africa;Low income;2021;2015;2030;NA;-31;-31;Percent;Conditional;BAU;;NA;NA;Waste, no economy-wide target;;NA;https://unfccc.int/sites/default/files/NDC/2022-06/MALI%20First%20NDC%20update.pdf;;V3;New non-EU-27 observation added in V3;active;V3
MLI;NA;Mali;Mali;Sub-Saharan Africa;Low income;2021;2015;2030;NA;-25;-25;Percent;Conditional;BAU;;NA;NA;Agriculture, no economy-wide target;;NA;https://unfccc.int/sites/default/files/NDC/2022-06/MALI%20First%20NDC%20update.pdf;;V3;New non-EU-27 observation added in V3;active;V3
MLI;NA;Mali;Mali;Sub-Saharan Africa;Low income;2015;2015;2030;NA;-31;-31;Percent;Conditional;BAU;;NA;NA;Energy, no economy-wide target;;NA;https://www4.unfccc.int/sites/submissions/INDC/Published%20Documents/Mali/1/CPDN_MALI_VFsegal.pdf;;V3;New non-EU-27 observation added in V3;active;V3
MLI;NA;Mali;Mali;Sub-Saharan Africa;Low income;2021;2015;2030;NA;-39;-39;Percent;Conditional;BAU;;NA;NA;Land use and forestry, no economy-wide target;;NA;https://unfccc.int/sites/default/files/NDC/2022-06/MALI%20First%20NDC%20update.pdf;;V3;New non-EU-27 observation added in V3;active;V3
MLI;NA;Mali;Mali;Sub-Saharan Africa;Low income;2015;2015;2030;NA;-21;-21;Percent;Conditional;BAU;;NA;NA;Land use and forestry, no economy-wide target;;NA;https://www4.unfccc.int/sites/submissions/INDC/Published%20Documents/Mali/1/CPDN_MALI_VFsegal.pdf;;V3;New non-EU-27 observation added in V3;active;V3
MLI;NA;Mali;Mali;Sub-Saharan Africa;Low income;2015;2015;2030;NA;-29;-29;Percent;Conditional;BAU;;NA;NA;Agriculture, no economy-wide target;;NA;https://www4.unfccc.int/sites/submissions/INDC/Published%20Documents/Mali/1/CPDN_MALI_VFsegal.pdf;;V3;New non-EU-27 observation added in V3;active;V3
MLT;1990;Malta;Malta;Middle East & North Africa;High income;2021;2014;2050;NA;-100;-100;Percent;Unconditional;Baseline;Carbon neutrality;NA;-100;;;NA;https://unfccc.int/sites/default/files/resource/MLT_LTS_Nov2021.pdf;;V1;;active;V1
MLT;2005;Malta;Malta;Middle East & North Africa;High income;2018;2014;2030;NA;-19;-19;Percent;Unconditional;Baseline;;NA;-6.1358371;;;NA;https://eur-lex.europa.eu/legal-content/EN/TXT/PDF/?uri=CELEX:32018R0842&from=EN;;V1;;active;V1
MLT;1990;Malta;Malta;Middle East & North Africa;High income;2014;2014;2020;NA;-20;-20;Percent;Unconditional;Baseline;;NA;-20;;;NA;https://unfccc.int/files/national_reports/biennial_reports_and_iar/submitted_biennial_reports/application/pdf/mlt_br1.pdf;;V1;;active;V1
MMR;NA;Myanmar;Myanmar;East Asia & Pacific;Lower middle income;2021;2021;2030;NA;-244.52;-244.52;MtCO2eq reduction;Unconditional;BAU;;788;788;During 2021-2030;BAU 2030 842.74 MtCO2eq (Table 18);842.74;https://unfccc.int/sites/default/files/NDC/2022-06/Myanmar%20Updated%20%20NDC%20July%202021.pdf;;V3;New non-EU-27 observation added in V3;active;V3
MMR;NA;Myanmar;Myanmar;East Asia & Pacific;Lower middle income;2021;2021;2030;NA;-414.75;-414.75;MtCO2eq reduction;Conditional;BAU;;535;535;During 2021-2030;BAU 2030 842.74 MtCO2eq (Table 18);842.74;https://unfccc.int/sites/default/files/NDC/2022-06/Myanmar%20Updated%20%20NDC%20July%202021.pdf;;V3;New non-EU-27 observation added in V3;active;V3
MNE;1990;Montenegro;Montenegro;Europe & Central Asia;Upper middle income;2025;2010;2030;-55;NA;-55;Percent;Unconditional;Baseline;;NA;NA;;;NA;https://unfccc.int/sites/default/files/2025-02/001_eng_NDC_Montenegro.pdf;;V3;New non-EU-27 observation added in V3;active;V3
MNE;1990;Montenegro;Montenegro;Europe & Central Asia;Upper middle income;2025;2010;2035;-60;NA;-60;Percent;Unconditional;Baseline;;NA;NA;;;NA;https://unfccc.int/sites/default/files/2025-02/001_eng_NDC_Montenegro.pdf;;V3;New non-EU-27 observation added in V3;active;V3
MNE;1990;Montenegro;Montenegro;Europe & Central Asia;Upper middle income;2010;2010;2025;NA;-25;-25;Percent;Unconditional;Baseline;;NA;NA;;;NA;https://unfccc.int/resource/docs/natc/mnenc1.pdf;;V3;New non-EU-27 observation added in V3;active;V3
MNE;1990;Montenegro;Montenegro;Europe & Central Asia;Upper middle income;2021;2010;2030;NA;-35;-35;Percent;Unconditional;Baseline;;NA;NA;Excluding LULUCF;;NA;https://unfccc.int/sites/default/files/NDC/2022-06/Updated%20NDC%20for%20Montenegro.pdf;;V3;New non-EU-27 observation added in V3;active;V3
MNE;1990;Montenegro;Montenegro;Europe & Central Asia;Upper middle income;2016;2010;2030;NA;-30;-30;Percent;Unconditional;Baseline;;NA;NA;;;NA;https://unfccc.int/files/national_reports/non-annex_i_parties/biennial_update_reports/application/pdf/monbur1.pdf;;V3;New non-EU-27 observation added in V3;active;V3
MNG;NA;Mongolia;Mongolia;East Asia & Pacific;Upper middle income;2019;2015;2030;NA;-22.7;-22.7;Percent;Unconditional;BAU;;NA;123.159892;Excluding LULUCF;BAU 2030 74.3 MtCO2eq;74.3;https://www4.unfccc.int/sites/submissions/INDC/Published%20Documents/Mongolia/1/150924_INDCs%20of%20Mongolia.pdf;;V3;New non-EU-27 observation added in V3;active;V3
MNG;NA;Mongolia;Mongolia;East Asia & Pacific;Upper middle income;2015;2015;2030;NA;-14;-14;Percent;Unconditional;BAU;;NA;67.0768542;Excluding LULUCF;BAU 2030 50 MtCO2eq (from a graph);50;https://www4.unfccc.int/sites/submissions/INDC/Published%20Documents/Mongolia/1/150924_INDCs%20of%20Mongolia.pdf;;V3;New non-EU-27 observation added in V3;active;V3
MNG;NA;Mongolia;Mongolia;East Asia & Pacific;Upper middle income;2019;2015;2030;NA;-27.2;-27.2;Percent;Conditional;BAU;;NA;110.168695;Excluding LULUCF;BAU 2030 74.3 MtCO2eq;74.3;https://www4.unfccc.int/sites/submissions/INDC/Published%20Documents/Mongolia/1/150924_INDCs%20of%20Mongolia.pdf;;V3;New non-EU-27 observation added in V3;active;V3
MOZ;NA;Mozambique;Mozambique;Sub-Saharan Africa;Low income;2021;2015;2025;NA;-40;-40;MtCO2eq reduction;Conditional;BAU;;58;58;During 2020-2025;BAU 2025 54 MtCO2eq (without LULUCF);54;https://unfccc.int/sites/default/files/NDC/2022-06/NDC_EN_Final.pdf;;V3;New non-EU-27 observation added in V3;active;V3
MOZ;NA;Mozambique;Mozambique;Sub-Saharan Africa;Low income;2015;2015;2030;NA;-76.5;-76.5;MtCO2eq reduction;Conditional;BAU;;NA;NA;During 2020-2030;NA;NA;https://www4.unfccc.int/sites/submissions/INDC/Published%20Documents/Mozambique/1/MOZ_INDC_Final_Version.pdf;;V3;New non-EU-27 observation added in V3;active;V3
MRT;NA;Mauritania;Mauritania;Sub-Saharan Africa;Lower middle income;2021;2015;2030;NA;-11;-11;Percent;Unconditional;BAU;;NA;115.907331;;BAU 2030 16134.62 GgCO2eq;16.13;https://unfccc.int/sites/default/files/NDC/2022-06/CDN-actualis%C3%A9%202021_%20Mauritania.pdf;;V3;New non-EU-27 observation added in V3;active;V3
MRT;NA;Mauritania;Mauritania;Sub-Saharan Africa;Lower middle income;2015;2015;2030;NA;-22.3;-22.3;Percent;Conditional;BAU;;NA;120.163303;;BAU 2030 18.84 MtCO2eq;18.84;https://unfccc.int/sites/default/files/NDC/2022-06/INDC%20MAURITANIA.pdf;;V3;New non-EU-27 observation added in V3;active;V3
MRT;NA;Mauritania;Mauritania;Sub-Saharan Africa;Lower middle income;2021;2015;2030;NA;-92.5;-92.5;Percent;Conditional;BAU;Carbon neutrality;NA;-81.805562;;BAU 2030 16134.62 GgCO2eq;16.13;https://unfccc.int/sites/default/files/NDC/2022-06/CDN-actualis%C3%A9%202021_%20Mauritania.pdf;;V3;New non-EU-27 observation added in V3;active;V3
MUS;NA;Mauritius;Mauritius;Sub-Saharan Africa;Upper middle income;2015;2015;2030;NA;-30;-30;Percent;Conditional;BAU;;NA;165.869935;;BAU 2030 7 MtCO2eq;7;https://www4.unfccc.int/sites/submissions/INDC/Published%20Documents/Mauritius/1/Final%20INDC%20for%20Mauritius%2028%20Sept%202015.pdf;;V3;New non-EU-27 observation added in V3;active;V3
MUS;NA;Mauritius;Mauritius;Sub-Saharan Africa;Upper middle income;2021;2015;2030;NA;-40;-40;Percent;Conditional;BAU;;NA;124.632966;;BAU 2030 6.9 MtCO2eq;6.9;https://unfccc.int/sites/default/files/NDC/2022-06/Final%20Updated%20NDC%20for%20the%20Republic%20of%20Mauritius%2001%20October%202021.docx;;V3;New non-EU-27 observation added in V3;active;V3
MWI;NA;Malawi;Malawi;Sub-Saharan Africa;Low income;2021;2021;2040;NA;-6;-6;Percent;Unconditional;BAU;;NA;453.857142;Excluding LULUCF;BAU 2040 34.6 MtCO2eq;34.6;https://unfccc.int/sites/default/files/NDC/2022-06/Malawi%20Updated%20NDC%20July%202021%20submitted.pdf;;V3;New non-EU-27 observation added in V3;active;V3
MWI;NA;Malawi;Malawi;Sub-Saharan Africa;Low income;2021;2021;2040;NA;-51;-51;Percent;Conditional;BAU;;NA;188.712766;Excluding LULUCF;BAU 2040 34.6 MtCO2eq;34.6;https://unfccc.int/sites/default/files/NDC/2022-06/Malawi%20Updated%20NDC%20July%202021%20submitted.pdf;;V3;New non-EU-27 observation added in V3;active;V3
MYS;2005;Malaysia;Malaysia;East Asia & Pacific;Upper middle income;2021;2016;2030;NA;-45;-45;Percent per GDP;Unconditional;Intensity;;748;748;;Emission intensity (base year) 0.531 tons CO2eq per thousand RM, GDP 2030 616.3 billion USD, 1RM = 0.23 USD (26.04.2025);NA;https://unfccc.int/sites/default/files/NDC/2022-06/Malaysia%20NDC%20Updated%20Submission%20to%20UNFCCC%20July%202021%20final.pdf;;V3;New non-EU-27 observation added in V3;active;V3
MYS;1990;Malaysia;Malaysia;East Asia & Pacific;Upper middle income;2021;2016;2050;NA;-100;-100;Percent;Unconditional;Baseline;Carbon neutrality;NA;-100;;;NA;https://pulse.icdm.com.my/wp-content/uploads/2021/09/Twelfth-Plan-Document_compressed-1.pdf;;V3;New non-EU-27 observation added in V3;active;V3
MYS;2005;Malaysia;Malaysia;East Asia & Pacific;Upper middle income;2016;2016;2030;NA;-45;-45;Percent per GDP;Conditional;Intensity;;748;748;;Emission intensity (base year) 0.531 tons CO2eq per thousand RM, GDP 2030 616.3 billion USD, 1RM = 0.23 USD (26.04.2025);NA;https://www4.unfccc.int/sites/submissions/INDC/Published%20Documents/Malaysia/1/INDC%20Malaysia%20Final%2027%20November%202015%20Revised%20Final%20UNFCCC.pdf;;V3;New non-EU-27 observation added in V3;active;V3
MYS;2005;Malaysia;Malaysia;East Asia & Pacific;Upper middle income;2016;2016;2030;NA;-35;-35;Percent per GDP;Unconditional;Intensity;;902;902;;Emission intensity (base year) 0.531 tons CO2eq per thousand RM, GDP 2030 616.3 billion USD, 1RM = 0.23 USD (26.04.2025);NA;https://www4.unfccc.int/sites/submissions/INDC/Published%20Documents/Malaysia/1/INDC%20Malaysia%20Final%2027%20November%202015%20Revised%20Final%20UNFCCC.pdf;https://www.xe.com/currencyconverter/convert/?Amount=1&From=MYR&To=USD;V3;New non-EU-27 observation added in V3;active;V3
NAM;NA;Namibia;Namibia;Sub-Saharan Africa;Upper middle income;2015;2015;2030;NA;-89;-89;Percent;Unconditional;BAU;;NA;-61.98182;;BAU 2030 22647 GgCO2eq;22.65;https://www4.unfccc.int/sites/submissions/INDC/Published%20Documents/Namibia/1/INDC%20of%20Namibia%20Final%20pdf.pdf;;V3;New non-EU-27 observation added in V3;active;V3
NAM;NA;Namibia;Namibia;Sub-Saharan Africa;Upper middle income;2023;2015;2030;NA;-11.902;-11.902;MtCO2eq reduction;Unconditional;BAU;;-1666;-1666;;BAU 2030 -90.713 MtCO2eq;-90.71;https://unfccc.int/sites/default/files/NDC/2024-01/FINAL%20UPDATED%20NAMIBIA%20NDC%202023.pdf;;V3;New non-EU-27 observation added in V3;active;V3
NAM;1990;Namibia;Namibia;Sub-Saharan Africa;Upper middle income;2021;2015;2050;NA;-100;-100;Percent;Unconditional;Baseline;Net zero;NA;-100;;;NA;https://unfccc.int/sites/default/files/NDC/2022-06/Namibia's%20Updated%20NDC_%20FINAL%2025%20July%202021.pdf;;V3;New non-EU-27 observation added in V3;active;V3
NER;NA;Niger;Niger;Sub-Saharan Africa;Low income;2015;2015;2020;NA;-2.5;-2.5;Percent;Unconditional;BAU;;505;505;Only AFOLU and energy;BAU 2020 66821 GgCO2eq;66.82;https://unfccc.int/sites/default/files/NDC/2022-06/Niger-INDC-versionfinale.pdf;;V3;New non-EU-27 observation added in V3;active;V3
NER;NA;Niger;Niger;Sub-Saharan Africa;Low income;2015;2015;2030;NA;-3.5;-3.5;Percent;Unconditional;BAU;;765;765;Only AFOLU and energy;BAU 2030 96468 GgCO2eq;96.47;https://unfccc.int/sites/default/files/NDC/2022-06/Niger-INDC-versionfinale.pdf;;V3;New non-EU-27 observation added in V3;active;V3
NER;NA;Niger;Niger;Sub-Saharan Africa;Low income;2021;2015;2025;NA;-11.2;-11.2;Percent;Unconditional;BAU;;NA;NA;Only energy;BAU 2025 7454 ktCO2eq;7.45;https://unfccc.int/sites/default/files/NDC/2022-06/CDN_Niger_R%C3%A9vis%C3%A9e_2021.pdf;;V3;New non-EU-27 observation added in V3;active;V3
NER;NA;Niger;Niger;Sub-Saharan Africa;Low income;2021;2015;2030;NA;-45;-45;Percent;Conditional;BAU;;NA;NA;Only energy;BAU 2030 11756 ktCO2eq;117.56;https://unfccc.int/sites/default/files/NDC/2022-06/CDN_Niger_R%C3%A9vis%C3%A9e_2021.pdf;;V3;New non-EU-27 observation added in V3;active;V3
NER;NA;Niger;Niger;Sub-Saharan Africa;Low income;2015;2015;2030;NA;-34.6;-34.6;Percent;Conditional;BAU;;486;486;Only AFOLU and energy;BAU 2030 96468 GgCO2eq;96.47;https://unfccc.int/sites/default/files/NDC/2022-06/Niger-INDC-versionfinale.pdf;;V3;New non-EU-27 observation added in V3;active;V3
NER;NA;Niger;Niger;Sub-Saharan Africa;Low income;2021;2015;2025;NA;-14.6;-14.6;Percent;Conditional;BAU;;487;487;Only AFOLU;BAU 2025 69434 ktCO2eq;69.43;https://unfccc.int/sites/default/files/NDC/2022-06/CDN_Niger_R%C3%A9vis%C3%A9e_2021.pdf;;V3;New non-EU-27 observation added in V3;active;V3
NER;NA;Niger;Niger;Sub-Saharan Africa;Low income;2015;2015;2020;NA;-25;-25;Percent;Conditional;BAU;;366;366;Only AFOLU and energy;BAU 2020 66821 GgCO2eq;66.82;https://unfccc.int/sites/default/files/NDC/2022-06/Niger-INDC-versionfinale.pdf;;V3;New non-EU-27 observation added in V3;active;V3
NER;NA;Niger;Niger;Sub-Saharan Africa;Low income;2021;2015;2030;NA;-10.6;-10.6;Percent;Unconditional;BAU;;NA;NA;Only energy;BAU 2030 11756 ktCO2eq;117.56;https://unfccc.int/sites/default/files/NDC/2022-06/CDN_Niger_R%C3%A9vis%C3%A9e_2021.pdf;;V3;New non-EU-27 observation added in V3;active;V3
NER;NA;Niger;Niger;Sub-Saharan Africa;Low income;2021;2015;2030;NA;-22.75;-22.75;Percent;Conditional;BAU;;1271;1271;Only AFOLU;BAU 2030 107296 ktCO2eq;107.3;https://unfccc.int/sites/default/files/NDC/2022-06/CDN_Niger_R%C3%A9vis%C3%A9e_2021.pdf;;V3;New non-EU-27 observation added in V3;active;V3
NER;NA;Niger;Niger;Sub-Saharan Africa;Low income;2021;2015;2030;NA;-12.57;-12.57;Percent;Unconditional;BAU;;1748;1748;Only AFOLU;BAU 2030 107296 ktCO2eq;107.3;https://unfccc.int/sites/default/files/NDC/2022-06/CDN_Niger_R%C3%A9vis%C3%A9e_2021.pdf;;V3;New non-EU-27 observation added in V3;active;V3
NER;NA;Niger;Niger;Sub-Saharan Africa;Low income;2021;2015;2025;NA;-4.5;-4.5;Percent;Unconditional;BAU;;578;578;Only AFOLU;BAU 2025 69434 ktCO2eq;69.43;https://unfccc.int/sites/default/files/NDC/2022-06/CDN_Niger_R%C3%A9vis%C3%A9e_2021.pdf;;V3;New non-EU-27 observation added in V3;active;V3
NER;NA;Niger;Niger;Sub-Saharan Africa;Low income;2021;2015;2025;NA;-48;-48;Percent;Conditional;BAU;;NA;NA;Only energy;BAU 2025 7454 ktCO2eq;7.45;https://unfccc.int/sites/default/files/NDC/2022-06/CDN_Niger_R%C3%A9vis%C3%A9e_2021.pdf;;V3;New non-EU-27 observation added in V3;active;V3
NGA;NA;Nigeria;Nigeria;Sub-Saharan Africa;Lower middle income;2015;2015;2030;NA;-20;-20;Percent;Unconditional;BAU;;NA;158.707207;;BAU 2030 900 MtCO2eq (from a graph);900;https://www4.unfccc.int/sites/submissions/INDC/Published%20Documents/Nigeria/1/Approved%20Nigeria's%20INDC_271115.pdf;;V3;New non-EU-27 observation added in V3;active;V3
NGA;NA;Nigeria;Nigeria;Sub-Saharan Africa;Lower middle income;2021;2015;2030;NA;-47;-47;Percent;Conditional;BAU;;NA;-13.731926;;BAU 2030 453 MtCO2eq;453;https://unfccc.int/sites/default/files/NDC/2022-06/NDC_File%20Amended%20_11222.pdf;;V3;New non-EU-27 observation added in V3;active;V3
NGA;1990;Nigeria;Nigeria;Sub-Saharan Africa;Lower middle income;2024;2015;2060;NA;-100;-100;Percent;Unconditional;Baseline;Net zero;NA;-100;;;NA;https://unfccc.int/sites/default/files/resource/Nigeria_LT-LEDS_01122023_240425_094617.pdf;;V3;New non-EU-27 observation added in V3;active;V3
NGA;NA;Nigeria;Nigeria;Sub-Saharan Africa;Lower middle income;2015;2015;2030;NA;-45;-45;Percent;Conditional;BAU;;NA;77.8612048;;BAU 2030 900 MtCO2eq (from a graph);900;https://www4.unfccc.int/sites/submissions/INDC/Published%20Documents/Nigeria/1/Approved%20Nigeria's%20INDC_271115.pdf;;V3;New non-EU-27 observation added in V3;active;V3
NIC;NA;Nicaragua;Nicaragua;Latin America & Caribbean;Lower middle income;2020;2020;2030;NA;-10;-10;Percent;Unconditional;BAU;;NA;583.500531;;BAU 2030 77 MTCO2eq;77;https://unfccc.int/sites/default/files/NDC/2022-06/Contribuciones_Nacionales_Determinadas_Nicaragua.pdf;;V3;New non-EU-27 observation added in V3;active;V3
NLD;1990;Netherlands;Netherlands;Europe & Central Asia;High income;1997;1997;2012;NA;6;6;Percent;Unconditional;Baseline;;NA;6;;;NA;https://www.eea.europa.eu/publications/progress-towards-kyoto;;V1;;active;V1
NLD;1990;Netherlands;Netherlands;Europe & Central Asia;High income;2019;1997;2050;NA;-95;-95;Percent;Unconditional;Baseline;;NA;-95;;;NA;https://www.government.nl/topics/climate-change/climate-policy;;V1;;active;V1
NLD;2005;Netherlands;Netherlands;Europe & Central Asia;High income;2018;1997;2030;NA;-36;-36;Percent;Unconditional;Baseline;;NA;-36.526562;;;NA;https://eur-lex.europa.eu/legal-content/EN/TXT/PDF/?uri=CELEX:32018R0842&from=EN;;V1;;active;V1
NLD;1990;Netherlands;Netherlands;Europe & Central Asia;High income;2020;1997;2050;NA;-100;-100;Percent;Unconditional;Baseline;Net zero;NA;-100;;;NA;https://wetten.overheid.nl/BWBR0042394/2020-01-01;;V1;;active;V1
NLD;1990;Netherlands;Netherlands;Europe & Central Asia;High income;2013;1997;2030;NA;-49;-49;Percent;Unconditional;Baseline;;NA;-49;;;NA;https://energy.ec.europa.eu/document/download/e1ed8d0a-54f9-4f95-bdd7-b97a54cf8c7e_en#:~:text=The%20Netherlands'%202030%20target%20for,by%202030%20compared%20to%201990;;V1;;active;V1
NLD;2005;Netherlands;Netherlands;Europe & Central Asia;High income;2023;1997;2030;NA;-48;-48;Percent;Unconditional;Baseline;;NA;-48.427832;;;NA;https://unfccc.int/sites/default/files/NDC/2023-10/ES-2023-10-17%20EU%20submission%20NDC%20update.pdf;;V1;;active;V1
NOR;1990;Norway;Norway;Europe & Central Asia;High income;2009;1997;2020;NA;-40;-40;Percent;Unconditional;Baseline;;NA;-40;;;NA;https://unfccc.int/topics/mitigation/workstreams/pre-2020-ambition/compilation-of-economy-wide-emission-reduction-targets-to-be-implemented-by-parties-included-in-annex-i-to-the-convention;;V3;New non-EU-27 observation added in V3;active;V3
NOR;1990;Norway;Norway;Europe & Central Asia;High income;2020;1997;2030;-50;-55;-52.5;Percent;Unconditional;Baseline;;NA;-52.5;;;NA;https://www4.unfccc.int/sites/submissions/INDC/Published%20Documents/Norway/1/Norway%20INDC%2026MAR2015.pdf;;V3;New non-EU-27 observation added in V3;active;V3
NOR;1990;Norway;Norway;Europe & Central Asia;High income;2021;1997;2030;NA;-100;-100;Percent;Unconditional;Baseline;Climate neutrality;NA;-100;;;NA;https://www.regjeringen.no/contentassets/a78ecf5ad2344fa5ae4a394412ef8975/en-gb/pdfs/stm202020210013000engpdfs.pdf;;V3;New non-EU-27 observation added in V3;active;V3
NOR;1990;Norway;Norway;Europe & Central Asia;High income;1997;1997;2012;NA;1;1;Percent;Unconditional;Baseline;;NA;1;;;NA;https://www.eea.europa.eu/publications/progress-towards-kyoto;;V3;New non-EU-27 observation added in V3;active;V3
NPL;1990;Nepal;Nepal;South Asia;Lower middle income;2021;2021;2045;NA;-100;-100;Percent;Unconditional;Baseline;Net zero;NA;-100;;;NA;https://climateactiontracker.org/countries/nepal/targets/;;V3;New non-EU-27 observation added in V3;active;V3
NRU;1990;Nauru;Nauru;East Asia & Pacific;High income;2021;2021;2050;NA;-100;-100;Percent;Unconditional;Baseline;Net zero;NA;-100;;;NA;https://unfccc.int/sites/default/files/NDC/2022-06/Nauru%20Updated%20NDC%20pdf.pdf;;V3;New non-EU-27 observation added in V3;active;V3
NZL;2005;New Zealand;New Zealand;East Asia & Pacific;High income;2025;1997;2050;NA;-100;-100;Percent;Unconditional;Baseline;Net zero;NA;-100;;;NA;https://unfccc.int/sites/default/files/2025-01/New%20Zealand%27s%20second%20Nationally%20Determined%20Contribution.pdf;;V3;New non-EU-27 observation added in V3;active;V3
NZL;1990;New Zealand;New Zealand;East Asia & Pacific;High income;1997;1997;2012;NA;0;0;Percent;Unconditional;Baseline;;NA;0;;;NA;https://unfccc.int/process-and-meetings/the-kyoto-protocol/what-is-the-kyoto-protocol/kyoto-protocol-targets-for-the-first-commitment-period;;V3;New non-EU-27 observation added in V3;active;V3
NZL;1990;New Zealand;New Zealand;East Asia & Pacific;High income;2010;1997;2020;-10;-20;-15;Percent;Unconditional;Baseline;;NA;-15;;;NA;https://unfccc.int/files/meetings/cop_15/copenhagen_accord/application/pdf/newzealandcphaccord_app1.pdf;;V3;New non-EU-27 observation added in V3;active;V3
NZL;2005;New Zealand;New Zealand;East Asia & Pacific;High income;2021;1997;2035;-51;-55;-53;Percent;Unconditional;Baseline;;NA;-42.290662;;;NA;https://unfccc.int/sites/default/files/2025-01/New%20Zealand%27s%20second%20Nationally%20Determined%20Contribution.pdf;;V3;New non-EU-27 observation added in V3;active;V3
OMN;NA;Oman;Oman;Middle East & North Africa;High income;2015;2015;2030;NA;-2;-2;Percent;Unconditional;BAU;;NA;153.749639;;BAU 2030 90524 GgCO2eq;90.52;https://www.climatewatchdata.org/ndcs/country/OMN/full?document=first_ndc;;V3;New non-EU-27 observation added in V3;active;V3
OMN;1990;Oman;Oman;Middle East & North Africa;High income;2023;2015;2050;NA;-100;-100;Percent;Unconditional;Baseline;Net zero;NA;-100;;;NA;https://www.climatewatchdata.org/ndcs/country/OMN/full?document=second_ndc-EN;;V3;New non-EU-27 observation added in V3;active;V3
OMN;NA;Oman;Oman;Middle East & North Africa;High income;2023;2015;2030;NA;-21;-21;Percent;Conditional;BAU;;NA;148.573363;;BAU 2030 110 MtCO2eq (from a graph);110;https://unfccc.int/sites/default/files/NDC/2023-11/Oman%201st%20Update%20of%20the%202nd%20NDC%20-%20Optimized%20Size%20%281%29.pdf;;V3;New non-EU-27 observation added in V3;active;V3
OMN;NA;Oman;Oman;Middle East & North Africa;High income;2023;2015;2030;NA;-7;-7;Percent;Unconditional;BAU;;NA;192.624339;;BAU 2030 110 MtCO2eq (from a graph);110;https://unfccc.int/sites/default/files/NDC/2023-11/Oman%201st%20Update%20of%20the%202nd%20NDC%20-%20Optimized%20Size%20%281%29.pdf;;V3;New non-EU-27 observation added in V3;active;V3
PAK;NA;Pakistan;Pakistan;South Asia;Lower middle income;2021;2021;2030;NA;-15;-15;Percent;Unconditional;BAU;;NA;576.230845;;BAU 2030 1603 MTCO2eq;1603;https://unfccc.int/sites/default/files/NDC/2022-06/Pakistan%20Updated%20NDC%202021.pdf;;V3;New non-EU-27 observation added in V3;active;V3
PAK;NA;Pakistan;Pakistan;South Asia;Lower middle income;2021;2021;2030;NA;-50;-50;Percent;Conditional;BAU;;NA;297.78285;;BAU 2030 1603 MTCO2eq;1603;https://unfccc.int/sites/default/files/NDC/2022-06/Pakistan%20Updated%20NDC%202021.pdf;;V3;New non-EU-27 observation added in V3;active;V3
PAN;NA;Panama;Panama;Latin America & Caribbean;High income;2020;2020;2050;-24;-24;-24;Percent;Unconditional;BAU;;NA;NA;Only energy;NA;NA;https://www.climatewatchdata.org/ndcs/country/PAN/full?document=revised_first_ndc;;V3;New non-EU-27 observation added in V3;active;V3
PAN;2015;Panama;Panama;Latin America & Caribbean;High income;2024;2020;2050;NA;-100;-100;Percent;Unconditional;Baseline;Net zero;NA;-100;;;NA;https://www.climatewatchdata.org/ndcs/country/PAN/overview?document=second_ndc&section=summary_of_commitment;;V3;New non-EU-27 observation added in V3;active;V3
PAN;NA;Panama;Panama;Latin America & Caribbean;High income;2020;2020;2030;-11.5;NA;-11.5;Percent;Unconditional;BAU;;NA;NA;Only energy;NA;NA;https://www.climatewatchdata.org/ndcs/country/PAN/full?document=revised_first_ndc;;V3;New non-EU-27 observation added in V3;active;V3
PER;NA;Peru;Peru;Latin America & Caribbean;Upper middle income;2016;2016;2030;NA;-20;-20;Percent;Unconditional;BAU;;NA;434.410882;;BAU 2030 298.3 MtCO2eq;298.3;https://unfccc.int/sites/default/files/NDC/2022-06/iNDC%20Per%C3%BA%20castellano.pdf;;V3;New non-EU-27 observation added in V3;active;V3
PER;NA;Peru;Peru;Latin America & Caribbean;Upper middle income;2020;2016;2030;NA;208.8;208.8;MtCO2eq;Unconditional;Trajectory;;NA;367.587127;;;NA;https://unfccc.int/sites/default/files/NDC/2022-06/Reporte%20de%20Actualizacio%CC%81n%20de%20las%20NDC%20del%20Peru%CC%81.pdf;;V3;New non-EU-27 observation added in V3;active;V3
PER;1990;Peru;Peru;Latin America & Caribbean;Upper middle income;2020;2016;2050;NA;-100;-100;Percent;Unconditional;Baseline;Net zero;NA;-100;;;NA;https://climateactiontracker.org/countries/peru/targets/;;V3;New non-EU-27 observation added in V3;active;V3
PER;NA;Peru;Peru;Latin America & Caribbean;Upper middle income;2016;2016;2030;NA;-30;-30;Percent;Conditional;BAU;;NA;367.609522;;BAU 2030 298.3 MtCO2eq;298.3;https://unfccc.int/sites/default/files/NDC/2022-06/iNDC%20Per%C3%BA%20castellano.pdf;;V3;New non-EU-27 observation added in V3;active;V3
PER;NA;Peru;Peru;Latin America & Caribbean;Upper middle income;2020;2016;2030;NA;179;179;MtCO2eq;Conditional;Trajectory;;NA;300.852949;;;NA;https://unfccc.int/sites/default/files/NDC/2022-06/Reporte%20de%20Actualizacio%CC%81n%20de%20las%20NDC%20del%20Peru%CC%81.pdf;;V3;New non-EU-27 observation added in V3;active;V3
PHL;NA;Philippines;Philippines;East Asia & Pacific;Lower middle income;2021;2015;2030;NA;-2.71;-2.71;Percent;Unconditional;BAU;;NA;221.123407;;BAU 2030 334 MtCO2eq;334;https://unfccc.int/sites/default/files/NDC/2022-06/Philippines%20-%20NDC.pdf;https://climateactiontracker.org/countries/philippines/targets/#:~:text=The%20Philippines%20updated%20its%20conditional,2e%20in%202030%20excl.;V3;New non-EU-27 observation added in V3;active;V3
PHL;NA;Philippines;Philippines;East Asia & Pacific;Lower middle income;2021;2015;2030;NA;-75;-75;Percent;Conditional;BAU;;NA;-17.482936;;BAU 2030 334 MtCO2eq;334;https://unfccc.int/sites/default/files/NDC/2022-06/Philippines%20-%20NDC.pdf;https://climateactiontracker.org/countries/philippines/targets/#:~:text=The%20Philippines%20updated%20its%20conditional,2e%20in%202030%20excl.;V3;New non-EU-27 observation added in V3;active;V3
PHL;NA;Philippines;Philippines;East Asia & Pacific;Lower middle income;2015;2015;2030;NA;-70;-70;Percent;Conditional;BAU;;NA;-0.9795231;;BAU 2030 334 MtCO2eq;334;https://www4.unfccc.int/sites/submissions/INDC/Published%20Documents/Philippines/1/Philippines%20-%20Final%20INDC%20submission.pdf;https://climateactiontracker.org/countries/philippines/targets/#:~:text=The%20Philippines%20updated%20its%20conditional,2e%20in%202030%20excl.;V3;New non-EU-27 observation added in V3;active;V3
PLW;2005;Palau;Palau;East Asia & Pacific;High income;2015;2015;2025;NA;-22;-22;Percent;Unconditional;Baseline;;NA;-38.648258;;;NA;https://unfccc.int/sites/default/files/NDC/2022-06/Palau_INDC.Final%20Copy.pdf;;V3;New non-EU-27 observation added in V3;active;V3
PNG;NA;Papua New Guinea;Papua New Guinea;East Asia & Pacific;Lower middle income;2010;2010;2030;-50;NA;-50;Percent;Unconditional;BAU;;NA;NA;;NA;NA;https://files.wri.org/s3fs-public/assessing_non_annex_i_pledges.pdf;;V3;New non-EU-27 observation added in V3;active;V3
PNG;1990;Papua New Guinea;Papua New Guinea;East Asia & Pacific;Lower middle income;2020;2010;2050;NA;-100;-100;Percent;Unconditional;Baseline;Carbon neutrality;NA;NA;Only energy;;NA;https://unfccc.int/sites/default/files/NDC/2022-06/PNG%20Second%20NDC.pdf;;V3;New non-EU-27 observation added in V3;active;V3
PNG;NA;Papua New Guinea;Papua New Guinea;East Asia & Pacific;Lower middle income;2020;2010;2030;NA;-8.284;-8.284;MTCO2eq;Unconditional;Trajectory;;NA;NA;Only LULUCF (aims to emit -8284 GgCO2eq);;NA;https://unfccc.int/sites/default/files/NDC/2022-06/PNG%20Second%20NDC.pdf;;V3;New non-EU-27 observation added in V3;active;V3
POL;2005;Poland;Poland;Europe & Central Asia;High income;2023;1997;2030;NA;-17.7;-17.7;Percent;Unconditional;Baseline;;NA;-33.976294;;;NA;https://unfccc.int/sites/default/files/NDC/2023-10/ES-2023-10-17%20EU%20submission%20NDC%20update.pdf;;V1;;active;V1
POL;1990;Poland;Poland;Europe & Central Asia;High income;1997;1997;2012;NA;-6;-6;Percent;Unconditional;Baseline;;NA;-6;;;NA;https://www.eea.europa.eu/publications/progress-towards-kyoto;;V1;;active;V1
POL;1998;Poland;Poland;Europe & Central Asia;High income;2014;1997;2012;NA;-6;-6;Percent;Unconditional;Baseline;;NA;-18.510425;;;NA;https://climate-laws.org/document/strategy-for-energy-security-and-environment-ese_f01a;;V1;;active;V1
POL;2005;Poland;Poland;Europe & Central Asia;High income;2018;1997;2030;NA;-7;-7;Percent;Unconditional;Baseline;;NA;-25.39241;;;NA;https://eur-lex.europa.eu/legal-content/EN/TXT/PDF/?uri=CELEX:32018R0842&from=EN;;V1;;active;V1
PRK;NA;Korea (Democratic People's Republic of );North Korea;East Asia & Pacific;Low income;2019;2016;2030;NA;-52;-52;Percent;Conditional;BAU;;NA;-46.249687;;BAU 2030 187.73 MtCO2eq;187.73;https://unfccc.int/sites/default/files/NDC/2022-06/2019.09.19_DPRK%20letter%20to%20SG%20special%20envoy%20for%20NDC.pdf;;V3;New non-EU-27 observation added in V3;active;V3
PRK;NA;Korea (Democratic People's Republic of );North Korea;East Asia & Pacific;Low income;2016;2016;2030;NA;-40.25;-40.25;Percent;Conditional;BAU;;NA;-33.092058;;BAU 2030 187.73 MtCO2eq;187.73;https://unfccc.int/sites/default/files/NDC/2022-06/DPRK-INDC%20by%202030.pdf;;V3;New non-EU-27 observation added in V3;active;V3
PRK;NA;Korea (Democratic People's Republic of );North Korea;East Asia & Pacific;Low income;2016;2016;2030;NA;-8;-8;Percent;Unconditional;BAU;;NA;3.0214336;;BAU 2030 187.73 MtCO2eq;187.73;https://unfccc.int/sites/default/files/NDC/2022-06/DPRK-INDC%20by%202030.pdf;;V3;New non-EU-27 observation added in V3;active;V3
PRK;NA;Korea (Democratic People's Republic of );North Korea;East Asia & Pacific;Low income;2019;2016;2030;NA;-16.4;-16.4;Percent;Unconditional;BAU;;NA;-6.3848712;;BAU 2030 187.73 MtCO2eq;187.73;https://unfccc.int/sites/default/files/NDC/2022-06/2019.09.19_DPRK%20letter%20to%20SG%20special%20envoy%20for%20NDC.pdf;;V3;New non-EU-27 observation added in V3;active;V3
PRT;1990;Portugal;Portugal;Europe & Central Asia;High income;1997;1997;2012;NA;27;27;Percent;Unconditional;Baseline;;NA;27;;;NA;https://www.eea.europa.eu/publications/progress-towards-kyoto;;V1;;active;V1
PRT;2005;Portugal;Portugal;Europe & Central Asia;High income;2018;1997;2030;NA;-17;-17;Percent;Unconditional;Baseline;;NA;18.0988893;;;NA;https://eur-lex.europa.eu/legal-content/EN/TXT/PDF/?uri=CELEX:32018R0842&from=EN;;V1;;active;V1
PRT;1990;Portugal;Portugal;Europe & Central Asia;High income;2019;1997;2050;NA;-100;-100;Percent;Unconditional;Baseline;Carbon neutrality;NA;-100;;;NA;https://unfccc.int/sites/default/files/resource/RNC2050_EN_PT%20Long%20Term%20Strategy.pdf;;V1;;active;V1
PRT;2005;Portugal;Portugal;Europe & Central Asia;High income;2023;1997;2030;NA;-28.7;-28.7;Percent;Unconditional;Baseline;;NA;1.45121455;;;NA;https://unfccc.int/sites/default/files/NDC/2023-10/ES-2023-10-17%20EU%20submission%20NDC%20update.pdf;;V1;;active;V1
PRT;2005;Portugal;Portugal;Europe & Central Asia;High income;2021;1997;2050;NA;-90;-90;Percent;Unconditional;Baseline;;NA;-85.771218;;;NA;https://climate-laws.org/document/framework-climate-law-no-98-2021_2801?q=ghg+target&r=europe-central-asia&l=portugal;;V1;;active;V1
PRT;2005;Portugal;Portugal;Europe & Central Asia;High income;2021;1997;2040;-65;-75;-70;Percent;Unconditional;Baseline;;NA;-57.313654;;;NA;https://climate-laws.org/document/framework-climate-law-no-98-2021_2801?q=ghg+target&r=europe-central-asia&l=portugal;;V1;;active;V1
PRT;2005;Portugal;Portugal;Europe & Central Asia;High income;2021;1997;2030;NA;-55;-55;Percent;Unconditional;Baseline;;NA;-35.970482;;;NA;https://climate-laws.org/document/framework-climate-law-no-98-2021_2801?q=ghg+target&r=europe-central-asia&l=portugal;;V1;;active;V1
PRT;2005;Portugal;Portugal;Europe & Central Asia;High income;2020;1997;2030;NA;-17;-17;Percent;Unconditional;Baseline;;NA;18.0988893;;;NA;https://unfccc.int/sites/default/files/NDC/2022-06/EU_NDC_Submission_December%202020_0.pdf;;V1;;active;V1
PRY;NA;Paraguay;Paraguay;Latin America & Caribbean;Upper middle income;2021;2021;2030;NA;-10;-10;Percent;Unconditional;BAU;;NA;343.583262;;BAU 2030 102542 GgCO2eq;102.54;https://unfccc.int/sites/default/files/NDC/2022-06/Actualizaci%C3%B3n-NDC%20VF%20PAG.%20WEB_MADES%20Mayo%202022.pdf;;V3;New non-EU-27 observation added in V3;active;V3
PRY;NA;Paraguay;Paraguay;Latin America & Caribbean;Upper middle income;2021;2021;2030;NA;-20;-20;Percent;Conditional;BAU;;NA;294.296233;;BAU 2030 102542 GgCO2eq;102.54;https://unfccc.int/sites/default/files/NDC/2022-06/Actualizaci%C3%B3n-NDC%20VF%20PAG.%20WEB_MADES%20Mayo%202022.pdf;;V3;New non-EU-27 observation added in V3;active;V3
QAT;NA;Qatar;Qatar;Middle East & North Africa;High income;2021;2021;2030;NA;-25;-25;Percent;Unconditional;BAU;;NA;507.723154;;BAU 2030 213 MtCO2eq (excluding LULUCF);213;https://unfccc.int/sites/default/files/NDC/2022-06/Qatar%20NDC.pdf;https://1p5ndc-pathways.climateanalytics.org/countries/qatar/current-situation#:~:text=No%20BAU%20scenario%20is%20provided%20in%20Qatar's,yet%20released%20long%2Dterm%20targets%20but%20according%20to;V3;New non-EU-27 observation added in V3;active;V3
ROU;1990;Romania;Romania;Europe & Central Asia;High income;2023;1997;2050;NA;-100;-100;Percent;Unconditional;Baseline;Climate neutrality;NA;-100;;;NA;https://climate-laws.org/documents/romania-s-long-term-strategy-for-reducing-greenhouse-gas-emissions_428e?id=romania-s-long-term-strategy-for-reducing-greenhouse-gas-emissions_bb49;;V1;;active;V1
"  Summary: https://climate-laws.org/document/romania-s-long-term-strategy-for-reducing-greenhouse-gas-emissions_bb49""";;Y;;1;241355.139;241355.139;;;;;;;;;;;;;;;;;V3;New non-EU-27 observation added in V3;active;V3
ROU;1989;Romania;Romania;Europe & Central Asia;High income;2005;1997;2008;NA;-8;-8;Percent;Unconditional;Baseline;;NA;5.16293482;;;NA;https://unfccc.int/resource/docs/natc/romnc3.pdf;;V1;;active;V1
ROU;1990;Romania;Romania;Europe & Central Asia;High income;1997;1997;2012;NA;-8;-8;Percent;Unconditional;Baseline;;NA;-8;;;NA;https://www.eea.europa.eu/publications/progress-towards-kyoto;;V1;;active;V1
ROU;2005;Romania;Romania;Europe & Central Asia;High income;2023;1997;2030;NA;-12.7;-12.7;Percent;Unconditional;Baseline;;NA;-49.845508;;;NA;https://unfccc.int/sites/default/files/NDC/2023-10/ES-2023-10-17%20EU%20submission%20NDC%20update.pdf;;V1;;active;V1
ROU;1990;Romania;Romania;Europe & Central Asia;High income;2016;1997;2020;NA;-20;-20;Percent;Unconditional;Baseline;;NA;-20;;;NA;https://unfccc.int/files/national_reports/biennial_reports_and_iar/submitted_biennial_reports/application/pdf/rou_2016_v1_0_formatted_(2).pdf;;V1;;active;V1
ROU;2005;Romania;Romania;Europe & Central Asia;High income;2018;1997;2030;NA;-2;-2;Percent;Unconditional;Baseline;;NA;-43.698279;;;NA;https://eur-lex.europa.eu/legal-content/EN/TXT/PDF/?uri=CELEX:32018R0842&from=EN;;V1;;active;V1
ROU;2005;Romania;Romania;Europe & Central Asia;High income;2020;1997;2030;NA;-2;-2;Percent;Unconditional;Baseline;;NA;-43.698279;;;NA;https://unfccc.int/sites/default/files/NDC/2022-06/EU_NDC_Submission_December%202020_0.pdf;;V1;;active;V1
RUS;1990;Russian Federation;Russia;Europe & Central Asia;High income;2015;2015;2030;-70;-75;-72.5;Percent;Unconditional;Baseline;;NA;-72.5;;;NA;https://www.climatewatchdata.org/countries/RUS;;V3;New non-EU-27 observation added in V3;active;V3
RUS;1990;Russian Federation;Russia;Europe & Central Asia;High income;2021;2015;2060;NA;-100;-100;Percent;Unconditional;Baseline;Net zero;NA;-100;;;NA;http://static.government.ru/media/files/ADKkCzp3fWO32e2yA0BhtIpyzWfHaiUa.pdf;;V3;New non-EU-27 observation added in V3;active;V3
"  https://ccpi.org/country/rus/""";;Y;;1;3065696.36;3065696.36;;;;;;;;;;;;;;;;;V3;New non-EU-27 observation added in V3;active;V3
RUS;1990;Russian Federation;Russia;Europe & Central Asia;High income;2020;2015;2030;NA;-70;-70;Percent;Unconditional;Baseline;;NA;-70;;;NA;https://unfccc.int/sites/default/files/NDC/2022-06/NDC_RF_eng.pdf;;V3;New non-EU-27 observation added in V3;active;V3
RWA;NA;Rwanda;Rwanda;Sub-Saharan Africa;Low income;2020;2020;2030;NA;-38;-38;Percent;Conditional;BAU;;NA;34.6438659;;BAU 2030 12.1 MtCOeq;12.1;https://unfccc.int/sites/default/files/NDC/2022-06/Rwanda_Updated_NDC_May_2020.pdf;;V3;New non-EU-27 observation added in V3;active;V3
RWA;NA;Rwanda;Rwanda;Sub-Saharan Africa;Low income;2020;2020;2030;NA;-16;-16;Percent;Unconditional;BAU;;NA;82.4207215;;BAU 2030 12.1 MtCOeq;12.1;https://unfccc.int/sites/default/files/NDC/2022-06/Rwanda_Updated_NDC_May_2020.pdf;;V3;New non-EU-27 observation added in V3;active;V3
SAU;1990;Saudi Arabia;Saudi Arabia;Middle East & North Africa;High income;2021;2015;2060;NA;-100;-100;Percent;Unconditional;Baseline;Net zero;NA;-100;;;NA;https://www.youtube.com/watch?v=KSLEV4_Qlfs;;V3;New non-EU-27 observation added in V3;active;V3
SAU;NA;Saudi Arabia;Saudi Arabia;Middle East & North Africa;High income;2015;2015;2030;NA;-130;-130;MtCO2eq reduction per year;Unconditional;BAU;;NA;NA;;NA;NA;https://unfccc.int/sites/default/files/NDC/2022-06/KSA-INDCs%20English.pdf;;V3;New non-EU-27 observation added in V3;active;V3
SAU;NA;Saudi Arabia;Saudi Arabia;Middle East & North Africa;High income;2021;2015;2030;NA;-278;-278;MtCO2eq reduction per year;Unconditional;BAU;;NA;NA;;NA;NA;https://unfccc.int/sites/default/files/resource/202203111154---KSA%20NDC%202021.pdf;;V3;New non-EU-27 observation added in V3;active;V3
SDN;NA;Sudan;Sudan;Sub-Saharan Africa;Low income;2021;2021;2030;NA;-40;-40;Percent;Unconditional;BAU;;NA;-31.680426;Energy, forestry and waste;;;;;V3;New non-EU-27 observation added in V3;active;V3
SEN;NA;Senegal;Senegal;Sub-Saharan Africa;Lower middle income;2020;2015;2030;NA;-29.5;-29.5;Percent;Conditional;BAU;;NA;167.684012;;BAU 2030 37761.1405 GgCO2eq;37.76;https://unfccc.int/sites/default/files/NDC/2022-06/CDNSenegal%20approuv%C3%A9e-pdf-.pdf;;V3;New non-EU-27 observation added in V3;active;V3
SEN;NA;Senegal;Senegal;Sub-Saharan Africa;Lower middle income;2015;2015;2025;NA;-28;-28;Percent;Conditional;BAU;;NA;136.38342;;BAU 2025 32648.6097 GgCO2eq;32.65;https://www4.unfccc.int/sites/submissions/INDC/Published%20Documents/Senegal/1/CPDN%20-%20S%C3%A9n%C3%A9gal.pdf;;V3;New non-EU-27 observation added in V3;active;V3
SEN;NA;Senegal;Senegal;Sub-Saharan Africa;Lower middle income;2015;2015;2020;NA;-26;-26;Percent;Conditional;BAU;;NA;185925.748;;BAU 2020 25000 GgCO2eq (from a graph);25000;https://www4.unfccc.int/sites/submissions/INDC/Published%20Documents/Senegal/1/CPDN%20-%20S%C3%A9n%C3%A9gal.pdf;;V3;New non-EU-27 observation added in V3;active;V3
SEN;NA;Senegal;Senegal;Sub-Saharan Africa;Lower middle income;2015;2015;2025;NA;-14;-14;Percent;Unconditional;BAU;;NA;182.346863;;BAU 2025 32648.6097 GgCO2eq;32.65;https://www4.unfccc.int/sites/submissions/INDC/Published%20Documents/Senegal/1/CPDN%20-%20S%C3%A9n%C3%A9gal.pdf;;V3;New non-EU-27 observation added in V3;active;V3
SEN;NA;Senegal;Senegal;Sub-Saharan Africa;Lower middle income;2015;2015;2030;NA;-31;-31;Percent;Conditional;BAU;;NA;161.988607;;BAU 2030 37761.1405 GgCO2eq;37.76;https://www4.unfccc.int/sites/submissions/INDC/Published%20Documents/Senegal/1/CPDN%20-%20S%C3%A9n%C3%A9gal.pdf;;V3;New non-EU-27 observation added in V3;active;V3
SEN;NA;Senegal;Senegal;Sub-Saharan Africa;Lower middle income;2020;2015;2025;NA;-5;-5;Percent;Unconditional;BAU;;NA;211.894791;;BAU 2025 32648.6097 GgCO2eq;32.65;https://unfccc.int/sites/default/files/NDC/2022-06/CDNSenegal%20approuv%C3%A9e-pdf-.pdf;;V3;New non-EU-27 observation added in V3;active;V3
SEN;NA;Senegal;Senegal;Sub-Saharan Africa;Lower middle income;2020;2015;2025;NA;-23.7;-23.7;Percent;Conditional;BAU;;NA;150.500763;;BAU 2025 32648.6097 GgCO2eq;32.65;https://unfccc.int/sites/default/files/NDC/2022-06/CDNSenegal%20approuv%C3%A9e-pdf-.pdf;;V3;New non-EU-27 observation added in V3;active;V3
SEN;NA;Senegal;Senegal;Sub-Saharan Africa;Lower middle income;2015;2015;2030;NA;-13;-13;Percent;Unconditional;BAU;;NA;230.333462;;BAU 2030 37761.1405 GgCO2eq;37.76;https://www4.unfccc.int/sites/submissions/INDC/Published%20Documents/Senegal/1/CPDN%20-%20S%C3%A9n%C3%A9gal.pdf;;V3;New non-EU-27 observation added in V3;active;V3
SEN;NA;Senegal;Senegal;Sub-Saharan Africa;Lower middle income;2020;2015;2030;NA;-7;-7;Percent;Unconditional;BAU;;NA;253.11508;;BAU 2030 37761.1405 GgCO2eq;37.76;https://unfccc.int/sites/default/files/NDC/2022-06/CDNSenegal%20approuv%C3%A9e-pdf-.pdf;;V3;New non-EU-27 observation added in V3;active;V3
SEN;NA;Senegal;Senegal;Sub-Saharan Africa;Lower middle income;2015;2015;2020;NA;-11;-11;Percent;Unconditional;BAU;;NA;223633.669;;BAU 2020 25000 GgCO2eq (from a graph);25000;https://www4.unfccc.int/sites/submissions/INDC/Published%20Documents/Senegal/1/CPDN%20-%20S%C3%A9n%C3%A9gal.pdf;;V3;New non-EU-27 observation added in V3;active;V3
SGP;NA;Singapore;Singapore;East Asia & Pacific;High income;2022;2010;2030;NA;-60;-60;MtCO2eq reduction;Unconditional;BAU;;NA;NA;During 2021-2030;NA;NA;https://unfccc.int/sites/default/files/NDC/2022-11/Singapore%20Second%20Update%20of%20First%20NDC.pdf;;V3;New non-EU-27 observation added in V3;active;V3
SGP;1990;Singapore;Singapore;East Asia & Pacific;High income;2020;2010;2050;NA;-100;-100;Percent;Unconditional;Baseline;Net zero;NA;-100;;;NA;https://www.nccs.gov.sg/media/publications/singapores-long-term-low-emissions-development-strategy/;;V3;New non-EU-27 observation added in V3;active;V3
SGP;NA;Singapore;Singapore;East Asia & Pacific;High income;2010;2010;2020;NA;-16;-16;Percent;Unconditional;BAU;;NA;NA;;NA;NA;https://files.wri.org/s3fs-public/assessing_non_annex_i_pledges.pdf;;V3;New non-EU-27 observation added in V3;active;V3
SGP;NA;Singapore;Singapore;East Asia & Pacific;High income;2025;2010;2035;-45;-50;-47.5;MtCO2eq reduction;Unconditional;BAU;;NA;NA;During 2031-2035;NA;NA;https://unfccc.int/sites/default/files/2025-02/Singapore%20Second%20Nationally%20Determined%20Contribution.pdf;;V3;New non-EU-27 observation added in V3;active;V3
SGP;NA;Singapore;Singapore;East Asia & Pacific;High income;2020;2010;2030;NA;65;65;MtCO2eq;Unconditional;Trajectory;;NA;92.556685;;;NA;https://unfccc.int/sites/default/files/NDC/2022-06/Singapore%27s%20Update%20of%201st%20NDC.pdf;;V3;New non-EU-27 observation added in V3;active;V3
SLB;NA;Solomon Islands;Solomon Islands;East Asia & Pacific;Lower middle income;2015;2015;2025;NA;-12;-12;Percent;Unconditional;BAU;;NA;159.453948;CO2 only (but more than 95% inventory);BAU 2025 904375 tCO2eq;0.904375;https://www4.unfccc.int/sites/submissions/INDC/Published%20Documents/Solomon%20Islands/1/SOLOMON%20ISLANDS%20INDC.pdf;;V3;New non-EU-27 observation added in V3;active;V3
SLB;1990;Solomon Islands;Solomon Islands;East Asia & Pacific;Lower middle income;2021;2015;2050;NA;-100;-100;Percent;Conditional;Baseline;Net zero;NA;-100;Conditional net-zero;;NA;https://unfccc.int/sites/default/files/NDC/2022-06/NDC%20Report%202021%20Final%20Solomon%20Islands%20%281%29.pdf;;V3;New non-EU-27 observation added in V3;active;V3
SLB;NA;Solomon Islands;Solomon Islands;East Asia & Pacific;Lower middle income;2015;2015;2050;NA;-50;-50;Percent;Conditional;BAU;;NA;NA;CO2 only (but more than 95% inventory);NA;NA;https://www4.unfccc.int/sites/submissions/INDC/Published%20Documents/Solomon%20Islands/1/SOLOMON%20ISLANDS%20INDC.pdf;;V3;New non-EU-27 observation added in V3;active;V3
SLB;NA;Solomon Islands;Solomon Islands;East Asia & Pacific;Lower middle income;2015;2015;2030;NA;-45;-45;Percent;Conditional;BAU;;NA;84.4149172;CO2 only (but more than 95% inventory);BAU 2030 1002850 tCO2eq;1.0285;https://www4.unfccc.int/sites/submissions/INDC/Published%20Documents/Solomon%20Islands/1/SOLOMON%20ISLANDS%20INDC.pdf;;V3;New non-EU-27 observation added in V3;active;V3
SLB;NA;Solomon Islands;Solomon Islands;East Asia & Pacific;Lower middle income;2021;2015;2025;NA;-14;-14;Percent;Unconditional;BAU;;NA;153.557267;CO2 only (but more than 95% inventory);BAU 2025 904375 tCO2eq;0.904375;https://unfccc.int/sites/default/files/NDC/2022-06/NDC%20Report%202021%20Final%20Solomon%20Islands%20%281%29.pdf;;V3;New non-EU-27 observation added in V3;active;V3
SLB;NA;Solomon Islands;Solomon Islands;East Asia & Pacific;Lower middle income;2015;2015;2030;NA;-30;-30;Percent;Unconditional;BAU;;NA;134.709895;CO2 only (but more than 95% inventory);BAU 2030 1002850 tCO2eq;1.0285;https://www4.unfccc.int/sites/submissions/INDC/Published%20Documents/Solomon%20Islands/1/SOLOMON%20ISLANDS%20INDC.pdf;;V3;New non-EU-27 observation added in V3;active;V3
SLB;NA;Solomon Islands;Solomon Islands;East Asia & Pacific;Lower middle income;2021;2015;2030;NA;-33;-33;Percent;Unconditional;BAU;;NA;124.650899;CO2 only (but more than 95% inventory);BAU 2030 1002850 tCO2eq;1.0285;https://unfccc.int/sites/default/files/NDC/2022-06/NDC%20Report%202021%20Final%20Solomon%20Islands%20%281%29.pdf;;V3;New non-EU-27 observation added in V3;active;V3
SLB;NA;Solomon Islands;Solomon Islands;East Asia & Pacific;Lower middle income;2015;2015;2025;NA;-27;-27;Percent;Conditional;BAU;;NA;115.228843;CO2 only (but more than 95% inventory);BAU 2025 904375 tCO2eq;0.904375;https://www4.unfccc.int/sites/submissions/INDC/Published%20Documents/Solomon%20Islands/1/SOLOMON%20ISLANDS%20INDC.pdf;;V3;New non-EU-27 observation added in V3;active;V3
SLE;2005;Sierra Leone;Sierra Leone;Sub-Saharan Africa;Low income;2021;2015;2050;NA;-25;-25;Percent;Unconditional;Baseline;;NA;-6.0372935;CO2 emissions;;NA;https://unfccc.int/sites/default/files/NDC/2022-06/210804%202125%20SL%20NDC%20%281%29.pdf;;V3;New non-EU-27 observation added in V3;active;V3
SLE;1990;Sierra Leone;Sierra Leone;Sub-Saharan Africa;Low income;2015;2015;2050;-25;-35;-30;Percent;Conditional;Baseline;;NA;-30;;;NA;https://www4.unfccc.int/sites/submissions/INDC/Published%20Documents/Sierra%20Leone/1/-%20SIERRA%20LEONE%20INDC.docx;;V3;New non-EU-27 observation added in V3;active;V3
SLE;2005;Sierra Leone;Sierra Leone;Sub-Saharan Africa;Low income;2021;2015;2030;NA;-10;-10;Percent;Unconditional;Baseline;;NA;12.7552478;CO2 emissions;;NA;https://unfccc.int/sites/default/files/NDC/2022-06/210804%202125%20SL%20NDC%20%281%29.pdf;;V3;New non-EU-27 observation added in V3;active;V3
SLE;2005;Sierra Leone;Sierra Leone;Sub-Saharan Africa;Low income;2021;2015;2025;NA;-5;-5;Percent;Unconditional;Baseline;;NA;19.0194283;CO2 emissions;;NA;https://unfccc.int/sites/default/files/NDC/2022-06/210804%202125%20SL%20NDC%20%281%29.pdf;;V3;New non-EU-27 observation added in V3;active;V3
SLV;NA;El Salvador;El Salvador;Latin America & Caribbean;Upper middle income;2021;2021;2025;-5;-39;-22;Percent;Unconditional;BAU;;NA;NA;Energy sector;BAU 2025 570 ktCO2eq;0.57;https://unfccc.int/sites/default/files/NDC/2022-06/El%20Salvador%20NDC-%20Updated%20Dic.2021.pdf;;V3;New non-EU-27 observation added in V3;active;V3
SLV;NA;El Salvador;El Salvador;Latin America & Caribbean;Upper middle income;2021;2021;2030;-39;-61;-50;Percent;Unconditional;BAU;;NA;NA;Energy sector;BAU 2030 793 ktCO2eq;0.79;https://unfccc.int/sites/default/files/NDC/2022-06/El%20Salvador%20NDC-%20Updated%20Dic.2021.pdf;;V3;New non-EU-27 observation added in V3;active;V3
SMR;2005;San Marino;San Marino;Europe & Central Asia;High income;2015;2015;2030;NA;-20;-20;Percent;Unconditional;Baseline;;NA;NA;;;NA;https://unfccc.int/sites/default/files/NDC/2022-06/SAN%20MARINO%20INDC%20EN.pdf;;V3;New non-EU-27 observation added in V3;active;V3
SOM;NA;Somalia;Somalia;Sub-Saharan Africa;Low income;2021;2021;2030;NA;-30;-30;Percent;Conditional;BAU;;NA;193.969822;;BAU 2030 107.39 MtCO2eq;107.39;http://unfccc.int/sites/default/files/NDC/2022-06/Final%20Updated%20NDC%20for%20Somalia%202021.pdf;;V3;New non-EU-27 observation added in V3;active;V3
SRB;1990;Serbia;Serbia;Europe & Central Asia;Upper middle income;2015;2015;2030;NA;-9.8;-9.8;Percent;Unconditional;Baseline;;NA;NA;;;NA;https://www4.unfccc.int/sites/submissions/INDC/Published%20Documents/Serbia/1/Republic_of_Serbia.pdf;;V3;New non-EU-27 observation added in V3;active;V3
SRB;2010;Serbia;Serbia;Europe & Central Asia;Upper middle income;2022;2015;2030;NA;13.2;13.2;Percent;Unconditional;Baseline;;NA;NA;;;NA;https://unfccc.int/sites/default/files/NDC/2022-08/NDC%20Final_Serbia%20english.pdf;;V3;New non-EU-27 observation added in V3;active;V3
STP;2005;Sao Tome And Principe;Sao Tome And Principe;Sub-Saharan Africa;Lower middle income;2015;2015;2030;NA;-24;-24;Percent;Unconditional;Baseline;;NA;43.1233392;;;NA;https://www4.unfccc.int/sites/submissions/INDC/Published%20Documents/Sao%20Tome%20and%20Principe/1/Short_STP_INDC%20_Ingles_30.09.pdf;;V3;New non-EU-27 observation added in V3;active;V3
STP;NA;Sao Tome And Principe;Sao Tome And Principe;Sub-Saharan Africa;Lower middle income;2021;2015;2030;NA;-27;-27;Percent;Unconditional;BAU;;NA;254.589192;;BAU 2030 400 ktCO2eq;0.4;https://unfccc.int/sites/default/files/NDC/2022-06/Updated_NDC_STP_2021_EN_.pdf;;V3;New non-EU-27 observation added in V3;active;V3
SVK;1990;Slovakia;Slovakia;Europe & Central Asia;High income;1997;1997;2012;NA;-8;-8;Percent;Unconditional;Baseline;;NA;-8;;;NA;https://www.eea.europa.eu/publications/progress-towards-kyoto;;V1;;active;V1
SVK;1990;Slovakia;Slovakia;Europe & Central Asia;High income;2019;1997;2050;NA;-100;-100;Percent;Unconditional;Baseline;Net zero;NA;-100;;;NA;https://climate-laws.org/document/slovakia-s-integrated-national-energy-and-climate-plan-for-2021-to-2030_2cbc?q=ghg+targets&l=slovakia;;V1;;active;V1
SVK;2005;Slovakia;Slovakia;Europe & Central Asia;High income;2019;1997;2030;NA;-20;-20;Percent;Unconditional;Baseline;;NA;-44.475519;;;NA;https://climate-laws.org/document/slovakia-s-integrated-national-energy-and-climate-plan-for-2021-to-2030_2cbc?q=ghg+targets&l=slovakia;;V1;;active;V1
SVK;2005;Slovakia;Slovakia;Europe & Central Asia;High income;2023;1997;2030;NA;-22.7;-22.7;Percent;Unconditional;Baseline;;NA;-46.34947;;;NA;https://unfccc.int/sites/default/files/NDC/2023-10/ES-2023-10-17%20EU%20submission%20NDC%20update.pdf;;V1;;active;V1
SVK;2005;Slovakia;Slovakia;Europe & Central Asia;High income;2018;1997;2030;NA;-12;-12;Percent;Unconditional;Baseline;;NA;-38.92307;;;NA;https://eur-lex.europa.eu/legal-content/EN/TXT/PDF/?uri=CELEX:32018R0842&from=EN;;V1;;active;V1
SVN;1990;Slovenia;Slovenia;Europe & Central Asia;High income;1997;1997;2012;NA;-8;-8;Percent;Unconditional;Baseline;;NA;-8;;;NA;https://www.eea.europa.eu/publications/progress-towards-kyoto;;V1;;active;V1
SVN;1990;Slovenia;Slovenia;Europe & Central Asia;High income;2020;1997;2050;NA;-100;-100;Percent;Unconditional;Baseline;Net zero;NA;-100;;;NA;https://climate-laws.org/document/slovenia-s-integrated-national-energy-and-climate-plan_b2b7?q=ghg+targets&l=slovenia;;V1;;active;V1
SVN;2005;Slovenia;Slovenia;Europe & Central Asia;High income;2018;1997;2030;NA;-15;-15;Percent;Unconditional;Baseline;;NA;-6.590719;;;NA;https://eur-lex.europa.eu/legal-content/EN/TXT/PDF/?uri=CELEX:32018R0842&from=EN;;V1;;active;V1
SVN;2005;Slovenia;Slovenia;Europe & Central Asia;High income;2023;1997;2030;NA;-27;-27;Percent;Unconditional;Baseline;;NA;-19.777912;;;NA;https://unfccc.int/sites/default/files/NDC/2023-10/ES-2023-10-17%20EU%20submission%20NDC%20update.pdf;;V1;;active;V1
SWE;1990;Sweden;Sweden;Europe & Central Asia;High income;2020;1997;2045;NA;-100;-100;Percent;Unconditional;Baseline;Net zero;NA;-100;;negative emissions;NA;https://climate-laws.org/document/swedens-integrated-national-energy-and-climate-plan_59da?q=ghg+targets&l=sweden;;V1;;active;V1
SWE;1990;Sweden;Sweden;Europe & Central Asia;High income;1997;1997;2012;NA;4;4;Percent;Unconditional;Baseline;;NA;4;;;NA;https://www.eea.europa.eu/publications/progress-towards-kyoto;;V1;;active;V1
SWE;2005;Sweden;Sweden;Europe & Central Asia;High income;2023;1997;2030;NA;-50;-50;Percent;Unconditional;Baseline;;NA;-52.751018;;;NA;https://unfccc.int/sites/default/files/NDC/2023-10/ES-2023-10-17%20EU%20submission%20NDC%20update.pdf;;V1;;active;V1
SWE;2005;Sweden;Sweden;Europe & Central Asia;High income;2018;1997;2030;NA;-40;-40;Percent;Unconditional;Baseline;;NA;-43.301222;;;NA;https://eur-lex.europa.eu/legal-content/EN/TXT/PDF/?uri=CELEX:32018R0842&from=EN;;V1;;active;V1
SWE;2005;Sweden;Sweden;Europe & Central Asia;High income;2020;1997;2030;NA;-20;-20;Percent;Unconditional;Baseline;;NA;-24.401629;;;NA;https://climate-laws.org/document/swedens-integrated-national-energy-and-climate-plan_59da?q=ghg+targets&l=sweden;;V1;;active;V1
SWZ;NA;Eswatini;Eswatini;Sub-Saharan Africa;Lower middle income;2021;2021;2030;NA;-14;-14;Percent;Conditional;BAU;;NA;NA;;BAU 2030 7.33405 MtCO2eq;7.33405;https://unfccc.int/sites/default/files/NDC/2022-06/Eswatini%27s%20Revised%20NDC%2012%20Oct%202021.docx;https://unfccc.int/sites/default/files/resource/2376591_Eswatini-BUR1-1-Eswatini%20BUR1.pdf;V3;New non-EU-27 observation added in V3;active;V3
SWZ;NA;Eswatini;Eswatini;Sub-Saharan Africa;Lower middle income;2021;2021;2030;NA;-5;-5;Percent;Unconditional;BAU;;NA;NA;;BAU 2030 7.33405 MtCO2eq;7.33405;https://unfccc.int/sites/default/files/NDC/2022-06/Eswatini%27s%20Revised%20NDC%2012%20Oct%202021.docx;https://unfccc.int/sites/default/files/resource/2376591_Eswatini-BUR1-1-Eswatini%20BUR1.pdf;V3;New non-EU-27 observation added in V3;active;V3
SYC;1990;Seychelles;Seychelles;Sub-Saharan Africa;High income;2021;2015;2050;NA;-100;-100;Percent;Unconditional;Baseline;Net zero;NA;-100;;;NA;https://www.climatewatchdata.org/ndcs/country/SYC/full?document=revised_first_ndc;;V3;New non-EU-27 observation added in V3;active;V3
SYC;NA;Seychelles;Seychelles;Sub-Saharan Africa;High income;2021;2015;2030;NA;-26.4;-26.4;Percent;Conditional;BAU;;NA;-23.376429;Excluding LULUCF;BAU 2030 330 ktCO2eq;0.33;https://unfccc.int/sites/default/files/NDC/2022-06/Seychelles%20-%20NDC_Jul30th%202021%20_Final.pdf;;V3;New non-EU-27 observation added in V3;active;V3
SYC;NA;Seychelles;Seychelles;Sub-Saharan Africa;High income;2015;2015;2025;NA;-21.4;-21.4;Percent;Conditional;BAU;;NA;-70.244009;Excluding LULUCF;BAU 2025 122.5 ktCO2eq;0.12;https://www4.unfccc.int/sites/submissions/INDC/Published%20Documents/Seychelles/1/INDC%20of%20Seychelles.pdf;;V3;New non-EU-27 observation added in V3;active;V3
SYC;NA;Seychelles;Seychelles;Sub-Saharan Africa;High income;2015;2015;2030;NA;-29;-29;Percent;Conditional;BAU;;NA;-57.441866;Excluding LULUCF;BAU 2030 188 ktCO2eq;0.19;https://www4.unfccc.int/sites/submissions/INDC/Published%20Documents/Seychelles/1/INDC%20of%20Seychelles.pdf;;V3;New non-EU-27 observation added in V3;active;V3
TCD;2010;Chad;Chad;Sub-Saharan Africa;Low income;2015;2015;2030;NA;-18.2;-18.2;Percent;Unconditional;Baseline;;NA;122.992411;;;NA;https://www4.unfccc.int/sites/submissions/INDC/Published%20Documents/Chad/1/INDC%20Chad_Official%20version_English.pdf;;V3;New non-EU-27 observation added in V3;active;V3
TCD;2010;Chad;Chad;Sub-Saharan Africa;Low income;2015;2015;2030;NA;-71;-71;Percent;Conditional;Baseline;;NA;-20.944011;;;NA;https://www4.unfccc.int/sites/submissions/INDC/Published%20Documents/Chad/1/INDC%20Chad_Official%20version_English.pdf;;V3;New non-EU-27 observation added in V3;active;V3
TCD;NA;Chad;Chad;Sub-Saharan Africa;Low income;2021;2015;2030;NA;-0.5;-0.5;Percent;Unconditional;BAU;;NA;392.758461;;BAU 2030 84960 ktCO2eq;84.96;https://unfccc.int/sites/default/files/NDC/2022-06/CDN%20ACTUALISEE%20DU%20TCHAD.pdf;;V3;New non-EU-27 observation added in V3;active;V3
TCD;NA;Chad;Chad;Sub-Saharan Africa;Low income;2021;2015;2030;NA;-19.3;-19.3;Percent;Conditional;BAU;;NA;299.65435;;BAU 2030 84960 ktCO2eq;84.96;https://unfccc.int/sites/default/files/NDC/2022-06/CDN%20ACTUALISEE%20DU%20TCHAD.pdf;;V3;New non-EU-27 observation added in V3;active;V3
TGO;NA;Togo;Togo;Sub-Saharan Africa;Low income;2015;2015;2030;NA;-11.14;-11.14;Percent;Unconditional;BAU;;NA;944.304016;;BAU 2030 38861.36 GgCO2eq;38.86;https://www4.unfccc.int/sites/submissions/INDC/Published%20Documents/Togo/1/INDC%20Togo_english%20version.pdf;;V3;New non-EU-27 observation added in V3;active;V3
TGO;NA;Togo;Togo;Sub-Saharan Africa;Low income;2015;2015;2030;NA;-31.14;-31.14;Percent;Conditional;BAU;;NA;709.259223;;BAU 2030 38861.36 GgCO2eq;38.86;https://www4.unfccc.int/sites/submissions/INDC/Published%20Documents/Togo/1/INDC%20Togo_english%20version.pdf;;V3;New non-EU-27 observation added in V3;active;V3
TGO;NA;Togo;Togo;Sub-Saharan Africa;Low income;2022;2015;2030;NA;-20.51;-20.51;Percent;Unconditional;BAU;;NA;631.049459;;BAU 2030 30410 GgCO2eq;30.41;https://unfccc.int/sites/default/files/NDC/2022-06/CDN%20Revis%C3%A9es_Togo_Document%20int%C3%A9rimaire_rv_11%2010%2021.pdf;;V3;New non-EU-27 observation added in V3;active;V3
TGO;NA;Togo;Togo;Sub-Saharan Africa;Low income;2022;2015;2030;NA;-50.57;-50.57;Percent;Conditional;BAU;;NA;354.595229;;BAU 2030 30410 GgCO2eq;30.41;https://unfccc.int/sites/default/files/NDC/2022-06/CDN%20Revis%C3%A9es_Togo_Document%20int%C3%A9rimaire_rv_11%2010%2021.pdf;;V3;New non-EU-27 observation added in V3;active;V3
THA;1990;Thailand;Thailand;East Asia & Pacific;Upper middle income;2022;2015;2065;NA;-100;-100;Percent;Unconditional;Baseline;Net zero;NA;-100;;;NA;https://unfccc.int/sites/default/files/NDC/2022-11/Thailand%202nd%20Updated%20NDC.pdf;;V3;New non-EU-27 observation added in V3;active;V3
THA;1990;Thailand;Thailand;East Asia & Pacific;Upper middle income;2022;2015;2050;NA;-100;-100;Percent;Unconditional;Baseline;Carbon neutrality;NA;-100;;;NA;https://unfccc.int/sites/default/files/NDC/2022-11/Thailand%202nd%20Updated%20NDC.pdf;;V3;New non-EU-27 observation added in V3;active;V3
THA;NA;Thailand;Thailand;East Asia & Pacific;Upper middle income;2022;2015;2030;NA;-30;-30;Percent;Unconditional;BAU;;NA;78.9942888;;BAU2030 555 MtCO2eq;555;https://unfccc.int/sites/default/files/NDC/2022-11/Thailand%202nd%20Updated%20NDC.pdf;;V3;New non-EU-27 observation added in V3;active;V3
THA;NA;Thailand;Thailand;East Asia & Pacific;Upper middle income;2022;2015;2030;NA;-40;-40;Percent;Conditional;BAU;;NA;53.4236761;;BAU2030 555 MtCO2eq;555;https://unfccc.int/sites/default/files/NDC/2022-11/Thailand%202nd%20Updated%20NDC.pdf;;V3;New non-EU-27 observation added in V3;active;V3
THA;NA;Thailand;Thailand;East Asia & Pacific;Upper middle income;2015;2015;2030;NA;-20;-20;Percent;Unconditional;BAU;;NA;104.564901;;BAU2030 555 MtCO2eq;555;https://www4.unfccc.int/sites/submissions/INDC/Published%20Documents/Thailand/1/Thailand_INDC.pdf;;V3;New non-EU-27 observation added in V3;active;V3
THA;NA;Thailand;Thailand;East Asia & Pacific;Upper middle income;2015;2015;2030;NA;-25;-25;Percent;Conditional;BAU;;NA;91.7795951;;BAU2030 555 MtCO2eq;555;https://www4.unfccc.int/sites/submissions/INDC/Published%20Documents/Thailand/1/Thailand_INDC.pdf;;V3;New non-EU-27 observation added in V3;active;V3
TJK;1990;Tajikistan;Tajikistan;Europe & Central Asia;Lower middle income;2021;2015;2030;-40;-50;-45;Percent;Conditional;Baseline;;NA;-45;Emission levels not exceeding 50-60%;;NA;https://unfccc.int/sites/default/files/NDC/2022-06/NDC_TAJIKISTAN_RUSS.pdf;;V3;New non-EU-27 observation added in V3;active;V3
TJK;1990;Tajikistan;Tajikistan;Europe & Central Asia;Lower middle income;2021;2015;2030;-30;-40;-35;Percent;Unconditional;Baseline;;NA;-35;Emission levels not exceeding 60-70%;;NA;https://unfccc.int/sites/default/files/NDC/2022-06/NDC_TAJIKISTAN_RUSS.pdf;;V3;New non-EU-27 observation added in V3;active;V3
TJK;1990;Tajikistan;Tajikistan;Europe & Central Asia;Lower middle income;2015;2015;2030;-25;-35;-30;Percent;Conditional;Baseline;;NA;-30;Emission levels not exceeding 65-75%;;NA;https://www4.unfccc.int/sites/submissions/INDC/Published%20Documents/Tajikistan/1/INDC-TJK%20final%20ENG.pdf;;V3;New non-EU-27 observation added in V3;active;V3
TJK;1990;Tajikistan;Tajikistan;Europe & Central Asia;Lower middle income;2015;2015;2030;-10;-20;-15;Percent;Unconditional;Baseline;;NA;-15;Emission levels not exceeding 80-90%;;NA;https://www4.unfccc.int/sites/submissions/INDC/Published%20Documents/Tajikistan/1/INDC-TJK%20final%20ENG.pdf;;V3;New non-EU-27 observation added in V3;active;V3
TKM;NA;Turkmenistan;Turkmenistan;Europe & Central Asia;Upper middle income;2022;2022;2030;NA;-20;-20;Percent;Unconditional;BAU;;NA;NA;;NA;NA;https://unfccc.int/sites/default/files/NDC/2023-01/NDC_Turkmenistan_12-05-2022_approv.%20by%20Decree_Eng.pdf;;V3;New non-EU-27 observation added in V3;active;V3
TON;2006;Tonga;Tonga;East Asia & Pacific;Upper middle income;2020;2020;2030;NA;-13;-13;Percent;Conditional;Baseline;;NA;9.22035858;Only energy sector;;NA;https://unfccc.int/sites/default/files/NDC/2022-06/Tonga%27s%20Second%20NDC.pdf;;V3;New non-EU-27 observation added in V3;active;V3
TTO;NA;Trinidad and Tobago;Trinidad and Tobago;Latin America & Caribbean;High income;2015;2015;2030;NA;-30;-30;Percent;Unconditional;BAU;;NA;NA;Public transport;NA;NA;https://www4.unfccc.int/sites/submissions/INDC/Published%20Documents/Trinidad%20and%20Tobago/1/Trinidad%20and%20Tobago%20Final%20INDC.pdf;;V3;New non-EU-27 observation added in V3;active;V3
TTO;NA;Trinidad and Tobago;Trinidad and Tobago;Latin America & Caribbean;High income;2015;2015;2030;NA;-15;-15;Percent;Conditional;BAU;;NA;NA;Power generation, transportation, and industrial sectors;NA;NA;https://www4.unfccc.int/sites/submissions/INDC/Published%20Documents/Trinidad%20and%20Tobago/1/Trinidad%20and%20Tobago%20Final%20INDC.pdf;;V3;New non-EU-27 observation added in V3;active;V3
TUN;1990;Tunisia;Tunisia;Middle East & North Africa;Lower middle income;2022;2015;2050;NA;-100;-100;Percent;Unconditional;Intensity;Zero carbon intensity;NA;NA;;;NA;https://unfccc.int/sites/default/files/resource/Strat%C3%A9gie%20de%20d%C3%A9veloppement%20neutre%20en%20carbone%20et%20r%C3%A9silient%20-%20Tunisie.pdf;;V3;New non-EU-27 observation added in V3;active;V3
TUN;NA;Tunisia;Tunisia;Middle East & North Africa;Lower middle income;2021;2015;2030;NA;-45;-45;Percent per GDP;Conditional;Intensity;;127;127;;BAU 2030 0.541 tCO2/1000 TD of GDP, GDP 2029 (assuming for 2030) 58.57 billion USD, 1 TND = 0.334226 USD (26.04.2025);NA;https://unfccc.int/sites/default/files/NDC/2022-08/CDN%20-%20Updated%20-english%20version.pdf;https://www.statista.com/statistics/524479/gross-domestic-product-gdp-in-tunisia/;V3;New non-EU-27 observation added in V3;active;V3
TUN;NA;Tunisia;Tunisia;Middle East & North Africa;Lower middle income;2015;2015;2030;NA;-41;-41;Percent per GDP;Conditional;Intensity;;144;144;;BAU 2030 0.541 tCO2/1000 TD of GDP, GDP 2029 (assuming for 2030) 58.57 billion USD, 1 TND = 0.334226 USD (26.04.2025);NA;https://www4.unfccc.int/sites/submissions/INDC/Published%20Documents/Tunisia/1/INDC-Tunisia-English%20Version.pdf;https://www.statista.com/statistics/524479/gross-domestic-product-gdp-in-tunisia/;V3;New non-EU-27 observation added in V3;active;V3
TUN;NA;Tunisia;Tunisia;Middle East & North Africa;Lower middle income;2015;2015;2030;NA;-13;-13;Percent per GDP;Unconditional;Intensity;;260;260;;BAU 2030 0.541 tCO2/1000 TD of GDP, GDP 2029 (assuming for 2030) 58.57 billion USD, 1 TND = 0.334226 USD (26.04.2025);NA;https://www4.unfccc.int/sites/submissions/INDC/Published%20Documents/Tunisia/1/INDC-Tunisia-English%20Version.pdf;https://www.statista.com/statistics/524479/gross-domestic-product-gdp-in-tunisia/;V3;New non-EU-27 observation added in V3;active;V3
TUN;NA;Tunisia;Tunisia;Middle East & North Africa;Lower middle income;2021;2015;2030;NA;-27;-27;Percent per GDP;Unconditional;Intensity;;202;202;;BAU 2030 0.541 tCO2/1000 TD of GDP, GDP 2029 (assuming for 2030) 58.57 billion USD, 1 TND = 0.334226 USD (26.04.2025);NA;https://unfccc.int/sites/default/files/NDC/2022-08/CDN%20-%20Updated%20-english%20version.pdf;https://www.statista.com/statistics/524479/gross-domestic-product-gdp-in-tunisia/;V3;New non-EU-27 observation added in V3;active;V3
TUR;1990;T√ºrkiye;T√ºrkiye;Europe & Central Asia;Upper middle income;2021;2021;2053;NA;-100;-100;Percent;Unconditional;Baseline;Net zero;NA;-100;;;NA;https://climateactiontracker.org/countries/turkey/targets/;;V3;New non-EU-27 observation added in V3;active;V3
TUR;NA;T√ºrkiye;T√ºrkiye;Europe & Central Asia;Upper middle income;2021;2021;2030;NA;-41;-41;Percent;Unconditional;BAU;;NA;212.70524;;BAU 2030 1175 MtCO2eq;1175;https://unfccc.int/sites/default/files/NDC/2023-04/T%C3%9CRK%C4%B0YE_UPDATED%201st%20NDC_EN.pdf;;V3;New non-EU-27 observation added in V3;active;V3
TUV;1990;Tuvalu;Tuvalu;East Asia & Pacific;Upper middle income;2022;2015;2050;NA;-100;-100;Percent;Unconditional;Baseline;Zero carbon;NA;-100;;;NA;https://unfccc.int/sites/default/files/NDC/2023-02/Tuvalus%20Updated%20NDC%20for%20UNFCCC%20Submission.pdf;;V3;New non-EU-27 observation added in V3;active;V3
TUV;1990;Tuvalu;Tuvalu;East Asia & Pacific;Upper middle income;2015;2015;2030;NA;-100;-100;Percent;Unconditional;Baseline;Zero emission in the power sector;NA;-100;Only power sector;;NA;https://www4.unfccc.int/sites/submissions/INDC/Published%20Documents/Tuvalu/1/TUVALU%20INDC.pdf;;V3;New non-EU-27 observation added in V3;active;V3
TUV;2010;Tuvalu;Tuvalu;East Asia & Pacific;Upper middle income;2015;2015;2025;NA;-60;-60;Percent;Unconditional;Baseline;;NA;-50.440671;Only energy sector;;NA;;;V3;New non-EU-27 observation added in V3;active;V3
TZA;NA;Tanzania (United Republic of);Tanzania;Sub-Saharan Africa;Lower middle income;2015;2015;2030;-10;-20;-15;Percent;Unconditional;BAU;;NA;331.600863;;BAU 2030 138 - 153 MtCO2eq;145.5;https://www4.unfccc.int/sites/submissions/INDC/Published%20Documents/United%20Republic%20of%20Tanzania%E2%80%8B/1/INDCs_The%20United%20Republic%20of%20Tanzania.pdf;;V3;New non-EU-27 observation added in V3;active;V3
TZA;NA;Tanzania (United Republic of);Tanzania;Sub-Saharan Africa;Lower middle income;2021;2015;2030;-30;-35;-32.5;Percent;Unconditional;BAU;;NA;416.986642;;BAU 2030 219469 ktCO2eq;219.47;https://unfccc.int/sites/default/files/NDC/2022-06/TANZANIA_NDC_SUBMISSION_30%20JULY%202021.pdf;;V3;New non-EU-27 observation added in V3;active;V3
UGA;NA;Uganda;Uganda;Sub-Saharan Africa;Low income;2015;2015;2030;NA;-22;-22;Percent;Unconditional;BAU;;NA;299.388343;;BAU 2030 77.3 MtCO2eq;77.3;https://www4.unfccc.int/sites/submissions/INDC/Published%20Documents/Uganda/1/INDC%20Uganda%20final%20%2014%20October%20%202015,%20minor%20correction,28.10.15.pdf;;V3;New non-EU-27 observation added in V3;active;V3
UGA;NA;Uganda;Uganda;Sub-Saharan Africa;Low income;2022;2015;2030;NA;-5.9;-5.9;Percent;Unconditional;BAU;;NA;827.499838;;BAU 2030 148.8 MtCO2eq;148.8;https://unfccc.int/sites/default/files/NDC/2022-09/Updated%20NDC%20_Uganda_2022%20Final.pdf;;V3;New non-EU-27 observation added in V3;active;V3
UGA;NA;Uganda;Uganda;Sub-Saharan Africa;Low income;2022;2015;2030;NA;-24.7;-24.7;Percent;Conditional;BAU;;NA;642.197001;;BAU 2030 148.8 MtCO2eq;148.8;https://unfccc.int/sites/default/files/NDC/2022-09/Updated%20NDC%20_Uganda_2022%20Final.pdf;;V3;New non-EU-27 observation added in V3;active;V3
UKR;1990;Ukraine;Ukraine;Europe & Central Asia;Upper middle income;2015;2010;2030;NA;-60;-60;Percent;Unconditional;Baseline;;NA;-60;;;NA;https://www4.unfccc.int/sites/submissions/INDC/Published%20Documents/Ukraine/1/150930_Ukraine_INDC.pdf;;V3;New non-EU-27 observation added in V3;active;V3
UKR;1990;Ukraine;Ukraine;Europe & Central Asia;Upper middle income;2021;2010;2060;NA;-100;-100;Percent;Unconditional;Baseline;Carbon neutrality;NA;-100;;;NA;https://unfccc.int/sites/default/files/NDC/2022-06/Ukraine%20NDC_July%2031.pdf;;V3;New non-EU-27 observation added in V3;active;V3
UKR;1990;Ukraine;Ukraine;Europe & Central Asia;Upper middle income;2010;2010;2020;NA;-20;-20;Percent;Unconditional;Baseline;;NA;-20;;;NA;https://unfccc.int/files/meetings/cop_15/copenhagen_accord/application/pdf/ukrainecphaccord_app1.pdf;;V3;New non-EU-27 observation added in V3;active;V3
UKR;1990;Ukraine;Ukraine;Europe & Central Asia;Upper middle income;2021;2010;2030;NA;-65;-65;Percent;Unconditional;Baseline;;NA;-65;;;NA;https://unfccc.int/sites/default/files/NDC/2022-06/Ukraine%20NDC_July%2031.pdf;;V3;New non-EU-27 observation added in V3;active;V3
URY;1990;Uruguay;Uruguay;Latin America & Caribbean;High income;2020;2020;2050;NA;-100;-100;Percent;Unconditional;Baseline;Carbon neutrality;NA;-100;;;NA;https://unfccc.int/sites/default/files/resource/URY_LTS_Dec2021.pdf;;V3;New non-EU-27 observation added in V3;active;V3
URY;NA;Uruguay;Uruguay;Latin America & Caribbean;High income;2024;2020;2035;NA;11.14;11.14;MtCO2eq;Conditional;Trajectory;;NA;-61.918687;Only CO2, CH4 and N2O;;NA;https://unfccc.int/sites/default/files/2025-01/20241220_Uruguay_NDC3.pdf;;V3;New non-EU-27 observation added in V3;active;V3
URY;NA;Uruguay;Uruguay;Latin America & Caribbean;High income;2024;2020;2035;NA;-30;-30;Percent;Unconditional;BAU;;NA;NA;Only HFC;NA;NA;https://unfccc.int/sites/default/files/2025-01/20241220_Uruguay_NDC3.pdf;;V3;New non-EU-27 observation added in V3;active;V3
URY;NA;Uruguay;Uruguay;Latin America & Caribbean;High income;2024;2020;2035;NA;-35;-35;Percent;Conditional;BAU;;NA;NA;Only HFC;NA;NA;https://unfccc.int/sites/default/files/2025-01/20241220_Uruguay_NDC3.pdf;;V3;New non-EU-27 observation added in V3;active;V3
URY;NA;Uruguay;Uruguay;Latin America & Caribbean;High income;2024;2020;2035;NA;10.117;10.117;MtCO2eq;Unconditional;Trajectory;;NA;-65.415741;Only CO2, CH4 and N2O;;NA;https://unfccc.int/sites/default/files/2025-01/20241220_Uruguay_NDC3.pdf;;V3;New non-EU-27 observation added in V3;active;V3
USA;1990;United States of America;USA;North America;High income;1997;1997;2012;NA;-7;-7;Percent;Unconditional;Baseline;;NA;-7;;;NA;https://unfccc.int/process-and-meetings/the-kyoto-protocol/what-is-the-kyoto-protocol/kyoto-protocol-targets-for-the-first-commitment-period;;V3;New non-EU-27 observation added in V3;active;V3
USA;2005;United States of America;USA;North America;High income;2016;1997;2025;-26;-28;-27;Percent;Unconditional;Baseline;;NA;-16.250515;;;NA;https://unfccc.int/files/focus/long-term_strategies/application/pdf/mid_century_strategy_report-final_red.pdf;;V3;New non-EU-27 observation added in V3;active;V3
USA;2005;United States of America;USA;North America;High income;2016;1997;2050;NA;-80;-80;Percent;Unconditional;Baseline;;NA;-77.054936;;;NA;https://unfccc.int/files/focus/long-term_strategies/application/pdf/mid_century_strategy_report-final_red.pdf;;V3;New non-EU-27 observation added in V3;active;V3
USA;2005;United States of America;USA;North America;High income;2021;1997;2030;-50;-52;-51;Percent;Unconditional;Baseline;;NA;-43.784593;;;NA;https://unfccc.int/sites/default/files/NDC/2022-06/United%20States%20NDC%20April%2021%202021%20Final.pdf;;V3;New non-EU-27 observation added in V3;active;V3
USA;2005;United States of America;USA;North America;High income;2010;1997;2020;NA;-17;-17;Percent;Unconditional;Baseline;;NA;-4.7779833;;;NA;https://unfccc.int/files/meetings/cop_15/copenhagen_accord/application/pdf/unitedstatescphaccord_app.1.pdf;;V3;New non-EU-27 observation added in V3;active;V3
USA;2005;United States of America;USA;North America;High income;2024;1997;2035;-61;-66;-63.5;Percent;Unconditional;Baseline;;NA;-58.125258;;;NA;https://unfccc.int/sites/default/files/2024-12/United%20States%202035%20NDC.pdf;;V3;New non-EU-27 observation added in V3;active;V3
UZB;2010;Uzbekistan;Uzbekistan;Europe & Central Asia;Lower middle income;2017;2017;2030;NA;-10;-10;Percent per GDP;Unconditional;Intensity;;NA;NA;;NA;NA;https://unfccc.int/sites/default/files/NDC/2022-06/INDC%20Uzbekistan%2018-04-2017_Eng.pdf;;V3;New non-EU-27 observation added in V3;active;V3
UZB;2010;Uzbekistan;Uzbekistan;Europe & Central Asia;Lower middle income;2021;2017;2030;NA;-35;-35;Percent per GDP;Unconditional;Intensity;;NA;NA;;NA;NA;https://unfccc.int/sites/default/files/NDC/2022-06/Uzbekistan_Updated%20NDC_2021_EN.pdf;;V3;New non-EU-27 observation added in V3;active;V3
VCT;NA;Saint Vincent and the Grenadines;St. Lucia;Latin America & Caribbean;Upper middle income;2015;2015;2025;NA;-22;-22;Percent;Unconditional;BAU;;NA;456.561876;;BAU 2025 546 GgCO2eq;0.55;https://unfccc.int/sites/default/files/NDC/2022-06/Saint%20Vincent%20and%20the%20Grenadines_NDC.pdf;;V3;New non-EU-27 observation added in V3;active;V3
VEN;NA;Venezuela;Venezuela;Latin America & Caribbean;Upper middle income;2015;2015;2030;NA;-20;-20;Percent;Unconditional;BAU;;NA;66.5403718;;BAU 2030 340 MtCO2eq;340;https://www4.unfccc.int/sites/submissions/INDC/Published%20Documents/Venezuela/1/Venezuela%20Diciembre%202015%20(final).pdf;;V3;New non-EU-27 observation added in V3;active;V3
VNM;1990;Viet Nam;Viet Nam;East Asia & Pacific;Lower middle income;2022;2015;2050;NA;-100;-100;Percent;Conditional;Baseline;Net zero;NA;-100;;;NA;https://unfccc.int/sites/default/files/NDC/2022-11/Viet%20Nam%20NDC%202022%20Update.pdf;;V3;New non-EU-27 observation added in V3;active;V3
VNM;NA;Viet Nam;Viet Nam;East Asia & Pacific;Lower middle income;2022;2015;2030;NA;-15.8;-15.8;Percent;Unconditional;BAU;;NA;648.198281;;BAU 2030 927.9 MtCO2eq;927.9;https://unfccc.int/sites/default/files/NDC/2022-11/Viet%20Nam_NDC_2022_Eng.pdf;;V3;New non-EU-27 observation added in V3;active;V3
VNM;NA;Viet Nam;Viet Nam;East Asia & Pacific;Lower middle income;2022;2015;2030;NA;-43.5;-43.5;Percent;Conditional;BAU;;NA;402.057041;;BAU 2030 927.9 MtCO2eq;927.9;https://unfccc.int/sites/default/files/NDC/2022-11/Viet%20Nam_NDC_2022_Eng.pdf;;V3;New non-EU-27 observation added in V3;active;V3
VNM;NA;Viet Nam;Viet Nam;East Asia & Pacific;Lower middle income;2020;2015;2030;NA;-27;-27;Percent;Conditional;BAU;;NA;548.675469;;BAU 2030 927.9 MtCO2eq;927.9;https://unfccc.int/sites/default/files/NDC/2022-06/Viet%20Nam_NDC_2020_Eng.pdf;;V3;New non-EU-27 observation added in V3;active;V3
VNM;NA;Viet Nam;Viet Nam;East Asia & Pacific;Lower middle income;2020;2015;2030;NA;-9;-9;Percent;Unconditional;BAU;;NA;708.622845;;BAU 2030 927.9 MtCO2eq;927.9;https://unfccc.int/sites/default/files/NDC/2022-06/Viet%20Nam_NDC_2020_Eng.pdf;;V3;New non-EU-27 observation added in V3;active;V3
VNM;NA;Viet Nam;Viet Nam;East Asia & Pacific;Lower middle income;2015;2015;2030;NA;-25;-25;Percent;Conditional;BAU;;NA;465.535815;;BAU 2030 787.4 MtCO2eq;787.4;https://www4.unfccc.int/sites/submissions/INDC/Published%20Documents/Viet%20Nam/1/VIETNAM'S%20INDC.pdf;;V3;New non-EU-27 observation added in V3;active;V3
VNM;NA;Viet Nam;Viet Nam;East Asia & Pacific;Lower middle income;2015;2015;2030;NA;-8;-8;Percent;Unconditional;BAU;;NA;593.723933;;BAU 2030 787.4 MtCO2eq;787.4;https://www4.unfccc.int/sites/submissions/INDC/Published%20Documents/Viet%20Nam/1/VIETNAM'S%20INDC.pdf;;V3;New non-EU-27 observation added in V3;active;V3
WSM;2007;Samoa;Samoa;East Asia & Pacific;Lower middle income;2021;2021;2030;NA;-26;-26;Percent;Conditional;Baseline;;NA;6.71090196;;;NA;https://unfccc.int/sites/default/files/NDC/2022-06/Samoa%27s%20Second%20NDC%20for%20UNFCCC%20Submission.pdf;;V3;New non-EU-27 observation added in V3;active;V3
YEM;NA;Yemen;Yemen;Middle East & North Africa;Low income;2015;2015;2030;NA;-1;-1;Percent;Unconditional;BAU;;NA;147.761633;;BAU 2030 43.81 MtCO2eq;43.81;https://www4.unfccc.int/sites/submissions/INDC/Published%20Documents/Yemen/1/Yemen%20INDC%2021%20Nov.%202015.pdf;;V3;New non-EU-27 observation added in V3;active;V3
YEM;NA;Yemen;Yemen;Middle East & North Africa;Low income;2015;2015;2030;NA;-14;-14;Percent;Conditional;BAU;;NA;115.227277;;BAU 2030 43.81 MtCO2eq;43.81;https://www4.unfccc.int/sites/submissions/INDC/Published%20Documents/Yemen/1/Yemen%20INDC%2021%20Nov.%202015.pdf;;V3;New non-EU-27 observation added in V3;active;V3
ZAF;1990;South Africa;South Africa;Sub-Saharan Africa;Upper middle income;2020;2010;2050;NA;-100;-100;Percent;Unconditional;Baseline;Net zero;NA;-100;;;NA;https://climateactiontracker.org/countries/south-africa/targets/;;V3;New non-EU-27 observation added in V3;active;V3
ZAF;NA;South Africa;South Africa;Sub-Saharan Africa;Upper middle income;2010;2010;2025;NA;-42;-42;Percent;Unconditional;BAU;;51;51;;NA;NA;https://files.wri.org/s3fs-public/assessing_non_annex_i_pledges.pdf;https://climateactiontracker.org/media/documents/2018/4/CAT_2015-10-02_CountryAssessment_SouthAfrica.pdf;V3;New non-EU-27 observation added in V3;active;V3
ZAF;NA;South Africa;South Africa;Sub-Saharan Africa;Upper middle income;2010;2010;2020;NA;-34;-34;Percent;Unconditional;BAU;;46.5;46.5;;NA;NA;https://files.wri.org/s3fs-public/assessing_non_annex_i_pledges.pdf;https://climateactiontracker.org/media/documents/2018/4/CAT_2015-10-02_CountryAssessment_SouthAfrica.pdf;V3;New non-EU-27 observation added in V3;active;V3
ZAF;NA;South Africa;South Africa;Sub-Saharan Africa;Upper middle income;2021;2010;2030;350;420;385;MtCO2eq reduction per year;Unconditional;BAU;;-7;-7;During 2026-2030;NA;NA;https://unfccc.int/sites/default/files/NDC/2022-06/South%20Africa%20updated%20first%20NDC%20September%202021.pdf;https://climateactiontracker.org/countries/south-africa/targets/;V3;New non-EU-27 observation added in V3;active;V3
ZAF;NA;South Africa;South Africa;Sub-Saharan Africa;Upper middle income;2021;2010;2025;398;510;454;MtCO2eq reduction per year;Unconditional;BAU;;NA;NA;During 2021-2025;;NA;https://unfccc.int/sites/default/files/NDC/2022-06/South%20Africa%20updated%20first%20NDC%20September%202021.pdf;;V3;New non-EU-27 observation added in V3;active;V3
ZAF;NA;South Africa;South Africa;Sub-Saharan Africa;Upper middle income;2015;2010;2030;398;614;506;MtCO2eq reduction per year;Unconditional;BAU;;-14;-14;During 2025-2030;NA;NA;https://www4.unfccc.int/sites/submissions/INDC/Published%20Documents/South%20Africa/1/South%20Africa.pdf;https://climateactiontracker.org/countries/south-africa/targets/;V3;New non-EU-27 observation added in V3;active;V3
ZMB;2010;Zambia;Zambia;Sub-Saharan Africa;Lower middle income;2015;2015;2030;NA;-47;-47;Percent;Conditional;Baseline;;NA;-35.400873;;;NA;https://www4.unfccc.int/sites/submissions/INDC/Published%20Documents/Zambia/1/FINAL+ZAMBIA'S+INDC_1.pdf;;V3;New non-EU-27 observation added in V3;active;V3
ZMB;2010;Zambia;Zambia;Sub-Saharan Africa;Lower middle income;2021;2015;2030;NA;-25;-25;Percent;Conditional;Baseline;;NA;-8.5861414;With limited support;;NA;https://unfccc.int/sites/default/files/NDC/2022-06/Final%20Zambia_Revised%20and%20Updated_NDC_2021_.pdf;;V3;New non-EU-27 observation added in V3;active;V3
ZWE;NA;Zimbabwe;Zimbabwe;Sub-Saharan Africa;Lower middle income;2015;2015;2030;NA;-33;-33;Percent per capita;Conditional;Intensity;;-21;-21;;BAU 2030 2.21 tCO2eq per capita, Population 2030 18.23 million;NA;https://unfccc.int/sites/default/files/NDC/2022-06/Zimbabwe%20Revised%20Nationally%20Determined%20Contribution%202021%20Final.pdf;https://www.populationpyramid.net/zimbabwe/2029/;V3;New non-EU-27 observation added in V3;active;V3
ZWE;NA;Zimbabwe;Zimbabwe;Sub-Saharan Africa;Lower middle income;2021;2015;2030;NA;-40;-40;Percent per capita;Conditional;Intensity;;-27;-27;;BAU 2030 2.3 tCO2eq per capita, Population 2030 18.23 million;NA;https://unfccc.int/sites/default/files/2025-02/Zimbabwe%20NDC3.0%20Country%20Statement_2025_35.pdf;https://www.populationpyramid.net/zimbabwe/2029/;V3;New non-EU-27 observation added in V3;active;V3
