Country_code,Country,Year_decision,Year_first_decision,Year_target,Target_minimum,Target_maximum,Target_average,Target_consistent,Unit,Target_type,RE_technology,Miscellaneous,Source,added_in_version,change_reason,status,status_changed_in_version
AFG,Afghanistan,2016,2016,2050,,100.0,100.0,100.0,Percent,Electricity ,All technologies,,https://www.ren21.net/wp-content/uploads/2019/05/GSR2017_Full-Report_English.pdf,V3,New non-EU-27 observation added in V3,active,V3
AFG,Afghanistan,2022,2016,2030,,25.0,25.0,25.0,Percent,Electricity ,All technologies,,https://www.ren21.net/wp-content/uploads/2019/05/GSR-2023_Energy-Supply-Module.pdf,V3,New non-EU-27 observation added in V3,active,V3
AFG,Afghanistan,2017,2017,2032,,10.0,10.0,10.0,Percent,Final energy,All technologies,,https://www.ren21.net/wp-content/uploads/2019/08/Full-Report-2018.pdf,V3,New non-EU-27 observation added in V3,active,V3
AFG,Afghanistan,2020,2017,2100,,40.0,40.0,40.0,Percent,Final energy,All technologies,,https://www.ren21.net/wp-content/uploads/2019/05/GSR2021_Full_Report.pdf,V3,New non-EU-27 observation added in V3,active,V3
ALB,Albania,2012,2012,2020,,38.0,38.0,38.0,Percent,Final energy,All technologies,,https://www.ren21.net/wp-content/uploads/2019/05/GSR2013_Full-Report_English.pdf,V3,New non-EU-27 observation added in V3,active,V3
ALB,Albania,2020,2012,2030,,42.0,42.0,42.0,Percent,Final energy,All technologies,,https://www.ren21.net/wp-content/uploads/2019/05/GSR2021_Full_Report.pdf,V3,New non-EU-27 observation added in V3,active,V3
ALB,Albania,2023,2012,2030,,54.0,54.0,54.0,Percent,Final energy,All technologies,,https://www.ren21.net/wp-content/uploads/2019/05/GSR2024_GlobalOverview_Full_Report_with_endnotes_web.pdf,V3,New non-EU-27 observation added in V3,active,V3
DZA,Algeria,2009,2009,2010,,10.0,10.0,10.0,Percent,Electricity ,All technologies,,https://www.ren21.net/Portals/0/documents/activities/gsr/REN21_GSR_2010_full_revised%20Sept2010.pdf,V3,New non-EU-27 observation added in V3,active,V3
DZA,Algeria,2010,2009,2017,,5.0,5.0,5.0,Percent,Electricity ,All technologies,,https://www.ren21.net/wp-content/uploads/2019/05/GSR2011_Full-Report_English.pdf,V3,New non-EU-27 observation added in V3,active,V3
DZA,Algeria,2010,2009,2030,,20.0,20.0,20.0,Percent,Electricity ,All technologies,,https://www.ren21.net/wp-content/uploads/2019/05/GSR2011_Full-Report_English.pdf,V3,New non-EU-27 observation added in V3,active,V3
DZA,Algeria,2012,2009,2030,,40.0,40.0,40.0,Percent,Electricity ,All technologies,,https://www.ren21.net/wp-content/uploads/2019/05/GSR2013_Full-Report_English.pdf,V3,New non-EU-27 observation added in V3,active,V3
DZA,Algeria,2014,2009,2030,,27.0,27.0,27.0,Percent,Electricity ,All technologies,,https://www.ren21.net/wp-content/uploads/2019/05/GSR2015_Full-Report_English.pdf,V3,New non-EU-27 observation added in V3,active,V3
DZA,Algeria,2011,2011,2030,,40.0,40.0,40.0,Percent,Final energy,All technologies,,https://www.ren21.net/wp-content/uploads/2019/05/GSR2012_Full-Report_English.pdf,V3,New non-EU-27 observation added in V3,active,V3
DZA,Algeria,2015,2011,2030,,37.0,37.0,37.0,Percent,Final energy,All technologies,,https://www.ren21.net/wp-content/uploads/2019/05/REN21_GSR2016_FullReport_en_11.pdf,V3,New non-EU-27 observation added in V3,active,V3
AND,Andorra,2021,2021,2030,,75.0,75.0,75.0,Percent,Electricity ,All technologies,,https://unfccc.int/sites/default/files/resource/AND_LTS_Nov2021.pdf,V3,New non-EU-27 observation added in V3,active,V3
AND,Andorra,2021,2021,2030,,80.0,80.0,80.0,Percent,Electricity ,All technologies,,https://unfccc.int/sites/default/files/resource/AND_LTS_Nov2021.pdf,V3,New non-EU-27 observation added in V3,active,V3
AGO,Angola,2020,2020,2025,,7.5,7.5,7.5,Percent,Electricity ,All technologies except hydro,Around 800 MW,https://www.ren21.net/wp-content/uploads/2019/05/GSR2021_Full_Report.pdf,V3,New non-EU-27 observation added in V3,active,V3
AGO,Angola,2023,2023,2025,,8.0,8.0,8.0,Percent,Final energy,All technologies,,https://www.ren21.net/wp-content/uploads/2019/05/GSR2024_GlobalOverview_Full_Report_with_endnotes_web.pdf,V3,New non-EU-27 observation added in V3,active,V3
ATG,Antigua and Barbuda,2012,2012,2015,,5.0,5.0,5.0,Percent,Electricity ,All technologies,,https://www.ren21.net/wp-content/uploads/2019/05/GSR2013_Full-Report_English.pdf,V3,New non-EU-27 observation added in V3,active,V3
ATG,Antigua and Barbuda,2012,2012,2020,,10.0,10.0,10.0,Percent,Electricity ,All technologies,,https://www.ren21.net/wp-content/uploads/2019/05/GSR2013_Full-Report_English.pdf,V3,New non-EU-27 observation added in V3,active,V3
ATG,Antigua and Barbuda,2012,2012,2030,,15.0,15.0,15.0,Percent,Electricity ,All technologies,,https://www.ren21.net/wp-content/uploads/2019/05/GSR2013_Full-Report_English.pdf,V3,New non-EU-27 observation added in V3,active,V3
ATG,Antigua and Barbuda,2015,2012,2016,,8.0,8.0,8.0,Percent,Electricity ,All technologies,,https://www.ren21.net/wp-content/uploads/2019/05/REN21_GSR2016_FullReport_en_11.pdf,V3,New non-EU-27 observation added in V3,active,V3
ATG,Antigua and Barbuda,2021,2012,2030,,100.0,100.0,100.0,Percent,Electricity ,All technologies,,https://www.ren21.net/wp-content/uploads/2019/05/GSR2022_Full_Report.pdf,V3,New non-EU-27 observation added in V3,active,V3
ATG,Antigua and Barbuda,2020,2020,2030,,15.0,15.0,15.0,Percent,Final energy,All technologies,,https://www.ren21.net/wp-content/uploads/2019/05/GSR2021_Full_Report.pdf,V3,New non-EU-27 observation added in V3,active,V3
ARG,Argentina,2009,2009,2016,,8.0,8.0,8.0,Percent,Electricity ,All technologies except large hydro,,https://www.ren21.net/wp-content/uploads/2019/05/GSR2010_Full-Report_English.pdf,V3,New non-EU-27 observation added in V3,active,V3
ARG,Argentina,2015,2009,2025,,20.0,20.0,20.0,Percent,Electricity ,All technologies except large hydro,,https://www.ren21.net/wp-content/uploads/2019/05/REN21_GSR2016_FullReport_en_11.pdf,V3,New non-EU-27 observation added in V3,active,V3
ARG,Argentina,2017,2009,2018,,8.0,8.0,8.0,Percent,Electricity ,All technologies except large hydro,,https://www.ren21.net/wp-content/uploads/2019/08/Full-Report-2018.pdf,V3,New non-EU-27 observation added in V3,active,V3
ARG,Argentina,2017,2009,2019,,9.0,9.0,9.0,Percent,Electricity ,All technologies except large hydro,,https://www.ren21.net/wp-content/uploads/2019/08/Full-Report-2018.pdf,V3,New non-EU-27 observation added in V3,active,V3
ARG,Argentina,2017,2009,2021,,16.0,16.0,16.0,Percent,Electricity ,All technologies except large hydro,,https://www.ren21.net/wp-content/uploads/2019/08/Full-Report-2018.pdf,V3,New non-EU-27 observation added in V3,active,V3
ARG,Argentina,2017,2009,2023,,18.0,18.0,18.0,Percent,Electricity ,All technologies except large hydro,,https://www.ren21.net/wp-content/uploads/2019/08/Full-Report-2018.pdf,V3,New non-EU-27 observation added in V3,active,V3
ARG,Argentina,2018,2009,2019,,12.0,12.0,12.0,Percent,Electricity ,All technologies except large hydro,,https://www.ren21.net/wp-content/uploads/2019/05/gsr_2019_full_report_en.pdf,V3,New non-EU-27 observation added in V3,active,V3
ARG,Argentina,2020,2009,2030,,26.0,26.0,26.0,Percent,Electricity ,All technologies except large hydro,,https://www.ren21.net/wp-content/uploads/2019/05/GSR2021_Full_Report.pdf,V3,New non-EU-27 observation added in V3,active,V3
ARG,Argentina,2023,2023,2025,,20.0,20.0,20.0,Percent,Final energy,All technologies,,https://www.ren21.net/wp-content/uploads/2019/05/GSR2024_GlobalOverview_Full_Report_with_endnotes_web.pdf,V3,New non-EU-27 observation added in V3,active,V3
ARM,Armenia,2016,2016,2025,,40.0,40.0,40.0,Percent,Electricity ,All technologies,,https://www.ren21.net/wp-content/uploads/2019/05/GSR2017_Full-Report_English.pdf,V3,New non-EU-27 observation added in V3,active,V3
ARM,Armenia,2020,2016,2020,,21.0,21.0,21.0,Percent,Electricity ,All technologies,,https://www.ren21.net/wp-content/uploads/2019/05/GSR2021_Full_Report.pdf,V3,New non-EU-27 observation added in V3,active,V3
ARM,Armenia,2020,2016,2025,,30.0,30.0,30.0,Percent,Electricity ,All technologies,,https://www.ren21.net/wp-content/uploads/2019/05/GSR2021_Full_Report.pdf,V3,New non-EU-27 observation added in V3,active,V3
ARM,Armenia,2021,2016,2036,,28.0,28.0,28.0,Percent,Electricity ,All technologies,,https://www.ren21.net/wp-content/uploads/2019/05/GSR2022_Full_Report.pdf,V3,New non-EU-27 observation added in V3,active,V3
ARM,Armenia,2023,2023,2030,,15.0,15.0,15.0,Percent,Final energy,All technologies,,https://www.ren21.net/wp-content/uploads/2019/05/GSR2024_GlobalOverview_Full_Report_with_endnotes_web.pdf,V3,New non-EU-27 observation added in V3,active,V3
AUS,Australia,2001,2001,2010,,2.0,2.0,2.0,Percent,Electricity ,All technologies ,,"https://cer.gov.au/schemes/renewable-energy-target#:~:text=2001%3A%20The%20RET%20began%20as,Australia's%20electricity%20(41%2C000%20GWh).",V3,New non-EU-27 observation added in V3,active,V3
AUS,Australia,2012,2001,2020,,20.0,20.0,20.0,Percent,Electricity ,All technologies ,,https://www.ren21.net/wp-content/uploads/2019/05/GSR2013_Full-Report_English.pdf,V3,New non-EU-27 observation added in V3,active,V3
AUS,Australia,2015,2001,2020,,23.0,23.0,23.0,Percent,Electricity ,All technologies ,,https://www.ren21.net/wp-content/uploads/2019/05/REN21_GSR2016_FullReport_en_11.pdf,V3,New non-EU-27 observation added in V3,active,V3
AUS,Australia,2022,2001,2030,,82.0,82.0,82.0,Percent,Electricity ,All technologies ,,https://www.ren21.net/wp-content/uploads/2019/05/GSR-2023_Energy-Supply-Module.pdf,V3,New non-EU-27 observation added in V3,active,V3
AUT,Austria,2001,2001,2010,,78.1,78.1,78.1,Percent,Electricity ,All technologies ,,https://www.iea.org/policies/3769-green-electricity-act,V1,,active,V1
AUT,Austria,2013,2001,2020,,70.6,70.6,70.6,Percent,Electricity ,All technologies ,,https://www.ren21.net/wp-content/uploads/2019/05/GSR2014_Full-Report_English.pdf,V1,,active,V1
AUT,Austria,2019,2001,2030,,87.0,87.0,87.0,Percent,Electricity ,All technologies ,,https://ember-energy.org/data/live-eu-necp-tracker/#data-tool,V1,,active,V1
AUT,Austria,2023,2001,2030,,94.0,94.0,94.0,Percent,Electricity ,All technologies ,,https://ember-energy.org/data/live-eu-necp-tracker/#data-tool,V1,,active,V1
AUT,Austria,2006,2006,2020,,34.0,34.0,34.0,Percent,Final energy,All technologies,,https://www.ren21.net/wp-content/uploads/2019/05/GSR2007_Full-Report_English.pdf,V1,,active,V1
AUT,Austria,2011,2006,2020,,45.0,45.0,45.0,Percent,Final energy,All technologies,,https://www.ren21.net/wp-content/uploads/2019/05/GSR2012_Full-Report_English.pdf,V1,,active,V1
AUT,Austria,2020,2006,2030,46.0,50.0,48.0,48.0,Percent,Final energy,All technologies,,https://www.ren21.net/wp-content/uploads/2019/05/GSR2021_Full_Report.pdf,V1,,active,V1
AUT,Austria,2023,2006,2030,,45.0,45.0,45.0,Percent,Final energy,All technologies,,https://www.ren21.net/wp-content/uploads/2019/05/GSR2024_GlobalOverview_Full_Report_with_endnotes_web.pdf,V1,,active,V1
AZE,Azerbaijan,2013,2013,2020,,20.0,20.0,20.0,Percent,Electricity ,All technologies,,https://www.ren21.net/wp-content/uploads/2019/05/GSR2014_Full-Report_English.pdf,V3,New non-EU-27 observation added in V3,active,V3
AZE,Azerbaijan,2022,2013,2030,,30.0,30.0,30.0,Percent,Electricity ,All technologies,,https://www.ren21.net/wp-content/uploads/2019/05/GSR2023_GlobalOverview_Full_Report_with_endnotes_web.pdf,V3,New non-EU-27 observation added in V3,active,V3
AZE,Azerbaijan,2023,2023,2030,,30.0,30.0,30.0,Percent,Final energy,All technologies,,https://www.ren21.net/wp-content/uploads/2019/05/GSR2024_GlobalOverview_Full_Report_with_endnotes_web.pdf,V3,New non-EU-27 observation added in V3,active,V3
BHS,Bahamas,2012,2012,2020,,15.0,15.0,15.0,Percent,Electricity ,All technologies,,https://www.ren21.net/wp-content/uploads/2019/05/GSR2013_Full-Report_English.pdf,V3,New non-EU-27 observation added in V3,active,V3
BHS,Bahamas,2012,2012,2030,,30.0,30.0,30.0,Percent,Electricity ,All technologies,,https://www.ren21.net/wp-content/uploads/2019/05/GSR2013_Full-Report_English.pdf,V3,New non-EU-27 observation added in V3,active,V3
BHS,Bahamas,2020,2020,2030,,30.0,30.0,30.0,Percent,Final energy,All technologies,,https://www.ren21.net/wp-content/uploads/2019/05/GSR2021_Full_Report.pdf,V3,New non-EU-27 observation added in V3,active,V3
BHR,Bahrain,2014,2014,2030,,5.0,5.0,5.0,Percent,Electricity ,All technologies,,https://www.ren21.net/wp-content/uploads/2019/05/GSR2015_Full-Report_English.pdf,V3,New non-EU-27 observation added in V3,active,V3
BHR,Bahrain,2019,2014,2025,,5.0,5.0,5.0,Percent,Electricity ,All technologies,,https://www.ren21.net/wp-content/uploads/2019/05/gsr_2020_full_report_en.pdf,V3,New non-EU-27 observation added in V3,active,V3
BHR,Bahrain,2019,2014,2030,,10.0,10.0,10.0,Percent,Electricity ,All technologies,,https://www.ren21.net/wp-content/uploads/2019/05/gsr_2020_full_report_en.pdf,V3,New non-EU-27 observation added in V3,active,V3
BGD,Bangladesh,2009,2009,2015,,5.0,5.0,5.0,Percent,Electricity ,All technologies,,https://www.ren21.net/Portals/0/documents/activities/gsr/REN21_GSR_2010_full_revised%20Sept2010.pdf,V3,New non-EU-27 observation added in V3,active,V3
BGD,Bangladesh,2009,2009,2020,,10.0,10.0,10.0,Percent,Electricity ,All technologies,,https://www.ren21.net/Portals/0/documents/activities/gsr/REN21_GSR_2010_full_revised%20Sept2010.pdf,V3,New non-EU-27 observation added in V3,active,V3
BGD,Bangladesh,2016,2009,2050,,100.0,100.0,100.0,Percent,Electricity ,All technologies,,https://www.ren21.net/wp-content/uploads/2019/05/GSR2017_Full-Report_English.pdf,V3,New non-EU-27 observation added in V3,active,V3
BGD,Bangladesh,2020,2009,2021,,10.0,10.0,10.0,Percent,Electricity ,All technologies,,https://www.ren21.net/wp-content/uploads/2019/05/GSR2021_Full_Report.pdf,V3,New non-EU-27 observation added in V3,active,V3
BGD,Bangladesh,2021,2009,2030,,15.0,15.0,15.0,Percent,Electricity ,All technologies,,https://www.ren21.net/wp-content/uploads/2019/05/GSR2022_Full_Report.pdf,V3,New non-EU-27 observation added in V3,active,V3
BGD,Bangladesh,2021,2009,2050,,40.0,40.0,40.0,Percent,Electricity ,All technologies,,https://www.ren21.net/wp-content/uploads/2019/05/GSR2022_Full_Report.pdf,V3,New non-EU-27 observation added in V3,active,V3
BGD,Bangladesh,2015,2015,2020,,10.0,10.0,10.0,Percent,Final energy,All technologies,,https://www.ren21.net/wp-content/uploads/2019/05/REN21_GSR2016_FullReport_en_11.pdf,V3,New non-EU-27 observation added in V3,active,V3
BGD,Bangladesh,2020,2015,2030,,20.0,20.0,20.0,Percent,Final energy,All technologies,,https://www.ren21.net/wp-content/uploads/2019/05/GSR2021_Full_Report.pdf,V3,New non-EU-27 observation added in V3,active,V3
BRB,Barbados,2012,2012,2029,,29.0,29.0,29.0,Percent,Electricity ,All technologies,,https://www.ren21.net/wp-content/uploads/2019/05/GSR2013_Full-Report_English.pdf,V3,New non-EU-27 observation added in V3,active,V3
BRB,Barbados,2015,2012,2030,,65.0,65.0,65.0,Percent,Electricity ,All technologies,,https://www.ren21.net/wp-content/uploads/2019/05/REN21_GSR2016_FullReport_en_11.pdf,V3,New non-EU-27 observation added in V3,active,V3
BRB,Barbados,2016,2012,2050,,100.0,100.0,100.0,Percent,Electricity ,All technologies,,https://www.ren21.net/wp-content/uploads/2019/05/GSR2017_Full-Report_English.pdf,V3,New non-EU-27 observation added in V3,active,V3
BRB,Barbados,2022,2022,2050,,100.0,100.0,100.0,Percent,Final energy,All technologies,,https://www.ren21.net/wp-content/uploads/2019/05/GSR2023_GlobalOverview_Full_Report_with_endnotes_web.pdf,V3,New non-EU-27 observation added in V3,active,V3
BRB,Barbados,2023,2022,2030,,100.0,100.0,100.0,Percent,Final energy,All technologies,,https://www.ren21.net/wp-content/uploads/2019/05/GSR2024_GlobalOverview_Full_Report_with_endnotes_web.pdf,V3,New non-EU-27 observation added in V3,active,V3
BLR,Belarus,2014,2014,2015,,28.0,28.0,28.0,Percent,Final energy,All technologies,,https://www.ren21.net/wp-content/uploads/2019/05/GSR2015_Full-Report_English.pdf,V3,New non-EU-27 observation added in V3,active,V3
BLR,Belarus,2014,2014,2020,,32.0,32.0,32.0,Percent,Final energy,All technologies,,https://www.ren21.net/wp-content/uploads/2019/05/GSR2015_Full-Report_English.pdf,V3,New non-EU-27 observation added in V3,active,V3
BLR,Belarus,2023,2014,2035,,9.0,9.0,9.0,Percent,Final energy,All technologies,,https://www.ren21.net/wp-content/uploads/2019/05/GSR2024_GlobalOverview_Full_Report_with_endnotes_web.pdf,V3,New non-EU-27 observation added in V3,active,V3
BEL,Belgium,2001,2001,2010,,6.0,6.0,6.0,Percent,Electricity ,All technologies ,,https://www.iea.org/policies/3719-national-green-certificate-scheme,V1,,active,V1
BEL,Belgium,2011,2001,2020,,20.9,20.9,20.9,Percent,Electricity ,All technologies ,,https://www.ren21.net/Portals/0/documents/activities/gsr/GSR2012.pdf,V1,,active,V1
BEL,Belgium,2019,2001,2030,,41.0,41.0,41.0,Percent,Electricity ,All technologies ,,https://ember-energy.org/data/live-eu-necp-tracker/#data-tool,V1,,active,V1
BEL,Belgium,2009,2009,2020,,13.0,13.0,13.0,Percent,Final energy,All technologies,,https://www.ren21.net/wp-content/uploads/2019/05/GSR2010_Full-Report_English.pdf,V1,,active,V1
BEL,Belgium,2020,2009,2030,,18.3,18.3,18.3,Percent,Final energy,All technologies,,https://www.ren21.net/wp-content/uploads/2019/05/GSR2021_Full_Report.pdf,V1,,active,V1
BEL,Belgium,2022,2009,2050,,100.0,100.0,100.0,Percent,Final energy,All technologies,,https://www.ren21.net/wp-content/uploads/2019/05/GSR2023_GlobalOverview_Full_Report_with_endnotes_web.pdf,V1,,active,V1
BLZ,Belize,2013,2013,NA,,50.0,50.0,50.0,Percent,Electricity ,All technologies,,https://www.ren21.net/wp-content/uploads/2019/05/GSR2014_Full-Report_English.pdf,V3,New non-EU-27 observation added in V3,active,V3
BLZ,Belize,2015,2013,2017,,85.0,85.0,85.0,Percent,Electricity ,All technologies,,https://www.ren21.net/wp-content/uploads/2019/05/REN21_GSR2016_FullReport_en_11.pdf,V3,New non-EU-27 observation added in V3,active,V3
BLZ,Belize,2018,2013,2030,,85.0,85.0,85.0,Percent,Electricity ,All technologies,,https://www.ren21.net/wp-content/uploads/2019/05/gsr_2019_full_report_en.pdf,V3,New non-EU-27 observation added in V3,active,V3
BLZ,Belize,2021,2013,2030,,75.0,75.0,75.0,Percent,Electricity ,All technologies,,https://www.ren21.net/wp-content/uploads/2019/05/GSR2022_Full_Report.pdf,V3,New non-EU-27 observation added in V3,active,V3
BEN,Benin,2011,2011,2025,,50.0,50.0,50.0,Percent,Electricity ,All technologies,Only rural,https://www.ren21.net/wp-content/uploads/2019/05/GSR2012_Full-Report_English.pdf,V3,New non-EU-27 observation added in V3,active,V3
BEN,Benin,2017,2017,2025,,25.0,25.0,25.0,Percent,Final energy,All technologies,,https://www.ren21.net/wp-content/uploads/2019/08/Full-Report-2018.pdf,V3,New non-EU-27 observation added in V3,active,V3
BTN,Bhutan,2016,2016,2050,,100.0,100.0,100.0,Percent,Electricity ,All technologies,,https://www.ren21.net/wp-content/uploads/2019/05/GSR2017_Full-Report_English.pdf,V3,New non-EU-27 observation added in V3,active,V3
BTN,Bhutan,2020,2020,2050,,100.0,100.0,100.0,Percent,Final energy,All technologies,,https://www.ren21.net/wp-content/uploads/2019/05/GSR2021_Full_Report.pdf,V3,New non-EU-27 observation added in V3,active,V3
BOL,Bolivia (Plurinational State of),2015,2015,2030,,79.0,79.0,79.0,Percent,Electricity ,All technologies,,https://www.ren21.net/wp-content/uploads/2019/05/REN21_GSR2016_FullReport_en_11.pdf,V3,New non-EU-27 observation added in V3,active,V3
BOL,Bolivia (Plurinational State of),2022,2015,2025,,80.0,80.0,80.0,Percent,Electricity ,All technologies,,https://www.ren21.net/wp-content/uploads/2019/05/GSR-2023_Energy-Supply-Module.pdf,V3,New non-EU-27 observation added in V3,active,V3
BIH,Bosnia And Herzegovina,2020,2020,2030,,57.0,57.0,57.0,Percent,Electricity ,All technologies,,https://www.ren21.net/wp-content/uploads/2019/05/GSR2021_Full_Report.pdf,V3,New non-EU-27 observation added in V3,active,V3
BIH,Bosnia and Herzegovina,2012,2012,2020,,40.0,40.0,40.0,Percent,Final energy,All technologies,,https://www.ren21.net/wp-content/uploads/2019/05/GSR2013_Full-Report_English.pdf,V3,New non-EU-27 observation added in V3,active,V3
BWA,Botswana,2010,2010,2016,,1.0,1.0,1.0,Percent,Final energy,All technologies,,https://www.ren21.net/wp-content/uploads/2019/05/GSR2011_Full-Report_English.pdf,V3,New non-EU-27 observation added in V3,active,V3
BWA,Botswana,2023,2010,2036,,50.0,50.0,50.0,Percent,Final energy,All technologies,,https://www.ren21.net/wp-content/uploads/2019/05/GSR2024_GlobalOverview_Full_Report_with_endnotes_web.pdf,V3,New non-EU-27 observation added in V3,active,V3
BRA,Brazil,2009,2009,2020,,75.0,75.0,75.0,Percent,Electricity ,All technologies,,https://www.ren21.net/wp-content/uploads/2019/05/GSR2010_Full-Report_English.pdf,V3,New non-EU-27 observation added in V3,active,V3
BRA,Brazil,2015,2009,2030,,23.0,23.0,23.0,Percent,Electricity ,All technologies except hydro,,https://www.ren21.net/wp-content/uploads/2019/05/REN21_GSR2016_FullReport_en_11.pdf,V3,New non-EU-27 observation added in V3,active,V3
BRA,Brazil,2022,2009,2030,,45.0,45.0,45.0,Percent,Electricity ,All technologies,,https://www.ren21.net/wp-content/uploads/2019/05/GSR-2023_Energy-Supply-Module.pdf,V3,New non-EU-27 observation added in V3,active,V3
BRA,Brazil,2015,2015,2030,,45.0,45.0,45.0,Percent,Final energy,All technologies,,https://www.ren21.net/wp-content/uploads/2019/05/REN21_GSR2016_FullReport_en_11.pdf,V3,New non-EU-27 observation added in V3,active,V3
BRN,Brunei Darussalam,2014,2014,2035,,10.0,10.0,10.0,Percent,Electricity ,All technologies,,https://www.ren21.net/wp-content/uploads/2019/05/GSR2015_Full-Report_English.pdf,V3,New non-EU-27 observation added in V3,active,V3
BRN,Brunei Darussalam,2022,2014,2035,,30.0,30.0,30.0,Percent,Electricity ,All technologies,,https://www.ren21.net/wp-content/uploads/2019/05/GSR-2023_Energy-Supply-Module.pdf,V3,New non-EU-27 observation added in V3,active,V3
BRN,Brunei Darussalam,2018,2018,2035,,10.0,10.0,10.0,Percent,Final energy,All technologies,,https://www.ren21.net/wp-content/uploads/2019/05/gsr_2019_full_report_en.pdf,V3,New non-EU-27 observation added in V3,active,V3
BGR,Bulgaria,2009,2009,2010,,11.0,11.0,11.0,Percent,Electricity ,All technologies,,https://www.ren21.net/Portals/0/documents/activities/gsr/REN21_GSR_2010_full_revised%20Sept2010.pdf,V1,,active,V1
BGR,Bulgaria,2014,2009,2020,,21.0,21.0,21.0,Percent,Electricity ,All technologies,,https://www.ren21.net/wp-content/uploads/2019/05/GSR2015_Full-Report_English.pdf,V1,,active,V1
BGR,Bulgaria,2019,2009,2020,,17.0,17.0,17.0,Percent,Electricity ,All technologies,,https://www.ren21.net/wp-content/uploads/2019/05/gsr_2020_full_report_en.pdf,V1,,active,V1
BGR,Bulgaria,2019,2009,2030,,57.0,57.0,57.0,Percent,Electricity ,All technologies ,,https://ember-energy.org/data/live-eu-necp-tracker/#data-tool,V1,,active,V1
BGR,Bulgaria,2023,2009,2030,,91.0,91.0,91.0,Percent,Electricity ,All technologies ,,https://ember-energy.org/data/live-eu-necp-tracker/#data-tool,V1,,active,V1
BGR,Bulgaria,2009,2009,2020,,16.0,16.0,16.0,Percent,Final energy,All technologies,,https://www.ren21.net/wp-content/uploads/2019/05/GSR2010_Full-Report_English.pdf,V1,,active,V1
BGR,Bulgaria,2019,2009,2030,,27.0,27.0,27.0,Percent,Final energy,All technologies,,https://www.ren21.net/wp-content/uploads/2019/05/gsr_2020_full_report_en.pdf,V1,,active,V1
BFA,Burkina Faso,2016,2016,2050,,100.0,100.0,100.0,Percent,Electricity ,All technologies,,https://www.ren21.net/wp-content/uploads/2019/05/GSR2017_Full-Report_English.pdf,V3,New non-EU-27 observation added in V3,active,V3
BFA,Burkina Faso,2017,2016,2025,,50.0,50.0,50.0,Percent,Electricity ,All technologies,,https://www.ren21.net/wp-content/uploads/2019/08/Full-Report-2018.pdf,V3,New non-EU-27 observation added in V3,active,V3
BFA,Burkina Faso,2020,2016,2030,,50.0,50.0,50.0,Percent,Electricity ,All technologies,,https://www.ren21.net/wp-content/uploads/2019/05/GSR2021_Full_Report.pdf,V3,New non-EU-27 observation added in V3,active,V3
BFA,Burkina Faso,2020,2020,2025,,50.0,50.0,50.0,Percent,Final energy,All technologies,,https://www.ren21.net/wp-content/uploads/2019/05/GSR2021_Full_Report.pdf,V3,New non-EU-27 observation added in V3,active,V3
BFA,Burkina Faso,2023,2020,2030,,50.0,50.0,50.0,Percent,Final energy,All technologies,,https://www.ren21.net/wp-content/uploads/2019/05/GSR2024_GlobalOverview_Full_Report_with_endnotes_web.pdf,V3,New non-EU-27 observation added in V3,active,V3
BDI,Burundi,2020,2020,2020,,17.0,17.0,17.0,Percent,Electricity ,All technologies,,https://www.ren21.net/wp-content/uploads/2019/05/GSR2021_Full_Report.pdf,V3,New non-EU-27 observation added in V3,active,V3
BDI,Burundi,2020,2020,2025,,50.0,50.0,50.0,Percent,Electricity ,All technologies,,https://www.ren21.net/wp-content/uploads/2019/05/GSR2021_Full_Report.pdf,V3,New non-EU-27 observation added in V3,active,V3
BDI,Burundi,2010,2010,2020,,2.1,2.1,2.1,Percent,Final energy,All technologies,,https://www.ren21.net/wp-content/uploads/2019/05/GSR2011_Full-Report_English.pdf,V3,New non-EU-27 observation added in V3,active,V3
BDI,Burundi,2020,2010,2025,,50.0,50.0,50.0,Percent,Final energy,All technologies,,https://www.ren21.net/wp-content/uploads/2019/05/GSR2021_Full_Report.pdf,V3,New non-EU-27 observation added in V3,active,V3
KHM,Cambodia,2014,2014,2015,,15.0,15.0,15.0,Percent,Electricity ,All technologies,,https://www.ren21.net/wp-content/uploads/2019/05/GSR2015_Full-Report_English.pdf,V3,New non-EU-27 observation added in V3,active,V3
KHM,Cambodia,2015,2014,2035,,25.0,25.0,25.0,Percent,Electricity ,All technologies,,https://www.ren21.net/wp-content/uploads/2019/05/REN21_GSR2016_FullReport_en_11.pdf,V3,New non-EU-27 observation added in V3,active,V3
KHM,Cambodia,2016,2014,2050,,100.0,100.0,100.0,Percent,Electricity ,All technologies,,https://www.ren21.net/wp-content/uploads/2019/05/GSR2017_Full-Report_English.pdf,V3,New non-EU-27 observation added in V3,active,V3
KHM,Cambodia,2021,2014,2050,,35.0,35.0,35.0,Percent,Electricity ,All technologies,,https://www.ren21.net/wp-content/uploads/2019/05/GSR2022_Full_Report.pdf,V3,New non-EU-27 observation added in V3,active,V3
KHM,Cambodia,2020,2020,2050,,100.0,100.0,100.0,Percent,Final energy,All technologies,,https://www.ren21.net/wp-content/uploads/2019/05/GSR2021_Full_Report.pdf,V3,New non-EU-27 observation added in V3,active,V3
KHM,Cambodia,2023,2020,2030,,25.0,25.0,25.0,Percent,Final energy,All technologies,,https://www.ren21.net/wp-content/uploads/2019/05/GSR2024_GlobalOverview_Full_Report_with_endnotes_web.pdf,V3,New non-EU-27 observation added in V3,active,V3
CMR,Cameroon,2009,2009,2015,,50.0,50.0,50.0,Percent,Electricity ,All technologies,,https://www.ren21.net/Portals/0/documents/activities/gsr/REN21_GSR_2010_full_revised%20Sept2010.pdf,V3,New non-EU-27 observation added in V3,active,V3
CMR,Cameroon,2009,2009,2020,,80.0,80.0,80.0,Percent,Electricity ,All technologies,,https://www.ren21.net/Portals/0/documents/activities/gsr/REN21_GSR_2010_full_revised%20Sept2010.pdf,V3,New non-EU-27 observation added in V3,active,V3
CMR,Cameroon,2021,2009,2030,,19.0,19.0,19.0,Percent,Electricity ,All technologies,,https://www.ren21.net/wp-content/uploads/2019/05/GSR2022_Full_Report.pdf,V3,New non-EU-27 observation added in V3,active,V3
CMR,Cameroon,2023,2023,2035,,25.0,25.0,25.0,Percent,Final energy,All technologies,,https://www.ren21.net/wp-content/uploads/2019/05/GSR2024_GlobalOverview_Full_Report_with_endnotes_web.pdf,V3,New non-EU-27 observation added in V3,active,V3
CAN,Canada,2020,2020,2020,,71.0,71.0,71.0,Percent,Electricity ,All technologies except hydro,,https://www.ren21.net/wp-content/uploads/2019/05/gsr_2020_full_report_en.pdf,V3,New non-EU-27 observation added in V3,active,V3
CAN,Canada,2024,2020,2030,,90.0,90.0,90.0,Percent,Electricity ,All technologies,,https://www.canada.ca/en/employment-social-development/programs/agenda-2030/afforadable-clean-energy.html,V3,New non-EU-27 observation added in V3,active,V3
CPV,Cape Verde,2009,2009,2020,,50.0,50.0,50.0,Percent,Electricity ,All technologies,,https://www.ren21.net/Portals/0/documents/activities/gsr/REN21_GSR_2010_full_revised%20Sept2010.pdf,V3,New non-EU-27 observation added in V3,active,V3
CPV,Cape Verde,2015,2009,2035,,100.0,100.0,100.0,Percent,Electricity ,All technologies,,https://www.ren21.net/wp-content/uploads/2019/05/REN21_GSR2016_FullReport_en_11.pdf,V3,New non-EU-27 observation added in V3,active,V3
CPV,Cape Verde,2016,2009,2020,,100.0,100.0,100.0,Percent,Electricity ,All technologies,,https://www.ren21.net/wp-content/uploads/2019/05/GSR2017_Full-Report_English.pdf,V3,New non-EU-27 observation added in V3,active,V3
CPV,Cape Verde,2017,2009,2025,,100.0,100.0,100.0,Percent,Electricity ,All technologies,,https://www.ren21.net/wp-content/uploads/2019/08/Full-Report-2018.pdf,V3,New non-EU-27 observation added in V3,active,V3
CPV,Cape Verde,2022,2009,2030,,50.0,50.0,50.0,Percent,Electricity ,All technologies,,https://www.ren21.net/wp-content/uploads/2019/05/GSR-2023_Energy-Supply-Module.pdf,V3,New non-EU-27 observation added in V3,active,V3
CPV,Cape Verde,2023,2023,2030,,50.0,50.0,50.0,Percent,Final energy,All technologies,,https://www.ren21.net/wp-content/uploads/2019/05/GSR2024_GlobalOverview_Full_Report_with_endnotes_web.pdf,V3,New non-EU-27 observation added in V3,active,V3
CHL,Chile,2010,2010,2020,,8.0,8.0,8.0,Percent,Electricity ,All technologies except hydro,,https://www.ren21.net/wp-content/uploads/2019/05/GSR2011_Full-Report_English.pdf,V3,New non-EU-27 observation added in V3,active,V3
CHL,Chile,2011,2010,2020,,10.0,10.0,10.0,Percent,Electricity ,All technologies except hydro,,https://www.ren21.net/wp-content/uploads/2019/05/GSR2012_Full-Report_English.pdf,V3,New non-EU-27 observation added in V3,active,V3
CHL,Chile,2013,2010,2025,,20.0,20.0,20.0,Percent,Electricity ,All technologies except large hydro,,https://www.ren21.net/wp-content/uploads/2019/05/GSR2014_Full-Report_English.pdf,V3,New non-EU-27 observation added in V3,active,V3
CHL,Chile,2019,2010,2030,,70.0,70.0,70.0,Percent,Electricity ,All technologies,,https://www.ren21.net/wp-content/uploads/2019/05/gsr_2020_full_report_en.pdf,V3,New non-EU-27 observation added in V3,active,V3
CHL,Chile,2022,2010,2030,,80.0,80.0,80.0,Percent,Electricity ,All technologies,,"https://practiceguides.chambers.com/practice-guides/renewable-energy-2024/chile/trends-and-developments/O18445#:~:text=achieving%20100%%20zero%2Demission%20energy%20in%20electricity%20generation,and%2080%%20in%20renewable%20energy%20by%202030;&text=As%20we%20have%20pointed%20out%2C%20Chile's%20commitment,significantly%20influenced%20market%20dynamics%20and%20regulatory%20behaviour.",V3,New non-EU-27 observation added in V3,active,V3
CHL,Chile,2022,2010,2050,,100.0,100.0,100.0,Percent,Electricity ,All technologies,,"https://practiceguides.chambers.com/practice-guides/renewable-energy-2024/chile/trends-and-developments/O18445#:~:text=achieving%20100%%20zero%2Demission%20energy%20in%20electricity%20generation,and%2080%%20in%20renewable%20energy%20by%202030;&text=As%20we%20have%20pointed%20out%2C%20Chile's%20commitment,significantly%20influenced%20market%20dynamics%20and%20regulatory%20behaviour.",V3,New non-EU-27 observation added in V3,active,V3
CHL,Chile,2019,2019,2024,,20.0,20.0,20.0,Percent,Final energy,All technologies,,https://www.ren21.net/wp-content/uploads/2019/05/gsr_2020_full_report_en.pdf,V3,New non-EU-27 observation added in V3,active,V3
CHL,Chile,2023,2019,2030,,70.0,70.0,70.0,Percent,Final energy,All technologies,,https://www.ren21.net/wp-content/uploads/2019/05/GSR2024_GlobalOverview_Full_Report_with_endnotes_web.pdf,V3,New non-EU-27 observation added in V3,active,V3
CHN,China,2010,2010,2020,,3.0,3.0,3.0,Percent,Electricity ,All technologies ,,https://www.ren21.net/wp-content/uploads/2019/05/GSR2011_Full-Report_English.pdf,V3,New non-EU-27 observation added in V3,active,V3
CHN,China,2017,2010,2020,,27.0,27.0,27.0,Percent,Electricity ,All technologies ,,https://www.ren21.net/wp-content/uploads/2019/08/Full-Report-2018.pdf,V3,New non-EU-27 observation added in V3,active,V3
CHN,China,2018,2010,2030,,35.0,35.0,35.0,Percent,Electricity ,All technologies ,,https://www.ren21.net/wp-content/uploads/2019/05/gsr_2019_full_report_en.pdf,V3,New non-EU-27 observation added in V3,active,V3
CHN,China,2020,2010,2020,,28.2,28.2,28.2,Percent,Electricity ,All technologies ,,https://www.ren21.net/wp-content/uploads/2019/05/GSR2021_Full_Report.pdf,V3,New non-EU-27 observation added in V3,active,V3
CHN,China,2021,2010,2025,,50.0,50.0,50.0,Percent,Electricity ,All technologies ,,https://www.solarpaces.org/chinas-51-renewable-energy-target-was-achieved-early/,V3,New non-EU-27 observation added in V3,active,V3
CHN,China,2021,2010,2030,,40.0,40.0,40.0,Percent,Electricity ,All technologies ,,https://www.ren21.net/wp-content/uploads/2019/05/GSR2022_Full_Report.pdf,V3,New non-EU-27 observation added in V3,active,V3
CHN,China,2022,2010,2030,,26.0,26.0,26.0,Percent,Electricity ,All technologies ,,https://www.ren21.net/wp-content/uploads/2019/05/GSR2023_GlobalOverview_Full_Report_with_endnotes_web.pdf,V3,New non-EU-27 observation added in V3,active,V3
CHN,China,2009,2009,2020,,15.0,15.0,15.0,Percent,Final energy,All technologies,,https://www.ren21.net/wp-content/uploads/2019/05/GSR2010_Full-Report_English.pdf,V3,New non-EU-27 observation added in V3,active,V3
CHN,China,2011,2009,2015,,11.4,11.4,11.4,Percent,Final energy,All technologies,,https://www.ren21.net/wp-content/uploads/2019/05/GSR2012_Full-Report_English.pdf,V3,New non-EU-27 observation added in V3,active,V3
CHN,China,2012,2009,2015,,9.5,9.5,9.5,Percent,Final energy,All technologies,,https://www.ren21.net/wp-content/uploads/2019/05/GSR2013_Full-Report_English.pdf,V3,New non-EU-27 observation added in V3,active,V3
CHN,China,2014,2009,2017,,13.0,13.0,13.0,Percent,Final energy,All technologies,,https://www.ren21.net/wp-content/uploads/2019/05/GSR2015_Full-Report_English.pdf,V3,New non-EU-27 observation added in V3,active,V3
CHN,China,2015,2009,2030,,20.0,20.0,20.0,Percent,Final energy,All technologies,,https://www.ren21.net/wp-content/uploads/2019/05/REN21_GSR2016_FullReport_en_11.pdf,V3,New non-EU-27 observation added in V3,active,V3
COL,Colombia,2011,2011,2020,,6.5,6.5,6.5,Percent,Electricity ,All technologies ,,https://www.ren21.net/wp-content/uploads/2019/05/GSR2010_Full-Report_English.pdf,V3,New non-EU-27 observation added in V3,active,V3
COL,Colombia,2012,2011,2015,,23.5,23.5,23.5,Percent,Electricity ,All technologies ,,https://www.ren21.net/wp-content/uploads/2019/05/GSR2013_Full-Report_English.pdf,V3,New non-EU-27 observation added in V3,active,V3
COL,Colombia,2012,2011,2020,,36.5,36.5,36.5,Percent,Electricity ,All technologies ,,https://www.ren21.net/wp-content/uploads/2019/05/GSR2013_Full-Report_English.pdf,V3,New non-EU-27 observation added in V3,active,V3
COL,Colombia,2016,2011,2050,,100.0,100.0,100.0,Percent,Electricity ,All technologies,,https://www.ren21.net/wp-content/uploads/2019/05/GSR2017_Full-Report_English.pdf,V3,New non-EU-27 observation added in V3,active,V3
COL,Colombia,2019,2011,2030,,70.0,70.0,70.0,Percent,Electricity ,All technologies ,,https://www.ren21.net/wp-content/uploads/2019/05/gsr_2020_full_report_en.pdf,V3,New non-EU-27 observation added in V3,active,V3
COL,Colombia,2020,2011,2020,,77.0,77.0,77.0,Percent,Electricity ,All technologies ,,https://www.ren21.net/wp-content/uploads/2019/05/GSR2021_Full_Report.pdf,V3,New non-EU-27 observation added in V3,active,V3
COL,Colombia,2023,2023,2030,,70.0,70.0,70.0,Percent,Final energy,All technologies,,https://www.ren21.net/wp-content/uploads/2019/05/GSR2024_GlobalOverview_Full_Report_with_endnotes_web.pdf,V3,New non-EU-27 observation added in V3,active,V3
COM,Comoros,2015,2015,2030,,43.0,43.0,43.0,Percent,Electricity ,All technologies,,https://www.ren21.net/wp-content/uploads/2019/05/REN21_GSR2016_FullReport_en_11.pdf,V3,New non-EU-27 observation added in V3,active,V3
COM,Comoros,2016,2015,2050,,100.0,100.0,100.0,Percent,Electricity ,All technologies,,https://www.ren21.net/wp-content/uploads/2019/05/GSR2017_Full-Report_English.pdf,V3,New non-EU-27 observation added in V3,active,V3
COM,Comoros,2020,2020,2050,,100.0,100.0,100.0,Percent,Final energy,All technologies,,https://www.ren21.net/wp-content/uploads/2019/05/GSR2021_Full_Report.pdf,V3,New non-EU-27 observation added in V3,active,V3
COG,Congo,2015,2015,2025,,85.0,85.0,85.0,Percent,Electricity ,All technologies,,https://www.ren21.net/wp-content/uploads/2019/05/REN21_GSR2016_FullReport_en_11.pdf,V3,New non-EU-27 observation added in V3,active,V3
COG,Congo,2020,2020,2050,,100.0,100.0,100.0,Percent,Final energy,All technologies,,https://www.ren21.net/wp-content/uploads/2019/05/GSR2021_Full_Report.pdf,V3,New non-EU-27 observation added in V3,active,V3
COD,Congo (Democratic Republic of the),2017,2017,2050,,100.0,100.0,100.0,Percent,Electricity ,All technologies,,https://www.ren21.net/wp-content/uploads/2019/08/Full-Report-2018.pdf,V3,New non-EU-27 observation added in V3,active,V3
COD,Congo (Democratic Republic of the),2022,2022,2050,,100.0,100.0,100.0,Percent,Final energy,All technologies,,https://www.ren21.net/wp-content/uploads/2019/05/GSR2023_GlobalOverview_Full_Report_with_endnotes_web.pdf,V3,New non-EU-27 observation added in V3,active,V3
CRI,Costa Rica,2011,2011,2021,,100.0,100.0,100.0,Percent,Electricity ,All technologies ,,https://www.ren21.net/Portals/0/documents/activities/gsr/GSR2012.pdf,V3,New non-EU-27 observation added in V3,active,V3
CRI,Costa Rica,2016,2011,2030,,100.0,100.0,100.0,Percent,Electricity ,All technologies ,,https://www.ren21.net/wp-content/uploads/2019/05/GSR2017_Full-Report_English.pdf,V3,New non-EU-27 observation added in V3,active,V3
CIV,Cote d'Ivoire,2015,2015,2020,,42.0,42.0,42.0,Percent,Electricity ,All technologies,,https://www.ren21.net/wp-content/uploads/2019/05/REN21_GSR2016_FullReport_en_11.pdf,V3,New non-EU-27 observation added in V3,active,V3
CIV,Cote d'Ivoire,2020,2015,2020,,15.0,15.0,15.0,Percent,Electricity ,All technologies,,https://www.ren21.net/wp-content/uploads/2019/05/GSR2021_Full_Report.pdf,V3,New non-EU-27 observation added in V3,active,V3
CIV,Cote d'Ivoire,2021,2015,2030,,34.0,34.0,34.0,Percent,Electricity ,All technologies,,https://www.ren21.net/wp-content/uploads/2019/05/GSR2022_Full_Report.pdf,V3,New non-EU-27 observation added in V3,active,V3
CIV,Cote d'Ivoire,2023,2023,2030,,16.0,16.0,16.0,Percent,Final energy,All technologies,,https://www.ren21.net/wp-content/uploads/2019/05/GSR2024_GlobalOverview_Full_Report_with_endnotes_web.pdf,V3,New non-EU-27 observation added in V3,active,V3
HRV,Croatia,2012,2012,2020,,35.0,35.0,35.0,Percent,Electricity ,All technologies,,https://www.ren21.net/wp-content/uploads/2019/05/GSR2013_Full-Report_English.pdf,V1,,active,V1
HRV,Croatia,2014,2012,2020,,39.0,39.0,39.0,Percent,Electricity ,All technologies,,https://www.ren21.net/Portals/0/documents/activities/gsr/REN21_GSR_2010_full_revised%20Sept2010.pdf,V1,,active,V1
HRV,Croatia,2019,2012,2030,,79.0,79.0,79.0,Percent,Electricity ,All technologies ,,https://ember-energy.org/data/live-eu-necp-tracker/#data-tool,V1,,active,V1
HRV,Croatia,2023,2012,2030,,78.0,78.0,78.0,Percent,Electricity ,All technologies ,,https://ember-energy.org/data/live-eu-necp-tracker/#data-tool,V1,,active,V1
HRV,Croatia,2012,2012,2020,,20.0,20.0,20.0,Percent,Final energy,All technologies,,https://www.ren21.net/wp-content/uploads/2019/05/GSR2013_Full-Report_English.pdf,V1,,active,V1
HRV,Croatia,2019,2012,2030,,36.4,36.4,36.4,Percent,Final energy,All technologies,,https://www.ren21.net/wp-content/uploads/2019/05/gsr_2020_full_report_en.pdf,V1,,active,V1
HRV,Croatia,2020,2012,2050,,65.6,65.6,65.6,Percent,Final energy,All technologies,,https://www.ren21.net/wp-content/uploads/2019/05/GSR2021_Full_Report.pdf,V1,,active,V1
CUB,Cuba,2014,2014,2030,,24.0,24.0,24.0,Percent,Electricity ,All technologies,,https://www.ren21.net/wp-content/uploads/2019/05/GSR2015_Full-Report_English.pdf,V3,New non-EU-27 observation added in V3,active,V3
CUB,Cuba,2025,2014,2035,,26.0,26.0,26.0,Percent,Electricity ,All technologies,,https://unfccc.int/sites/default/files/2025-02/REPUBLICA%20DE%20CUBA%20CND3.0.pdf,V3,New non-EU-27 observation added in V3,active,V3
CUB,Cuba,2023,2023,2030,,24.0,24.0,24.0,Percent,Final energy,All technologies,,https://www.ren21.net/wp-content/uploads/2019/05/GSR2024_GlobalOverview_Full_Report_with_endnotes_web.pdf,V3,New non-EU-27 observation added in V3,active,V3
CYP,Cyprus,2006,2006,2010,,6.0,6.0,6.0,Percent,Electricity ,All technologies,,https://www.ren21.net/wp-content/uploads/2019/05/GSR2006_Full-Report_English.pdf,V1,,active,V1
CYP,Cyprus,2013,2006,2020,,16.0,16.0,16.0,Percent,Electricity ,All technologies,,https://www.ren21.net/wp-content/uploads/2019/05/GSR2014_Full-Report_English.pdf,V1,,active,V1
CYP,Cyprus,2019,2006,2030,,30.0,30.0,30.0,Percent,Electricity ,All technologies ,,https://ember-energy.org/data/live-eu-necp-tracker/#data-tool,V1,,active,V1
CYP,Cyprus,2023,2006,2030,,38.0,38.0,38.0,Percent,Electricity ,All technologies ,,https://ember-energy.org/data/live-eu-necp-tracker/#data-tool,V1,,active,V1
CYP,Cyprus,2009,2009,2020,,13.0,13.0,13.0,Percent,Final energy,All technologies,,https://www.ren21.net/wp-content/uploads/2019/05/GSR2010_Full-Report_English.pdf,V1,,active,V1
CYP,Cyprus,2020,2009,2030,,23.0,23.0,23.0,Percent,Final energy,All technologies,,https://www.ren21.net/wp-content/uploads/2019/05/GSR2021_Full_Report.pdf,V1,,active,V1
CZE,Czechia ,2004,2004,2010,,8.0,8.0,8.0,Percent,Electricity ,All technologies ,,https://www.ren21.net/wp-content/uploads/2019/05/GSR2005_Full-Report_English.pdf,V1,,active,V1
CZE,Czechia ,2004,2004,2030,,16.9,16.9,16.9,Percent,Electricity ,All technologies ,,https://www.ren21.net/wp-content/uploads/2019/05/GSR2005_Full-Report_English.pdf,V1,,active,V1
CZE,Czechia ,2013,2004,2020,,14.3,14.3,14.3,Percent,Electricity ,All technologies ,,https://www.ren21.net/wp-content/uploads/2019/05/GSR2014_Full-Report_English.pdf,V1,,active,V1
CZE,Czechia ,2019,2004,2030,,52.0,52.0,52.0,Percent,Electricity ,All technologies ,,https://ember-energy.org/data/live-eu-necp-tracker/#data-tool,V1,,active,V1
CZE,Czechia ,2023,2004,2030,,75.0,75.0,75.0,Percent,Electricity ,All technologies ,,https://ember-energy.org/data/live-eu-necp-tracker/#data-tool,V1,,active,V1
CZE,Czechia ,2006,2006,2020,,6.1,6.1,6.1,Percent,Final energy,All technologies,,https://www.ren21.net/wp-content/uploads/2019/05/GSR2007_Full-Report_English.pdf,V1,,active,V1
CZE,Czechia ,2009,2006,2020,,13.0,13.0,13.0,Percent,Final energy,All technologies,,https://www.ren21.net/wp-content/uploads/2019/05/GSR2010_Full-Report_English.pdf,V1,,active,V1
CZE,Czechia ,2011,2006,2020,,13.5,13.5,13.5,Percent,Final energy,All technologies,,https://www.ren21.net/wp-content/uploads/2019/05/GSR2012_Full-Report_English.pdf,V1,,active,V1
CZE,Czechia ,2020,2006,2030,,22.0,22.0,22.0,Percent,Final energy,All technologies,,https://www.ren21.net/wp-content/uploads/2019/05/GSR2021_Full_Report.pdf,V1,,active,V1
DNK,Denmark,2001,2001,2010,,29.0,29.0,29.0,Percent,Electricity ,All technologies,,https://eur-lex.europa.eu/legal-content/EN/TXT/PDF/?uri=CELEX:32001L0077&from=EN,V1,,active,V1
DNK,Denmark,2011,2001,2020,,50.0,50.0,50.0,Percent,Electricity ,All technologies ,,https://www.ren21.net/Portals/0/documents/activities/gsr/GSR2012.pdf,V1,,active,V1
DNK,Denmark,2011,2001,2050,,100.0,100.0,100.0,Percent,Electricity ,All technologies ,,https://www.ren21.net/Portals/0/documents/activities/gsr/GSR2012.pdf,V1,,active,V1
DNK,Denmark,2019,2001,2030,,98.0,98.0,98.0,Percent,Electricity ,All technologies ,,https://ember-energy.org/data/live-eu-necp-tracker/#data-tool,V1,,active,V1
DNK,Denmark,2023,2001,2030,,99.0,99.0,99.0,Percent,Electricity ,All technologies ,,https://ember-energy.org/data/live-eu-necp-tracker/#data-tool,V1,,active,V1
DNK,Denmark,2006,2006,2020,,30.0,30.0,30.0,Percent,Final energy,All technologies,,https://www.ren21.net/wp-content/uploads/2019/05/GSR2007_Full-Report_English.pdf,V1,,active,V1
DNK,Denmark,2010,2006,2011,,20.0,20.0,20.0,Percent,Final energy,All technologies,,https://www.ren21.net/wp-content/uploads/2019/05/GSR2011_Full-Report_English.pdf,V1,,active,V1
DNK,Denmark,2011,2006,2020,,35.0,35.0,35.0,Percent,Final energy,All technologies,,https://www.ren21.net/wp-content/uploads/2019/05/GSR2012_Full-Report_English.pdf,V1,,active,V1
DNK,Denmark,2011,2006,2050,,100.0,100.0,100.0,Percent,Final energy,All technologies,,https://www.ren21.net/wp-content/uploads/2019/05/GSR2012_Full-Report_English.pdf,V1,,active,V1
DNK,Denmark,2020,2006,2030,,50.0,50.0,50.0,Percent,Final energy,All technologies,,https://www.ren21.net/wp-content/uploads/2019/05/GSR2021_Full_Report.pdf,V1,,active,V1
DNK,Denmark,2023,2006,2030,,55.00000000000001,55.00000000000001,55.00000000000001,Percent,Final energy,All technologies,,https://www.ren21.net/wp-content/uploads/2019/05/GSR2024_GlobalOverview_Full_Report_with_endnotes_web.pdf,V1,,active,V1
DJI,Djibouti,2011,2011,2017,,30.0,30.0,30.0,Percent,Electricity ,All technologies,,https://www.ren21.net/wp-content/uploads/2019/05/GSR2012_Full-Report_English.pdf,V3,New non-EU-27 observation added in V3,active,V3
DJI,Djibouti,2013,2011,2020,,100.0,100.0,100.0,Percent,Electricity ,All technologies,,https://www.ren21.net/wp-content/uploads/2019/05/GSR2014_Full-Report_English.pdf,V3,New non-EU-27 observation added in V3,active,V3
DJI,Djibouti,2015,2011,2035,,35.0,35.0,35.0,Percent,Electricity ,All technologies,,https://www.ren21.net/wp-content/uploads/2019/05/REN21_GSR2016_FullReport_en_11.pdf,V3,New non-EU-27 observation added in V3,active,V3
DJI,Djibouti,2012,2012,2020,,100.0,100.0,100.0,Percent,Final energy,All technologies,,https://www.ren21.net/wp-content/uploads/2019/05/GSR2013_Full-Report_English.pdf,V3,New non-EU-27 observation added in V3,active,V3
DMA,Dominica,2012,2012,NA,,100.0,100.0,100.0,Percent,Electricity ,All technologies,,https://www.ren21.net/wp-content/uploads/2019/05/GSR2013_Full-Report_English.pdf,V3,New non-EU-27 observation added in V3,active,V3
DOM,Dominican Republic,2009,2009,2015,,10.0,10.0,10.0,Percent,Electricity ,All technologies,,https://www.ren21.net/Portals/0/documents/activities/gsr/REN21_GSR_2010_full_revised%20Sept2010.pdf,V3,New non-EU-27 observation added in V3,active,V3
DOM,Dominican Republic,2009,2009,2025,,25.0,25.0,25.0,Percent,Electricity ,All technologies,,https://www.ren21.net/Portals/0/documents/activities/gsr/REN21_GSR_2010_full_revised%20Sept2010.pdf,V3,New non-EU-27 observation added in V3,active,V3
DOM,Dominican Republic,2010,2009,2020,,25.0,25.0,25.0,Percent,Electricity ,All technologies,,https://www.ren21.net/wp-content/uploads/2019/05/GSR2011_Full-Report_English.pdf,V3,New non-EU-27 observation added in V3,active,V3
DOM,Dominican Republic,2016,2009,2050,,100.0,100.0,100.0,Percent,Electricity ,All technologies,,https://www.ren21.net/wp-content/uploads/2019/05/GSR2017_Full-Report_English.pdf,V3,New non-EU-27 observation added in V3,active,V3
DOM,Dominican Republic,2018,2009,2030,,70.0,70.0,70.0,Percent,Electricity ,All technologies,,https://www.ren21.net/wp-content/uploads/2019/05/gsr_2020_full_report_en.pdf,V3,New non-EU-27 observation added in V3,active,V3
DOM,Dominican Republic,2022,2009,2030,,100.0,100.0,100.0,Percent,Electricity ,All technologies,,https://www.ren21.net/wp-content/uploads/2019/05/GSR-2023_Energy-Supply-Module.pdf,V3,New non-EU-27 observation added in V3,active,V3
DOM,Dominican Republic,2012,2012,2025,,25.0,25.0,25.0,Percent,Final energy,All technologies,,https://www.ren21.net/wp-content/uploads/2019/05/GSR2013_Full-Report_English.pdf,V3,New non-EU-27 observation added in V3,active,V3
DOM,Dominican Republic,2020,2012,2050,,100.0,100.0,100.0,Percent,Final energy,All technologies,,https://www.ren21.net/wp-content/uploads/2019/05/GSR2021_Full_Report.pdf,V3,New non-EU-27 observation added in V3,active,V3
DOM,Dominican Republic,2023,2012,2030,,27.0,27.0,27.0,Percent,Final energy,All technologies,,https://www.ren21.net/wp-content/uploads/2019/05/GSR2024_GlobalOverview_Full_Report_with_endnotes_web.pdf,V3,New non-EU-27 observation added in V3,active,V3
ECU,Ecuador,2014,2014,2017,,85.0,85.0,85.0,Percent,Electricity ,All technologies,,https://www.ren21.net/wp-content/uploads/2019/05/GSR2015_Full-Report_English.pdf,V3,New non-EU-27 observation added in V3,active,V3
ECU,Ecuador,2016,2014,2017,,90.0,90.0,90.0,Percent,Electricity ,All technologies,,https://www.ren21.net/wp-content/uploads/2019/05/GSR2017_Full-Report_English.pdf,V3,New non-EU-27 observation added in V3,active,V3
ECU,Ecuador,2021,2014,2030,,100.0,100.0,100.0,Percent,Electricity ,All technologies,,https://www.ren21.net/wp-content/uploads/2019/05/GSR2022_Full_Report.pdf,V3,New non-EU-27 observation added in V3,active,V3
EGY,Egypt,2005,2005,2010,,3.0,3.0,3.0,Percent,Electricity ,All technologies,,https://www.ren21.net/wp-content/uploads/2019/05/GSR2005_Full-Report_English.pdf,V3,New non-EU-27 observation added in V3,active,V3
EGY,Egypt,2005,2005,2020,,14.0,14.0,14.0,Percent,Electricity ,All technologies,,https://www.ren21.net/wp-content/uploads/2019/05/GSR2005_Full-Report_English.pdf,V3,New non-EU-27 observation added in V3,active,V3
EGY,Egypt,2007,2005,2020,,20.0,20.0,20.0,Percent,Electricity ,All technologies,,https://www.ren21.net/Portals/0/documents/activities/gsr/RE2007_Global_Status_Report.pdf,V3,New non-EU-27 observation added in V3,active,V3
EGY,Egypt,2016,2005,2022,,20.0,20.0,20.0,Percent,Electricity ,All technologies,,https://www.ren21.net/wp-content/uploads/2019/05/GSR2017_Full-Report_English.pdf,V3,New non-EU-27 observation added in V3,active,V3
EGY,Egypt,2021,2005,2030,,42.0,42.0,42.0,Percent,Electricity ,All technologies,,https://www.ren21.net/wp-content/uploads/2019/05/GSR2022_Full_Report.pdf,V3,New non-EU-27 observation added in V3,active,V3
EGY,Egypt,2022,2005,2035,,42.0,42.0,42.0,Percent,Electricity ,All technologies,,https://www.ren21.net/wp-content/uploads/2019/05/GSR2023_GlobalOverview_Full_Report_with_endnotes_web.pdf,V3,New non-EU-27 observation added in V3,active,V3
EGY,Egypt,2011,2011,2020,,20.0,20.0,20.0,Percent,Final energy,All technologies,,https://www.ren21.net/wp-content/uploads/2019/05/GSR2012_Full-Report_English.pdf,V3,New non-EU-27 observation added in V3,active,V3
EGY,Egypt,2019,2011,2020,,25.0,25.0,25.0,Percent,Final energy,All technologies,,https://www.ren21.net/wp-content/uploads/2019/05/gsr_2020_full_report_en.pdf,V3,New non-EU-27 observation added in V3,active,V3
SLV,El Salvador,2021,2021,2025,,83.7,83.7,83.7,Percent,Electricity ,All technologies,,https://www.ren21.net/wp-content/uploads/2019/05/GSR2022_Full_Report.pdf,V3,New non-EU-27 observation added in V3,active,V3
SLV,El Salvador,2021,2021,2030,,86.1,86.1,86.1,Percent,Electricity ,All technologies,,https://www.ren21.net/wp-content/uploads/2019/05/GSR2022_Full_Report.pdf,V3,New non-EU-27 observation added in V3,active,V3
ERI,Eritrea,2011,2011,NA,,50.0,50.0,50.0,Percent,Electricity ,All technologies,,https://www.ren21.net/Portals/0/documents/activities/gsr/GSR2012.pdf,V3,New non-EU-27 observation added in V3,active,V3
ERI,Eritrea,2015,2011,2030,,70.0,70.0,70.0,Percent,Electricity ,All technologies,,https://www.ren21.net/wp-content/uploads/2019/05/REN21_GSR2016_FullReport_en_11.pdf,V3,New non-EU-27 observation added in V3,active,V3
EST,Estonia,2004,2004,2010,,5.1,5.1,5.1,Percent,Electricity ,All technologies ,,https://www.sciencedirect.com/science/article/pii/S1364032105000535,V1,,active,V1
EST,Estonia,2010,2004,2015,,8.0,8.0,8.0,Percent,Electricity ,All technologies ,,https://www.ren21.net/wp-content/uploads/2019/05/GSR2011_Full-Report_English.pdf,V1,,active,V1
EST,Estonia,2011,2004,2015,,18.0,18.0,18.0,Percent,Electricity ,All technologies ,,https://www.ren21.net/Portals/0/documents/activities/gsr/GSR2012.pdf,V1,,active,V1
EST,Estonia,2016,2004,2020,,17.6,17.6,17.6,Percent,Electricity ,All technologies ,,https://www.ren21.net/wp-content/uploads/2019/05/GSR2017_Full-Report_English.pdf,V1,,active,V1
EST,Estonia,2019,2004,2030,,60.0,60.0,60.0,Percent,Electricity ,All technologies ,,https://ember-energy.org/data/live-eu-necp-tracker/#data-tool,V1,,active,V1
EST,Estonia,2023,2004,2030,,100.0,100.0,100.0,Percent,Electricity ,All technologies ,,https://ember-energy.org/data/live-eu-necp-tracker/#data-tool,V1,,active,V1
EST,Estonia,2009,2009,2020,,25.0,25.0,25.0,Percent,Final energy,All technologies,,https://www.ren21.net/wp-content/uploads/2019/05/GSR2010_Full-Report_English.pdf,V1,,active,V1
EST,Estonia,2020,2009,2030,,42.0,42.0,42.0,Percent,Final energy,All technologies,,https://www.ren21.net/wp-content/uploads/2019/05/GSR2021_Full_Report.pdf,V1,,active,V1
EST,Estonia,2023,2009,2030,,65.0,65.0,65.0,Percent,Final energy,All technologies,,https://www.ren21.net/wp-content/uploads/2019/05/GSR2024_GlobalOverview_Full_Report_with_endnotes_web.pdf,V1,,active,V1
SWZ,Eswatini,2020,2020,2030,,32.0,32.0,32.0,Percent,Electricity ,All technologies,,https://www.ren21.net/wp-content/uploads/2019/05/GSR2021_Full_Report.pdf,V3,New non-EU-27 observation added in V3,active,V3
SWZ,Eswatini,2021,2020,2030,,50.0,50.0,50.0,Percent,Electricity ,All technologies,,https://www.ren21.net/wp-content/uploads/2019/05/GSR2022_Full_Report.pdf,V3,New non-EU-27 observation added in V3,active,V3
ETH,Ethiopia,2016,2016,2050,,100.0,100.0,100.0,Percent,Electricity ,All technologies,,https://www.ren21.net/wp-content/uploads/2019/05/GSR2017_Full-Report_English.pdf,V3,New non-EU-27 observation added in V3,active,V3
ETH,Ethiopia,2020,2016,2030,,32.0,32.0,32.0,Percent,Electricity ,All technologies,,https://www.ren21.net/wp-content/uploads/2019/05/GSR2021_Full_Report.pdf,V3,New non-EU-27 observation added in V3,active,V3
ETH,Ethiopia,2020,2020,2030,,32.0,32.0,32.0,Percent,Final energy,All technologies,,https://www.ren21.net/wp-content/uploads/2019/05/GSR2021_Full_Report.pdf,V3,New non-EU-27 observation added in V3,active,V3
FJI,Fiji,2012,2012,2015,,90.0,90.0,90.0,Percent,Electricity ,All technologies,,https://www.ren21.net/wp-content/uploads/2019/05/GSR2013_Full-Report_English.pdf,V3,New non-EU-27 observation added in V3,active,V3
FJI,Fiji,2013,2012,2030,,100.0,100.0,100.0,Percent,Electricity ,All technologies,,https://www.ren21.net/wp-content/uploads/2019/05/GSR2014_Full-Report_English.pdf,V3,New non-EU-27 observation added in V3,active,V3
FJI,Fiji,2020,2012,2020,,81.0,81.0,81.0,Percent,Electricity ,All technologies,,https://www.ren21.net/wp-content/uploads/2019/05/GSR2021_Full_Report.pdf,V3,New non-EU-27 observation added in V3,active,V3
FJI,Fiji,2009,2009,2013,,100.0,100.0,100.0,Percent,Final energy,All technologies,,https://www.ren21.net/wp-content/uploads/2019/05/GSR2010_Full-Report_English.pdf,V3,New non-EU-27 observation added in V3,active,V3
FJI,Fiji,2013,2009,2030,,23.0,23.0,23.0,Percent,Final energy,All technologies,,https://www.ren21.net/wp-content/uploads/2019/05/GSR2014_Full-Report_English.pdf,V3,New non-EU-27 observation added in V3,active,V3
FJI,Fiji,2020,2009,2036,,100.0,100.0,100.0,Percent,Final energy,All technologies,,https://www.ren21.net/wp-content/uploads/2019/05/GSR2021_Full_Report.pdf,V3,New non-EU-27 observation added in V3,active,V3
FJI,Fiji,2023,2009,2030,,100.0,100.0,100.0,Percent,Final energy,All technologies,,https://www.ren21.net/wp-content/uploads/2019/05/GSR2024_GlobalOverview_Full_Report_with_endnotes_web.pdf,V3,New non-EU-27 observation added in V3,active,V3
FIN,Finland,2001,2001,2010,,31.5,31.5,31.5,Percent,Electricity ,All technologies ,,https://eur-lex.europa.eu/legal-content/EN/TXT/PDF/?uri=CELEX:32001L0077&from=EN,V1,,active,V1
FIN,Finland,2013,2001,2020,,33.0,33.0,33.0,Percent,Electricity ,All technologies ,,https://www.ren21.net/wp-content/uploads/2019/05/GSR2014_Full-Report_English.pdf,V1,,active,V1
FIN,Finland,2019,2001,2030,,93.0,93.0,93.0,Percent,Electricity ,All technologies ,,https://ember-energy.org/data/live-eu-necp-tracker/#data-tool,V1,,active,V1
FIN,Finland,2023,2001,2030,,97.0,97.0,97.0,Percent,Electricity ,All technologies ,,https://ember-energy.org/data/live-eu-necp-tracker/#data-tool,V1,,active,V1
FIN,Finland,2009,2009,2020,,38.0,38.0,38.0,Percent,Final energy,All technologies,,https://www.ren21.net/wp-content/uploads/2019/05/GSR2010_Full-Report_English.pdf,V1,,active,V1
FIN,Finland,2012,2009,2015,,25.0,25.0,25.0,Percent,Final energy,All technologies,,https://www.ren21.net/wp-content/uploads/2019/05/GSR2013_Full-Report_English.pdf,V1,,active,V1
FIN,Finland,2012,2009,2025,,40.0,40.0,40.0,Percent,Final energy,All technologies,,https://www.ren21.net/wp-content/uploads/2019/05/GSR2013_Full-Report_English.pdf,V1,,active,V1
FIN,Finland,2020,2009,2025,,44.0,44.0,44.0,Percent,Final energy,All technologies,,https://www.ren21.net/wp-content/uploads/2019/05/GSR2021_Full_Report.pdf,V1,,active,V1
FIN,Finland,2020,2009,2030,,51.0,51.0,51.0,Percent,Final energy,All technologies,,https://www.ren21.net/wp-content/uploads/2019/05/GSR2021_Full_Report.pdf,V1,,active,V1
FIN,Finland,2023,2009,2030,,50.0,50.0,50.0,Percent,Final energy,All technologies,,https://www.ren21.net/wp-content/uploads/2019/05/GSR2024_GlobalOverview_Full_Report_with_endnotes_web.pdf,V1,,active,V1
FRA,France,2001,2001,2010,,21.0,21.0,21.0,Percent,Electricity ,All technologies ,,https://eur-lex.europa.eu/legal-content/EN/TXT/PDF/?uri=CELEX:32001L0077&from=EN,V1,,active,V1
FRA,France,2011,2001,2020,,27.0,27.0,27.0,Percent,Electricity ,All technologies ,,https://www.ren21.net/Portals/0/documents/activities/gsr/GSR2012.pdf,V1,,active,V1
FRA,France,2015,2001,2030,,40.0,40.0,40.0,Percent,Electricity ,All technologies ,,https://www.ren21.net/wp-content/uploads/2019/05/REN21_GSR2016_FullReport_en_11.pdf,V1,,active,V1
FRA,France,2019,2001,2030,,95.0,95.0,95.0,Percent,Electricity ,All technologies ,,https://ember-energy.org/data/live-eu-necp-tracker/#data-tool,V1,,active,V1
FRA,France,2023,2001,2030,,96.0,96.0,96.0,Percent,Electricity ,All technologies ,,https://ember-energy.org/data/live-eu-necp-tracker/#data-tool,V1,,active,V1
FRA,France,2006,2006,2020,,10.0,10.0,10.0,Percent,Final energy,All technologies,,https://www.ren21.net/wp-content/uploads/2019/05/GSR2007_Full-Report_English.pdf,V1,,active,V1
FRA,France,2010,2006,2020,,23.0,23.0,23.0,Percent,Final energy,All technologies,,https://www.ren21.net/wp-content/uploads/2019/05/GSR2011_Full-Report_English.pdf,V1,,active,V1
FRA,France,2011,2006,2020,,27.0,27.0,27.0,Percent,Final energy,All technologies,,https://www.ren21.net/wp-content/uploads/2019/05/GSR2012_Full-Report_English.pdf,V1,,active,V1
FRA,France,2014,2006,2030,,32.0,32.0,32.0,Percent,Final energy,All technologies,,https://www.ren21.net/wp-content/uploads/2019/05/GSR2015_Full-Report_English.pdf,V1,,active,V1
FRA,France,2023,2006,2030,,33.0,33.0,33.0,Percent,Final energy,All technologies,,https://www.ren21.net/wp-content/uploads/2019/05/GSR2024_GlobalOverview_Full_Report_with_endnotes_web.pdf,V1,,active,V1
GAB,Gabon,2011,2011,2020,,70.0,70.0,70.0,Percent,Electricity ,All technologies,,https://www.ren21.net/Portals/0/documents/activities/gsr/GSR2012.pdf,V3,New non-EU-27 observation added in V3,active,V3
GAB,Gabon,2015,2011,2025,,80.0,80.0,80.0,Percent,Electricity ,All technologies,,https://www.ren21.net/wp-content/uploads/2019/05/REN21_GSR2016_FullReport_en_11.pdf,V3,New non-EU-27 observation added in V3,active,V3
GAB,Gabon,2020,2011,2020,,80.0,80.0,80.0,Percent,Electricity ,All technologies,,https://www.ren21.net/wp-content/uploads/2019/05/GSR2021_Full_Report.pdf,V3,New non-EU-27 observation added in V3,active,V3
GAB,Gabon,2010,2010,2020,,80.0,80.0,80.0,Percent,Final energy,All technologies,,https://www.ren21.net/wp-content/uploads/2019/05/GSR2011_Full-Report_English.pdf,V3,New non-EU-27 observation added in V3,active,V3
GMB,Gambia (Republic of The),2014,2014,2020,,35.0,35.0,35.0,Percent,Electricity ,All technologies,,https://www.ren21.net/wp-content/uploads/2019/05/GSR2015_Full-Report_English.pdf,V3,New non-EU-27 observation added in V3,active,V3
GMB,Gambia (Republic of The),2016,2014,2050,,100.0,100.0,100.0,Percent,Electricity ,All technologies,,https://www.ren21.net/wp-content/uploads/2019/05/GSR2017_Full-Report_English.pdf,V3,New non-EU-27 observation added in V3,active,V3
GMB,Gambia (Republic of The),2020,2014,2030,,48.0,48.0,48.0,Percent,Electricity ,All technologies,Only grid-connected,https://www.ren21.net/wp-content/uploads/2019/05/GSR2021_Full_Report.pdf,V3,New non-EU-27 observation added in V3,active,V3
GMB,Gambia (Republic of The),2020,2020,2050,,100.0,100.0,100.0,Percent,Final energy,All technologies,,https://www.ren21.net/wp-content/uploads/2019/05/GSR2021_Full_Report.pdf,V3,New non-EU-27 observation added in V3,active,V3
GMB,Gambia (Republic of The),2023,2020,2025,,40.0,40.0,40.0,Percent,Final energy,All technologies,,https://www.ren21.net/wp-content/uploads/2019/05/GSR2024_GlobalOverview_Full_Report_with_endnotes_web.pdf,V3,New non-EU-27 observation added in V3,active,V3
GEO,Georgia,2020,2020,2030,,35.0,35.0,35.0,Percent,Final energy,All technologies,,https://www.ren21.net/wp-content/uploads/2019/05/GSR2021_Full_Report.pdf,V3,New non-EU-27 observation added in V3,active,V3
GEO,Georgia,2023,2020,2030,,27.0,27.0,27.0,Percent,Final energy,All technologies,,https://www.ren21.net/wp-content/uploads/2019/05/GSR2024_GlobalOverview_Full_Report_with_endnotes_web.pdf,V3,New non-EU-27 observation added in V3,active,V3
DEU,Germany,2004,2004,2010,,12.5,12.5,12.5,Percent,Electricity ,All technologies ,,https://www.clearingstelle-eeg-kwkg.de/sites/default/files/node/8/EEG_2004_Englische_Version.pdf,V1,,active,V1
DEU,Germany,2009,2004,2020,,30.0,30.0,30.0,Percent,Electricity ,All technologies ,,https://www.ren21.net/wp-content/uploads/2019/05/GSR2010_Full-Report_English.pdf,V1,,active,V1
DEU,Germany,2009,2004,2030,,50.0,50.0,50.0,Percent,Electricity ,All technologies ,,https://www.ren21.net/wp-content/uploads/2019/05/GSR2010_Full-Report_English.pdf,V1,,active,V1
DEU,Germany,2010,2004,2040,,65.0,65.0,65.0,Percent,Electricity ,All technologies ,,https://www.ren21.net/wp-content/uploads/2019/05/GSR2011_Full-Report_English.pdf,V1,,active,V1
DEU,Germany,2010,2004,2050,,80.0,80.0,80.0,Percent,Electricity ,All technologies ,,https://www.ren21.net/wp-content/uploads/2019/05/GSR2011_Full-Report_English.pdf,V1,,active,V1
DEU,Germany,2014,2004,2025,40.0,45.0,42.5,42.5,Percent,Electricity ,All technologies ,,https://www.ren21.net/wp-content/uploads/2019/05/GSR2015_Full-Report_English.pdf,V1,,active,V1
DEU,Germany,2014,2004,2035,55.0,60.0,57.5,57.5,Percent,Electricity ,All technologies ,,https://www.ren21.net/wp-content/uploads/2019/05/GSR2015_Full-Report_English.pdf,V1,,active,V1
DEU,Germany,2019,2004,2030,,62.0,62.0,62.0,Percent,Electricity ,All technologies ,,https://ember-energy.org/data/live-eu-necp-tracker/#data-tool,V1,,active,V1
DEU,Germany,2006,2006,2020,,18.0,18.0,18.0,Percent,Final energy,All technologies,,https://www.ren21.net/wp-content/uploads/2019/05/GSR2007_Full-Report_English.pdf,V1,,active,V1
DEU,Germany,2010,2006,2030,,30.0,30.0,30.0,Percent,Final energy,All technologies,,https://www.ren21.net/wp-content/uploads/2019/05/GSR2011_Full-Report_English.pdf,V1,,active,V1
DEU,Germany,2010,2006,2040,,45.0,45.0,45.0,Percent,Final energy,All technologies,,https://www.ren21.net/wp-content/uploads/2019/05/GSR2011_Full-Report_English.pdf,V1,,active,V1
DEU,Germany,2010,2006,2050,,60.0,60.0,60.0,Percent,Final energy,All technologies,,https://www.ren21.net/wp-content/uploads/2019/05/GSR2011_Full-Report_English.pdf,V1,,active,V1
GHA,Ghana,2009,2009,2020,,10.0,10.0,10.0,Percent,Electricity ,All technologies,,https://www.ren21.net/Portals/0/documents/activities/gsr/REN21_GSR_2010_full_revised%20Sept2010.pdf,V3,New non-EU-27 observation added in V3,active,V3
GHA,Ghana,2016,2009,2050,,100.0,100.0,100.0,Percent,Electricity ,All technologies,,https://www.ren21.net/wp-content/uploads/2019/05/GSR2017_Full-Report_English.pdf,V3,New non-EU-27 observation added in V3,active,V3
GHA,Ghana,2021,2009,2030,,10.0,10.0,10.0,Percent,Electricity ,All technologies,,https://www.ren21.net/wp-content/uploads/2019/05/GSR2022_Full_Report.pdf,V3,New non-EU-27 observation added in V3,active,V3
GRC,Greece,2001,2001,2010,,20.1,20.1,20.1,Percent,Electricity ,All technologies ,,https://eur-lex.europa.eu/legal-content/EN/TXT/PDF/?uri=CELEX:32001L0077&from=EN,V1,,active,V1
GRC,Greece,2011,2001,2020,,40.0,40.0,40.0,Percent,Electricity ,All technologies ,,https://www.ren21.net/wp-content/uploads/2019/05/GSR2012_Full-Report_English.pdf,V1,,active,V1
GRC,Greece,2019,2001,2030,,65.0,65.0,65.0,Percent,Electricity ,All technologies ,,https://ember-energy.org/data/live-eu-necp-tracker/#data-tool,V1,,active,V1
GRC,Greece,2023,2001,2030,,81.0,81.0,81.0,Percent,Electricity ,All technologies ,,https://ember-energy.org/data/live-eu-necp-tracker/#data-tool,V1,,active,V1
GRC,Greece,2009,2009,2020,,18.0,18.0,18.0,Percent,Final energy,All technologies,,https://www.ren21.net/wp-content/uploads/2019/05/GSR2010_Full-Report_English.pdf,V1,,active,V1
GRC,Greece,2011,2009,2020,,20.0,20.0,20.0,Percent,Final energy,All technologies,,https://www.ren21.net/wp-content/uploads/2019/05/GSR2012_Full-Report_English.pdf,V1,,active,V1
GRC,Greece,2019,2009,2030,,35.0,35.0,35.0,Percent,Final energy,All technologies,,https://www.ren21.net/wp-content/uploads/2019/05/gsr_2020_full_report_en.pdf,V1,,active,V1
GRD,Grenada,2016,2016,2050,,100.0,100.0,100.0,Percent,Electricity ,All technologies,,https://www.ren21.net/wp-content/uploads/2019/05/GSR2017_Full-Report_English.pdf,V3,New non-EU-27 observation added in V3,active,V3
GRD,Grenada,2020,2016,2020,,20.0,20.0,20.0,Percent,Electricity ,All technologies,,https://www.ren21.net/wp-content/uploads/2019/05/GSR2021_Full_Report.pdf,V3,New non-EU-27 observation added in V3,active,V3
GRD,Grenada,2021,2016,2025,,10.0,10.0,10.0,Percent,Electricity ,All technologies,,https://www.ren21.net/wp-content/uploads/2019/05/GSR2022_Full_Report.pdf,V3,New non-EU-27 observation added in V3,active,V3
GRD,Grenada,2023,2023,2035,,25.0,25.0,25.0,Percent,Final energy,All technologies,,https://www.ren21.net/wp-content/uploads/2019/05/GSR2024_GlobalOverview_Full_Report_with_endnotes_web.pdf,V3,New non-EU-27 observation added in V3,active,V3
GTM,Guatemala,2011,2011,2022,,70.0,70.0,70.0,Percent,Electricity ,All technologies,,https://www.ren21.net/wp-content/uploads/2019/05/GSR2012_Full-Report_English.pdf,V3,New non-EU-27 observation added in V3,active,V3
GTM,Guatemala,2012,2011,2022,,60.0,60.0,60.0,Percent,Electricity ,All technologies,,https://www.ren21.net/wp-content/uploads/2019/05/GSR2013_Full-Report_English.pdf,V3,New non-EU-27 observation added in V3,active,V3
GTM,Guatemala,2013,2011,2027,,80.0,80.0,80.0,Percent,Electricity ,All technologies,,https://www.ren21.net/wp-content/uploads/2019/05/GSR2014_Full-Report_English.pdf,V3,New non-EU-27 observation added in V3,active,V3
GTM,Guatemala,2015,2011,2030,,80.0,80.0,80.0,Percent,Electricity ,All technologies,,https://www.ren21.net/wp-content/uploads/2019/05/REN21_GSR2016_FullReport_en_11.pdf,V3,New non-EU-27 observation added in V3,active,V3
GTM,Guatemala,2016,2011,2050,,100.0,100.0,100.0,Percent,Electricity ,All technologies,,https://www.ren21.net/wp-content/uploads/2019/05/GSR2017_Full-Report_English.pdf,V3,New non-EU-27 observation added in V3,active,V3
GTM,Guatemala,2012,2012,2026,,80.0,80.0,80.0,Percent,Final energy,All technologies,,https://www.ren21.net/wp-content/uploads/2019/05/GSR2013_Full-Report_English.pdf,V3,New non-EU-27 observation added in V3,active,V3
GTM,Guatemala,2013,2012,2020,,80.0,80.0,80.0,Percent,Final energy,All technologies,,https://www.ren21.net/wp-content/uploads/2019/05/GSR2014_Full-Report_English.pdf,V3,New non-EU-27 observation added in V3,active,V3
GIN,Guinea,2013,2013,2025,,8.0,8.0,81.85,Percent,Electricity ,Wind and solar,OtherRE (hydro) 73.85% in 2013,https://www.ren21.net/wp-content/uploads/2019/05/GSR2014_Full-Report_English.pdf,V3,New non-EU-27 observation added in V3,active,V3
GIN,Guinea,2015,2015,2030,,30.0,30.0,30.0,Percent,Final energy,All technologies,,https://www.ren21.net/wp-content/uploads/2019/05/REN21_GSR2016_FullReport_en_11.pdf,V3,New non-EU-27 observation added in V3,active,V3
GNB,Guinea Bissau,2014,2014,2015,,2.0,2.0,2.0,Percent,Electricity ,All technologies,,https://www.ren21.net/wp-content/uploads/2019/05/GSR2015_Full-Report_English.pdf,V3,New non-EU-27 observation added in V3,active,V3
GNB,Guinea Bissau,2022,2014,2030,,58.0,58.0,58.0,Percent,Electricity ,All technologies,,https://www.ren21.net/wp-content/uploads/2019/05/GSR-2023_Energy-Supply-Module.pdf,V3,New non-EU-27 observation added in V3,active,V3
GNB,Guinea Bissau,2020,2020,2030,,30.0,30.0,30.0,Percent,Final energy,All technologies,,https://www.ren21.net/wp-content/uploads/2019/05/GSR2021_Full_Report.pdf,V3,New non-EU-27 observation added in V3,active,V3
GNB,Guinea Bissau,2023,2020,2030,,50.0,50.0,50.0,Percent,Final energy,All technologies,,https://www.ren21.net/wp-content/uploads/2019/05/GSR2024_GlobalOverview_Full_Report_with_endnotes_web.pdf,V3,New non-EU-27 observation added in V3,active,V3
GUY,Guyana,2012,2012,NA,,90.0,90.0,90.0,Percent,Electricity ,All technologies,,https://www.ren21.net/wp-content/uploads/2019/05/GSR2013_Full-Report_English.pdf,V3,New non-EU-27 observation added in V3,active,V3
GUY,Guyana,2020,2012,2025,,100.0,100.0,100.0,Percent,Electricity ,All technologies,,https://www.ren21.net/wp-content/uploads/2019/05/GSR2021_Full_Report.pdf,V3,New non-EU-27 observation added in V3,active,V3
GUY,Guyana,2015,2015,2025,,20.0,20.0,20.0,Percent,Final energy,All technologies,,https://www.ren21.net/wp-content/uploads/2019/05/REN21_GSR2016_FullReport_en_11.pdf,V3,New non-EU-27 observation added in V3,active,V3
GUY,Guyana,2022,2015,2025,,100.0,100.0,100.0,Percent,Final energy,All technologies,,https://www.ren21.net/wp-content/uploads/2019/05/GSR2023_GlobalOverview_Full_Report_with_endnotes_web.pdf,V3,New non-EU-27 observation added in V3,active,V3
HTI,Haiti,2014,2014,2020,,50.0,50.0,50.0,Percent,Electricity ,All technologies,,https://www.ren21.net/wp-content/uploads/2019/05/GSR2015_Full-Report_English.pdf,V3,New non-EU-27 observation added in V3,active,V3
HTI,Haiti,2015,2014,2030,,47.0,47.0,47.0,Percent,Electricity ,All technologies,,https://www.ren21.net/wp-content/uploads/2019/05/REN21_GSR2016_FullReport_en_11.pdf,V3,New non-EU-27 observation added in V3,active,V3
HTI,Haiti,2016,2014,2050,,100.0,100.0,100.0,Percent,Electricity ,All technologies,,https://www.ren21.net/wp-content/uploads/2019/05/GSR2017_Full-Report_English.pdf,V3,New non-EU-27 observation added in V3,active,V3
HTI,Haiti,2018,2014,2030,,70.0,70.0,70.0,Percent,Electricity ,All technologies,,https://www.ren21.net/wp-content/uploads/2019/05/gsr_2020_full_report_en.pdf,V3,New non-EU-27 observation added in V3,active,V3
HTI,Haiti,2022,2014,2022,,28.0,28.0,28.0,Percent,Electricity ,All technologies,,https://www.ren21.net/wp-content/uploads/2019/05/GSR-2023_Energy-Supply-Module.pdf,V3,New non-EU-27 observation added in V3,active,V3
HTI,Haiti,2022,2014,2027,,46.0,46.0,46.0,Percent,Electricity ,All technologies,,https://www.ren21.net/wp-content/uploads/2019/05/GSR-2023_Energy-Supply-Module.pdf,V3,New non-EU-27 observation added in V3,active,V3
HTI,Haiti,2020,2020,2050,,100.0,100.0,100.0,Percent,Final energy,All technologies,,https://www.ren21.net/wp-content/uploads/2019/05/GSR2021_Full_Report.pdf,V3,New non-EU-27 observation added in V3,active,V3
HND,Honduras,2013,2013,2022,,60.0,60.0,60.0,Percent,Electricity ,All technologies,,https://www.ren21.net/wp-content/uploads/2019/05/GSR2014_Full-Report_English.pdf,V3,New non-EU-27 observation added in V3,active,V3
HND,Honduras,2013,2013,2038,,80.0,80.0,80.0,Percent,Electricity ,All technologies,,https://www.ren21.net/wp-content/uploads/2019/05/GSR2014_Full-Report_English.pdf,V3,New non-EU-27 observation added in V3,active,V3
HND,Honduras,2016,2013,2050,,100.0,100.0,100.0,Percent,Electricity ,All technologies,,https://www.ren21.net/wp-content/uploads/2019/05/GSR2017_Full-Report_English.pdf,V3,New non-EU-27 observation added in V3,active,V3
HND,Honduras,2018,2013,2030,,70.0,70.0,70.0,Percent,Electricity ,All technologies,,https://www.ren21.net/wp-content/uploads/2019/05/gsr_2020_full_report_en.pdf,V3,New non-EU-27 observation added in V3,active,V3
HND,Honduras,2021,2013,2034,,80.0,80.0,80.0,Percent,Electricity ,All technologies,,https://www.ren21.net/wp-content/uploads/2019/05/GSR2022_Full_Report.pdf,V3,New non-EU-27 observation added in V3,active,V3
HND,Honduras,2020,2020,2050,,100.0,100.0,100.0,Percent,Final energy,All technologies,,https://www.ren21.net/wp-content/uploads/2019/05/GSR2021_Full_Report.pdf,V3,New non-EU-27 observation added in V3,active,V3
HUN,Hungary,2004,2004,2010,,3.6,3.6,3.6,Percent,Electricity ,All technologies ,,https://www.ren21.net/wp-content/uploads/2019/05/GSR2005_Full-Report_English.pdf,V1,,active,V1
HUN,Hungary,2013,2004,2020,,11.0,11.0,11.0,Percent,Electricity ,All technologies ,,https://www.ren21.net/wp-content/uploads/2019/05/GSR2014_Full-Report_English.pdf,V1,,active,V1
HUN,Hungary,2019,2004,2030,,79.0,79.0,79.0,Percent,Electricity ,All technologies ,,https://ember-energy.org/data/live-eu-necp-tracker/#data-tool,V1,,active,V1
HUN,Hungary,2009,2009,2020,,13.0,13.0,13.0,Percent,Final energy,All technologies,,https://www.ren21.net/wp-content/uploads/2019/05/GSR2010_Full-Report_English.pdf,V1,,active,V1
HUN,Hungary,2010,2009,2020,,14.7,14.7,14.7,Percent,Final energy,All technologies,,https://www.ren21.net/wp-content/uploads/2019/05/GSR2011_Full-Report_English.pdf,V1,,active,V1
HUN,Hungary,2023,2009,2030,,21.0,21.0,21.0,Percent,Final energy,All technologies,,https://www.ren21.net/wp-content/uploads/2019/05/GSR2024_GlobalOverview_Full_Report_with_endnotes_web.pdf,V1,,active,V1
ISL,Iceland,2019,2019,2020,,100.0,100.0,100.0,Percent,Electricity ,All technologies,,https://www.ren21.net/wp-content/uploads/2019/05/gsr_2020_full_report_en.pdf,V3,New non-EU-27 observation added in V3,active,V3
ISL,Iceland,2015,2015,2020,,64.0,64.0,64.0,Percent,Final energy,All technologies,,https://www.ren21.net/wp-content/uploads/2019/05/REN21_GSR2016_FullReport_en_11.pdf,V3,New non-EU-27 observation added in V3,active,V3
IND,India,2009,2009,2010,,25.0,25.0,25.0,Percent,Electricity ,All technologies ,,https://www.ren21.net/wp-content/uploads/2019/05/GSR2010_Full-Report_English.pdf,V3,New non-EU-27 observation added in V3,active,V3
IND,India,2010,2009,2012,,10.0,10.0,10.0,Percent,Electricity ,All technologies ,,https://www.ren21.net/wp-content/uploads/2019/05/GSR2011_Full-Report_English.pdf,V3,New non-EU-27 observation added in V3,active,V3
IND,India,2015,2009,2030,,40.0,40.0,40.0,Percent,Electricity ,All technologies ,,https://www.ren21.net/wp-content/uploads/2019/05/REN21_GSR2016_FullReport_en_11.pdf,V3,New non-EU-27 observation added in V3,active,V3
IND,India,2019,2009,2022,,10.0,10.0,10.0,Percent,Electricity ,All technologies ,,https://www.ren21.net/wp-content/uploads/2019/05/gsr_2020_full_report_en.pdf,V3,New non-EU-27 observation added in V3,active,V3
IND,India,2021,2009,2030,,50.0,50.0,50.0,Percent,Electricity ,All technologies ,,https://www.ren21.net/wp-content/uploads/2019/05/GSR2022_Full_Report.pdf,V3,New non-EU-27 observation added in V3,active,V3
IND,India,2019,2019,2030,,40.0,40.0,40.0,Percent,Final energy,All technologies,,https://www.ren21.net/wp-content/uploads/2019/05/gsr_2020_full_report_en.pdf,V3,New non-EU-27 observation added in V3,active,V3
IND,India,2020,2019,2022,,6.0,6.0,6.0,Percent,Final energy,All technologies,,https://www.ren21.net/wp-content/uploads/2019/05/GSR2021_Full_Report.pdf,V3,New non-EU-27 observation added in V3,active,V3
IDN,Indonesia,2007,2007,2025,,15.0,15.0,15.0,Percent,Electricity ,All technologies,,https://www.ren21.net/Portals/0/documents/activities/gsr/RE2007_Global_Status_Report.pdf,V3,New non-EU-27 observation added in V3,active,V3
IDN,Indonesia,2012,2007,2025,,26.0,26.0,26.0,Percent,Electricity ,All technologies ,,https://www.ren21.net/wp-content/uploads/2019/05/GSR2013_Full-Report_English.pdf,V3,New non-EU-27 observation added in V3,active,V3
IDN,Indonesia,2019,2007,2020,,23.0,23.0,23.0,Percent,Electricity ,All technologies ,,https://www.ren21.net/wp-content/uploads/2019/05/gsr_2020_full_report_en.pdf,V3,New non-EU-27 observation added in V3,active,V3
IDN,Indonesia,2020,2007,2030,,20.0,20.0,20.0,Percent,Electricity ,All technologies ,,https://www.ren21.net/wp-content/uploads/2019/05/GSR2021_Full_Report.pdf,V3,New non-EU-27 observation added in V3,active,V3
IDN,Indonesia,2021,2007,2030,,51.6,51.6,51.6,Percent,Electricity ,All technologies ,,https://www.ren21.net/wp-content/uploads/2019/05/GSR2022_Full_Report.pdf,V3,New non-EU-27 observation added in V3,active,V3
IDN,Indonesia,2023,2007,2030,,48.0,48.0,48.0,Percent,Electricity ,All technologies ,,https://www.ren21.net/wp-content/uploads/2019/05/GSR-2023_Energy-Supply-Module.pdf,V3,New non-EU-27 observation added in V3,active,V3
IDN,Indonesia,2023,2023,2050,,31.0,31.0,31.0,Percent,Final energy,All technologies,,https://www.ren21.net/wp-content/uploads/2019/05/GSR2024_GlobalOverview_Full_Report_with_endnotes_web.pdf,V3,New non-EU-27 observation added in V3,active,V3
IRQ,Iraq,2012,2012,2030,,2.0,2.0,2.0,Percent,Electricity ,All technologies,,https://www.ren21.net/wp-content/uploads/2019/05/GSR2013_Full-Report_English.pdf,V3,New non-EU-27 observation added in V3,active,V3
IRQ,Iraq,2014,2012,2030,,10.0,10.0,10.0,Percent,Electricity ,All technologies,,https://www.ren21.net/wp-content/uploads/2019/05/GSR2015_Full-Report_English.pdf,V3,New non-EU-27 observation added in V3,active,V3
IRQ,Iraq,2021,2012,2030,,33.0,33.0,33.0,Percent,Electricity ,All technologies,,https://www.ren21.net/wp-content/uploads/2019/05/GSR2022_Full_Report.pdf,V3,New non-EU-27 observation added in V3,active,V3
IRL,Ireland,2001,2001,2010,,13.2,13.2,13.2,Percent,Electricity ,All technologies ,,https://eur-lex.europa.eu/legal-content/EN/TXT/PDF/?uri=CELEX:32001L0077&from=EN,V1,,active,V1
IRL,Ireland,2009,2001,2020,,40.0,40.0,40.0,Percent,Electricity ,All technologies ,,https://www.ren21.net/wp-content/uploads/2019/05/GSR2010_Full-Report_English.pdf,V1,,active,V1
IRL,Ireland,2013,2001,2020,,42.5,42.5,42.5,Percent,Electricity ,All technologies ,,https://www.ren21.net/wp-content/uploads/2019/05/GSR2014_Full-Report_English.pdf,V1,,active,V1
IRL,Ireland,2019,2001,2030,,70.0,70.0,70.0,Percent,Electricity ,All technologies ,,https://www.ren21.net/wp-content/uploads/2019/05/gsr_2020_full_report_en.pdf,V1,,active,V1
IRL,Ireland,2019,2001,2030,,62.0,62.0,62.0,Percent,Electricity ,All technologies ,,https://ember-energy.org/data/live-eu-necp-tracker/#data-tool,V1,,active,V1
IRL,Ireland,2023,2001,2030,,81.0,81.0,81.0,Percent,Electricity ,All technologies ,,https://ember-energy.org/data/live-eu-necp-tracker/#data-tool,V1,,active,V1
IRL,Ireland,2009,2009,2020,,16.0,16.0,16.0,Percent,Final energy,All technologies,,https://www.ren21.net/wp-content/uploads/2019/05/GSR2010_Full-Report_English.pdf,V1,,active,V1
IRL,Ireland,2020,2009,2030,21.5,34.1,27.8,27.8,Percent,Final energy,All technologies,,https://www.ren21.net/wp-content/uploads/2019/05/GSR2021_Full_Report.pdf,V1,,active,V1
IRL,Ireland,2023,2009,2030,,70.0,70.0,70.0,Percent,Final energy,All technologies,,https://www.ren21.net/wp-content/uploads/2019/05/GSR2024_GlobalOverview_Full_Report_with_endnotes_web.pdf,V1,,active,V1
ISR,Israel,2002,2002,2007,,2.0,2.0,2.0,Percent,Electricity ,All technologies ,,https://www.iea.org/policies/4774-renewable-energy-targets,V3,New non-EU-27 observation added in V3,active,V3
ISR,Israel,2002,2002,2016,,5.0,5.0,5.0,Percent,Electricity ,All technologies ,,https://www.iea.org/policies/4774-renewable-energy-targets,V3,New non-EU-27 observation added in V3,active,V3
ISR,Israel,2009,2002,2020,,10.0,10.0,10.0,Percent,Electricity ,All technologies ,,https://www.ren21.net/wp-content/uploads/2019/05/GSR2010_Full-Report_English.pdf,V3,New non-EU-27 observation added in V3,active,V3
ISR,Israel,2010,2002,2020,,7.0,7.0,7.0,Percent,Electricity ,All technologies ,,https://www.ren21.net/wp-content/uploads/2019/05/GSR2011_Full-Report_English.pdf,V3,New non-EU-27 observation added in V3,active,V3
ISR,Israel,2015,2002,2030,,17.0,17.0,17.0,Percent,Electricity ,All technologies ,,https://www.ren21.net/wp-content/uploads/2019/05/REN21_GSR2016_FullReport_en_11.pdf,V3,New non-EU-27 observation added in V3,active,V3
ISR,Israel,2020,2002,2030,,30.0,30.0,30.0,Percent,Electricity ,All technologies ,,https://www.ren21.net/wp-content/uploads/2019/05/GSR2021_Full_Report.pdf,V3,New non-EU-27 observation added in V3,active,V3
ISR,Israel,2022,2002,2030,,40.0,40.0,40.0,Percent,Electricity ,All technologies ,,"https://www.timesofisrael.com/environment-ministry-sets-40-renewable-power-production-goal-by-2030/#:~:text=The%20Environmental%20Protection%20Ministry%20on,more%20emphasis%20on%20renewable%20resources.",V3,New non-EU-27 observation added in V3,active,V3
ISR,Israel,2009,2009,2020,,15.0,15.0,15.0,Percent,Final energy,All technologies,,https://www.ren21.net/wp-content/uploads/2019/05/GSR2010_Full-Report_English.pdf,V3,New non-EU-27 observation added in V3,active,V3
ISR,Israel,2011,2009,2020,,50.0,50.0,50.0,Percent,Final energy,All technologies,,https://www.ren21.net/wp-content/uploads/2019/05/GSR2012_Full-Report_English.pdf,V3,New non-EU-27 observation added in V3,active,V3
ISR,Israel,2016,2009,2025,,13.0,13.0,13.0,Percent,Final energy,All technologies,,https://www.ren21.net/wp-content/uploads/2019/05/GSR2017_Full-Report_English.pdf,V3,New non-EU-27 observation added in V3,active,V3
ISR,Israel,2016,2009,2030,,17.0,17.0,17.0,Percent,Final energy,All technologies,,https://www.ren21.net/wp-content/uploads/2019/05/GSR2017_Full-Report_English.pdf,V3,New non-EU-27 observation added in V3,active,V3
ISR,Israel,2020,2009,2025,,20.0,20.0,20.0,Percent,Final energy,All technologies,,https://www.ren21.net/wp-content/uploads/2019/05/GSR2021_Full_Report.pdf,V3,New non-EU-27 observation added in V3,active,V3
ISR,Israel,2020,2009,2030,,30.0,30.0,30.0,Percent,Final energy,All technologies,,https://www.ren21.net/wp-content/uploads/2019/05/GSR2021_Full_Report.pdf,V3,New non-EU-27 observation added in V3,active,V3
ITA,Italy,2001,2001,2010,,25.0,25.0,25.0,Percent,Electricity ,All technologies ,,https://eur-lex.europa.eu/legal-content/EN/TXT/PDF/?uri=CELEX:32001L0077&from=EN,V1,,active,V1
ITA,Italy,2009,2001,2010,,22.5,22.5,22.5,Percent,Electricity ,All technologies ,,https://www.ren21.net/wp-content/uploads/2019/05/GSR2010_Full-Report_English.pdf,V1,,active,V1
ITA,Italy,2011,2001,2020,,26.0,26.0,26.0,Percent,Electricity ,All technologies ,,https://www.ren21.net/Portals/0/documents/activities/gsr/GSR2012.pdf,V1,,active,V1
ITA,Italy,2019,2001,2030,,60.0,60.0,60.0,Percent,Electricity ,All technologies ,,https://ember-energy.org/data/live-eu-necp-tracker/#data-tool,V1,,active,V1
ITA,Italy,2023,2001,2030,,69.0,69.0,69.0,Percent,Electricity ,All technologies ,,https://ember-energy.org/data/live-eu-necp-tracker/#data-tool,V1,,active,V1
ITA,Italy,2006,2006,2020,,17.0,17.0,17.0,Percent,Final energy,All technologies,,https://www.ren21.net/wp-content/uploads/2019/05/GSR2007_Full-Report_English.pdf,V1,,active,V1
ITA,Italy,2020,2006,2030,,30.0,30.0,30.0,Percent,Final energy,All technologies,,https://www.ren21.net/wp-content/uploads/2019/05/GSR2021_Full_Report.pdf,V1,,active,V1
ITA,Italy,2023,2006,2030,,40.0,40.0,40.0,Percent,Final energy,All technologies,,https://www.ren21.net/wp-content/uploads/2019/05/GSR2024_GlobalOverview_Full_Report_with_endnotes_web.pdf,V1,,active,V1
JAM,Jamaica,2009,2009,2010,,10.0,10.0,10.0,Percent,Electricity ,All technologies,,https://www.ren21.net/Portals/0/documents/activities/gsr/REN21_GSR_2010_full_revised%20Sept2010.pdf,V3,New non-EU-27 observation added in V3,active,V3
JAM,Jamaica,2009,2009,2015,,15.0,15.0,15.0,Percent,Electricity ,All technologies,,https://www.ren21.net/Portals/0/documents/activities/gsr/REN21_GSR_2010_full_revised%20Sept2010.pdf,V3,New non-EU-27 observation added in V3,active,V3
JAM,Jamaica,2010,2009,2020,,15.0,15.0,15.0,Percent,Electricity ,All technologies,,https://www.ren21.net/wp-content/uploads/2019/05/GSR2011_Full-Report_English.pdf,V3,New non-EU-27 observation added in V3,active,V3
JAM,Jamaica,2014,2009,2020,,30.0,30.0,30.0,Percent,Electricity ,All technologies,,https://www.ren21.net/wp-content/uploads/2019/05/GSR2015_Full-Report_English.pdf,V3,New non-EU-27 observation added in V3,active,V3
JAM,Jamaica,2016,2009,2030,,20.0,20.0,20.0,Percent,Electricity ,All technologies,,https://www.ren21.net/wp-content/uploads/2019/05/GSR2017_Full-Report_English.pdf,V3,New non-EU-27 observation added in V3,active,V3
JAM,Jamaica,2018,2009,2030,,50.0,50.0,50.0,Percent,Electricity ,All technologies,,https://www.ren21.net/wp-content/uploads/2019/05/gsr_2019_full_report_en.pdf,V3,New non-EU-27 observation added in V3,active,V3
JAM,Jamaica,2016,2016,2030,,20.0,20.0,20.0,Percent,Final energy,All technologies,,https://www.ren21.net/wp-content/uploads/2019/05/GSR2017_Full-Report_English.pdf,V3,New non-EU-27 observation added in V3,active,V3
JPN,Japan,2005,2005,2014,,1.63,1.63,1.63,Percent,Electricity ,All technologies except geothermal and large hydo,,https://www.ren21.net/wp-content/uploads/2019/05/GSR2005_Full-Report_English.pdf,V3,New non-EU-27 observation added in V3,active,V3
JPN,Japan,2014,2005,2020,,13.5,13.5,13.5,Percent,Electricity ,All technologies ,,https://www.ren21.net/wp-content/uploads/2019/05/GSR2015_Full-Report_English.pdf,V3,New non-EU-27 observation added in V3,active,V3
JPN,Japan,2015,2005,2030,22.0,24.0,23.0,23.0,Percent,Electricity ,All technologies ,,https://www.ren21.net/wp-content/uploads/2019/05/REN21_GSR2016_FullReport_en_11.pdf,V3,New non-EU-27 observation added in V3,active,V3
JPN,Japan,2021,2005,2030,36.0,38.0,37.0,37.0,Percent,Electricity ,All technologies ,,https://www.ren21.net/wp-content/uploads/2019/05/GSR2022_Full_Report.pdf,V3,New non-EU-27 observation added in V3,active,V3
JPN,Japan,2023,2023,2030,,13.0,13.0,13.0,Percent,Final energy,All technologies,,https://www.ren21.net/wp-content/uploads/2019/05/GSR2024_GlobalOverview_Full_Report_with_endnotes_web.pdf,V3,New non-EU-27 observation added in V3,active,V3
JOR,Jordan,2005,2005,2020,,7.0,7.0,7.0,Percent,Electricity ,All technologies,,https://www.ren21.net/wp-content/uploads/2019/05/GSR2006_Full-Report_English.pdf,V3,New non-EU-27 observation added in V3,active,V3
JOR,Jordan,2005,2005,2020,,10.0,10.0,10.0,Percent,Electricity ,All technologies,,https://www.ren21.net/wp-content/uploads/2019/05/GSR2006_Full-Report_English.pdf,V3,New non-EU-27 observation added in V3,active,V3
JOR,Jordan,2006,2005,2020,,15.0,15.0,15.0,Percent,Electricity ,All technologies,,https://www.ren21.net/wp-content/uploads/2019/05/GSR2006_Full-Report_English.pdf,V3,New non-EU-27 observation added in V3,active,V3
JOR,Jordan,2015,2005,2015,,15.0,15.0,15.0,Percent,Electricity ,All technologies,,https://www.ren21.net/wp-content/uploads/2019/05/REN21_GSR2016_FullReport_en_11.pdf,V3,New non-EU-27 observation added in V3,active,V3
JOR,Jordan,2019,2005,2020,,20.0,20.0,20.0,Percent,Electricity ,All technologies,,https://www.ren21.net/wp-content/uploads/2019/05/gsr_2020_full_report_en.pdf,V3,New non-EU-27 observation added in V3,active,V3
JOR,Jordan,2019,2005,2030,,30.0,30.0,30.0,Percent,Electricity ,All technologies,,https://www.ren21.net/wp-content/uploads/2019/05/gsr_2020_full_report_en.pdf,V3,New non-EU-27 observation added in V3,active,V3
JOR,Jordan,2021,2005,2030,,31.0,31.0,31.0,Percent,Electricity ,All technologies,,https://www.ren21.net/wp-content/uploads/2019/05/GSR2022_Full_Report.pdf,V3,New non-EU-27 observation added in V3,active,V3
JOR,Jordan,2015,2015,2025,,11.0,11.0,11.0,Percent,Final energy,All technologies,,https://www.ren21.net/wp-content/uploads/2019/05/REN21_GSR2016_FullReport_en_11.pdf,V3,New non-EU-27 observation added in V3,active,V3
JOR,Jordan,2019,2015,2025,,15.0,15.0,15.0,Percent,Final energy,All technologies,,https://www.ren21.net/wp-content/uploads/2019/05/gsr_2020_full_report_en.pdf,V3,New non-EU-27 observation added in V3,active,V3
JOR,Jordan,2023,2015,2030,,14.000000000000002,14.000000000000002,14.000000000000002,Percent,Final energy,All technologies,,https://www.ren21.net/wp-content/uploads/2019/05/GSR2024_GlobalOverview_Full_Report_with_endnotes_web.pdf,V3,New non-EU-27 observation added in V3,active,V3
KAZ,Kazakhstan,2013,2013,2014,,1.0,1.0,1.0,Percent,Electricity ,All technologies,,https://www.ren21.net/wp-content/uploads/2019/05/GSR2014_Full-Report_English.pdf,V3,New non-EU-27 observation added in V3,active,V3
KAZ,Kazakhstan,2013,2013,2020,,3.0,3.0,3.0,Percent,Electricity ,All technologies,,https://www.ren21.net/wp-content/uploads/2019/05/GSR2014_Full-Report_English.pdf,V3,New non-EU-27 observation added in V3,active,V3
KAZ,Kazakhstan,2014,2013,2030,,50.0,50.0,50.0,Percent,Electricity ,All technologies,,https://www.ren21.net/wp-content/uploads/2019/05/GSR2015_Full-Report_English.pdf,V3,New non-EU-27 observation added in V3,active,V3
KAZ,Kazakhstan,2020,2013,2025,,6.0,6.0,6.0,Percent,Electricity ,All technologies,,https://www.ren21.net/wp-content/uploads/2019/05/GSR2021_Full_Report.pdf,V3,New non-EU-27 observation added in V3,active,V3
KAZ,Kazakhstan,2020,2013,2030,,10.0,10.0,10.0,Percent,Electricity ,All technologies,,https://www.ren21.net/wp-content/uploads/2019/05/GSR2021_Full_Report.pdf,V3,New non-EU-27 observation added in V3,active,V3
KAZ,Kazakhstan,2021,2013,2030,,15.0,15.0,15.0,Percent,Electricity ,All technologies,,https://www.ren21.net/wp-content/uploads/2019/05/GSR2022_Full_Report.pdf,V3,New non-EU-27 observation added in V3,active,V3
KAZ,Kazakhstan,2021,2013,2050,,50.0,50.0,50.0,Percent,Electricity ,All technologies,,https://www.ren21.net/wp-content/uploads/2019/05/GSR2022_Full_Report.pdf,V3,New non-EU-27 observation added in V3,active,V3
KEN,Kenya,2016,2016,2050,,100.0,100.0,100.0,Percent,Electricity ,All technologies,,https://www.ren21.net/wp-content/uploads/2019/05/GSR2017_Full-Report_English.pdf,V3,New non-EU-27 observation added in V3,active,V3
KEN,Kenya,2021,2016,2030,,100.0,100.0,100.0,Percent,Electricity ,All technologies,,https://www.ren21.net/wp-content/uploads/2019/05/GSR2022_Full_Report.pdf,V3,New non-EU-27 observation added in V3,active,V3
KEN,Kenya,2020,2020,2050,,100.0,100.0,100.0,Percent,Final energy,All technologies,,https://www.ren21.net/wp-content/uploads/2019/05/GSR2021_Full_Report.pdf,V3,New non-EU-27 observation added in V3,active,V3
KIR,Kiribati,2011,2011,NA,,10.0,10.0,10.0,Percent,Electricity ,All technologies,,https://www.ren21.net/Portals/0/documents/activities/gsr/GSR2012.pdf,V3,New non-EU-27 observation added in V3,active,V3
KIR,Kiribati,2014,2011,2020,,3.0,3.0,3.0,Percent,Electricity ,All technologies,,https://www.ren21.net/wp-content/uploads/2019/05/GSR2015_Full-Report_English.pdf,V3,New non-EU-27 observation added in V3,active,V3
KIR,Kiribati,2016,2011,2050,,100.0,100.0,100.0,Percent,Electricity ,All technologies,,https://www.ren21.net/wp-content/uploads/2019/05/GSR2017_Full-Report_English.pdf,V3,New non-EU-27 observation added in V3,active,V3
KIR,Kiribati,2020,2011,2025,,23.0,23.0,23.0,Percent,Electricity ,All technologies,,https://www.ren21.net/wp-content/uploads/2019/05/GSR2021_Full_Report.pdf,V3,New non-EU-27 observation added in V3,active,V3
KIR,Kiribati,2020,2020,2050,,100.0,100.0,100.0,Percent,Final energy,All technologies,,https://www.ren21.net/wp-content/uploads/2019/05/GSR2021_Full_Report.pdf,V3,New non-EU-27 observation added in V3,active,V3
PRK,Korea (Democratic People's Republic of ),2015,2015,2015,,2.9,2.9,2.9,Percent,Electricity ,All technologies,,https://www.ren21.net/wp-content/uploads/2019/05/REN21_GSR2016_FullReport_en_11.pdf,V3,New non-EU-27 observation added in V3,active,V3
PRK,Korea (Democratic People's Republic of ),2015,2015,2020,,4.7,4.7,4.7,Percent,Electricity ,All technologies,,https://www.ren21.net/wp-content/uploads/2019/05/REN21_GSR2016_FullReport_en_11.pdf,V3,New non-EU-27 observation added in V3,active,V3
PRK,Korea (Democratic People's Republic of ),2015,2015,2030,,7.7,7.7,7.7,Percent,Electricity ,All technologies,,https://www.ren21.net/wp-content/uploads/2019/05/REN21_GSR2016_FullReport_en_11.pdf,V3,New non-EU-27 observation added in V3,active,V3
KOR,Korea (Republic of),2005,2005,2010,,7.0,7.0,7.0,Percent,Electricity ,All technologies ,,https://www.ren21.net/wp-content/uploads/2019/05/GSR2005_Full-Report_English.pdf,V3,New non-EU-27 observation added in V3,active,V3
KOR,Korea (Republic of),2011,2005,2015,,2.9,2.9,2.9,Percent,Electricity ,All technologies ,,https://www.ren21.net/Portals/0/documents/activities/gsr/GSR2012.pdf,V3,New non-EU-27 observation added in V3,active,V3
KOR,Korea (Republic of),2011,2005,2020,,4.7,4.7,4.7,Percent,Electricity ,All technologies ,,https://www.ren21.net/Portals/0/documents/activities/gsr/GSR2012.pdf,V3,New non-EU-27 observation added in V3,active,V3
KOR,Korea (Republic of),2011,2005,2030,,7.7,7.7,7.7,Percent,Electricity ,All technologies ,,https://www.ren21.net/Portals/0/documents/activities/gsr/GSR2012.pdf,V3,New non-EU-27 observation added in V3,active,V3
KOR,Korea (Republic of),2016,2005,2018,,5.0,5.0,5.0,Percent,Electricity ,All technologies ,,https://www.ren21.net/wp-content/uploads/2019/05/GSR2017_Full-Report_English.pdf,V3,New non-EU-27 observation added in V3,active,V3
KOR,Korea (Republic of),2016,2005,2019,,6.0,6.0,6.0,Percent,Electricity ,All technologies ,,https://www.ren21.net/wp-content/uploads/2019/05/GSR2017_Full-Report_English.pdf,V3,New non-EU-27 observation added in V3,active,V3
KOR,Korea (Republic of),2016,2005,2020,,7.0,7.0,7.0,Percent,Electricity ,All technologies ,,https://www.ren21.net/wp-content/uploads/2019/05/GSR2017_Full-Report_English.pdf,V3,New non-EU-27 observation added in V3,active,V3
KOR,Korea (Republic of),2017,2005,2030,,20.0,20.0,20.0,Percent,Electricity ,All technologies ,,https://www.ren21.net/wp-content/uploads/2019/05/GSR2018_Full-Report_English.pdf,V3,New non-EU-27 observation added in V3,active,V3
KOR,Korea (Republic of),2018,2005,2040,,35.0,35.0,35.0,Percent,Electricity ,All technologies ,,https://www.ren21.net/wp-content/uploads/2019/05/gsr_2019_full_report_en.pdf,V3,New non-EU-27 observation added in V3,active,V3
KWT,Kuwait,2010,2010,2020,,5.0,5.0,5.0,Percent,Electricity ,All technologies,,https://www.ren21.net/wp-content/uploads/2019/05/GSR2011_Full-Report_English.pdf,V3,New non-EU-27 observation added in V3,active,V3
KWT,Kuwait,2012,2010,2030,,15.0,15.0,15.0,Percent,Electricity ,All technologies,,https://www.ren21.net/wp-content/uploads/2019/05/GSR2013_Full-Report_English.pdf,V3,New non-EU-27 observation added in V3,active,V3
KWT,Kuwait,2014,2010,2030,,10.0,10.0,10.0,Percent,Electricity ,All technologies,,https://www.ren21.net/wp-content/uploads/2019/05/GSR2015_Full-Report_English.pdf,V3,New non-EU-27 observation added in V3,active,V3
KWT,Kuwait,2009,2009,2020,,5.0,5.0,5.0,Percent,Final energy,All technologies,,https://www.ren21.net/wp-content/uploads/2019/05/GSR2010_Full-Report_English.pdf,V3,New non-EU-27 observation added in V3,active,V3
LAO,Lao People's Democratic Republic,2011,2011,2025,,30.0,30.0,30.0,Percent,Final energy,All technologies,,https://www.iea.org/countries/laos       https://kpl.gov.la/en/detail.aspx?id=4473,V3,New non-EU-27 observation added in V3,active,V3
LVA,Latvia,2004,2004,2010,,49.3,49.3,49.3,Percent,Electricity ,All technologies ,,https://www.sciencedirect.com/science/article/pii/S1364032105000535,V1,,active,V1
LVA,Latvia,2012,2004,2020,,60.0,60.0,60.0,Percent,Electricity ,All technologies ,,https://www.ren21.net/wp-content/uploads/2019/05/GSR2013_Full-Report_English.pdf,V1,,active,V1
LVA,Latvia,2019,2004,2030,,76.0,76.0,76.0,Percent,Electricity ,All technologies ,,https://ember-energy.org/data/live-eu-necp-tracker/#data-tool,V1,,active,V1
LVA,Latvia,2023,2004,2030,,96.0,96.0,96.0,Percent,Electricity ,All technologies ,,https://ember-energy.org/data/live-eu-necp-tracker/#data-tool,V1,,active,V1
LVA,Latvia,2006,2006,2020,,42.0,42.0,42.0,Percent,Final energy,All technologies,,https://www.ren21.net/wp-content/uploads/2019/05/GSR2007_Full-Report_English.pdf,V1,,active,V1
LVA,Latvia,2009,2006,2020,,40.0,40.0,40.0,Percent,Final energy,All technologies,,https://www.ren21.net/wp-content/uploads/2019/05/GSR2010_Full-Report_English.pdf,V1,,active,V1
LVA,Latvia,2020,2006,2022,,41.8,41.8,41.8,Percent,Final energy,All technologies,,https://www.ren21.net/wp-content/uploads/2019/05/GSR2021_Full_Report.pdf,V1,,active,V1
LVA,Latvia,2020,2006,2025,,44.3,44.3,44.3,Percent,Final energy,All technologies,,https://www.ren21.net/wp-content/uploads/2019/05/GSR2021_Full_Report.pdf,V1,,active,V1
LVA,Latvia,2020,2006,2027,,46.5,46.5,46.5,Percent,Final energy,All technologies,,https://www.ren21.net/wp-content/uploads/2019/05/GSR2021_Full_Report.pdf,V1,,active,V1
LVA,Latvia,2020,2006,2030,,50.0,50.0,50.0,Percent,Final energy,All technologies,,https://www.ren21.net/wp-content/uploads/2019/05/GSR2021_Full_Report.pdf,V1,,active,V1
LVA,Latvia,2023,2006,2030,,45.0,45.0,45.0,Percent,Final energy,All technologies,,https://www.ren21.net/wp-content/uploads/2019/05/GSR2024_GlobalOverview_Full_Report_with_endnotes_web.pdf,V1,,active,V1
LBN,Lebanon,2012,2012,2020,,12.0,12.0,12.0,Percent,Electricity ,All technologies,,https://www.ren21.net/wp-content/uploads/2019/05/GSR2013_Full-Report_English.pdf,V3,New non-EU-27 observation added in V3,active,V3
LBN,Lebanon,2016,2012,2050,,100.0,100.0,100.0,Percent,Electricity ,All technologies,,https://www.ren21.net/wp-content/uploads/2019/05/GSR2017_Full-Report_English.pdf,V3,New non-EU-27 observation added in V3,active,V3
LBN,Lebanon,2019,2012,2030,,30.0,30.0,30.0,Percent,Electricity ,All technologies,,https://www.ren21.net/wp-content/uploads/2019/05/gsr_2020_full_report_en.pdf,V3,New non-EU-27 observation added in V3,active,V3
LBN,Lebanon,2021,2012,2030,,18.0,18.0,18.0,Percent,Electricity ,All technologies,,https://www.ren21.net/wp-content/uploads/2019/05/GSR2022_Full_Report.pdf,V3,New non-EU-27 observation added in V3,active,V3
LBN,Lebanon,2009,2009,2020,,12.0,12.0,12.0,Percent,Final energy,All technologies,,https://www.ren21.net/wp-content/uploads/2019/05/GSR2010_Full-Report_English.pdf,V3,New non-EU-27 observation added in V3,active,V3
LBN,Lebanon,2015,2009,2030,,15.0,15.0,15.0,Percent,Final energy,All technologies,,https://www.ren21.net/wp-content/uploads/2019/05/REN21_GSR2016_FullReport_en_11.pdf,V3,New non-EU-27 observation added in V3,active,V3
LBN,Lebanon,2020,2009,2030,,30.0,30.0,30.0,Percent,Final energy,All technologies,,https://www.ren21.net/wp-content/uploads/2019/05/GSR2021_Full_Report.pdf,V3,New non-EU-27 observation added in V3,active,V3
LSO,Lesotho,2012,2012,2020,,35.0,35.0,35.0,Percent,Electricity ,All technologies,Off-grid and rural,https://www.ren21.net/wp-content/uploads/2019/05/GSR2013_Full-Report_English.pdf,V3,New non-EU-27 observation added in V3,active,V3
LBR,Liberia,2013,2013,2021,,30.0,30.0,30.0,Percent,Electricity ,All technologies,,https://www.ren21.net/wp-content/uploads/2019/05/GSR2014_Full-Report_English.pdf,V3,New non-EU-27 observation added in V3,active,V3
LBR,Liberia,2015,2015,2030,,10.0,10.0,10.0,Percent,Final energy,All technologies,,https://www.ren21.net/wp-content/uploads/2019/05/REN21_GSR2016_FullReport_en_11.pdf,V3,New non-EU-27 observation added in V3,active,V3
LBY,Libya,2009,2009,2020,,10.0,10.0,10.0,Percent,Electricity ,All technologies,,https://www.ren21.net/Portals/0/documents/activities/gsr/REN21_GSR_2010_full_revised%20Sept2010.pdf,V3,New non-EU-27 observation added in V3,active,V3
LBY,Libya,2009,2009,2030,,30.0,30.0,30.0,Percent,Electricity ,All technologies,,https://www.ren21.net/Portals/0/documents/activities/gsr/REN21_GSR_2010_full_revised%20Sept2010.pdf,V3,New non-EU-27 observation added in V3,active,V3
LBY,Libya,2012,2009,2020,,7.0,7.0,7.0,Percent,Electricity ,All technologies,,https://www.ren21.net/wp-content/uploads/2019/05/GSR2013_Full-Report_English.pdf,V3,New non-EU-27 observation added in V3,active,V3
LBY,Libya,2012,2009,2025,,10.0,10.0,10.0,Percent,Electricity ,All technologies,,https://www.ren21.net/wp-content/uploads/2019/05/GSR2013_Full-Report_English.pdf,V3,New non-EU-27 observation added in V3,active,V3
LBY,Libya,2013,2009,2020,,20.0,20.0,20.0,Percent,Electricity ,All technologies,,https://www.ren21.net/wp-content/uploads/2019/05/GSR2014_Full-Report_English.pdf,V3,New non-EU-27 observation added in V3,active,V3
LBY,Libya,2019,2009,2030,,22.0,22.0,22.0,Percent,Electricity ,All technologies,,https://www.ren21.net/wp-content/uploads/2019/05/gsr_2020_full_report_en.pdf,V3,New non-EU-27 observation added in V3,active,V3
LIE,Liechtenstein,2020,2020,2019,,22.0,22.0,22.0,Percent,Final energy,All technologies,,https://unfccc.int/sites/default/files/resource/NC8_BR5_LIE_2022.pdf,V3,New non-EU-27 observation added in V3,active,V3
LIE,Liechtenstein,2020,0,2030,,30.0,30.0,30.0,Percent,Final energy,All technologies,,https://unfccc.int/sites/default/files/resource/NC8_BR5_LIE_2022.pdf,V3,New non-EU-27 observation added in V3,active,V3
LTU,Lithuania,2004,2004,2010,,7.0,7.0,7.0,Percent,Electricity ,All technologies ,,https://www.ren21.net/wp-content/uploads/2019/05/GSR2005_Full-Report_English.pdf,V1,,active,V1
LTU,Lithuania,2012,2004,2020,,20.0,20.0,20.0,Percent,Electricity ,All technologies ,,https://www.ren21.net/wp-content/uploads/2019/05/GSR2013_Full-Report_English.pdf,V1,,active,V1
LTU,Lithuania,2013,2004,2020,,21.0,21.0,21.0,Percent,Electricity ,All technologies ,,https://www.ren21.net/wp-content/uploads/2019/05/GSR2014_Full-Report_English.pdf,V1,,active,V1
LTU,Lithuania,2019,2004,2030,,89.0,89.0,89.0,Percent,Electricity ,All technologies ,,https://ember-energy.org/data/live-eu-necp-tracker/#data-tool,V1,,active,V1
LTU,Lithuania,2006,2006,2020,,23.0,23.0,23.0,Percent,Final energy,All technologies,,https://www.ren21.net/wp-content/uploads/2019/05/GSR2007_Full-Report_English.pdf,V1,,active,V1
LTU,Lithuania,2018,2006,2050,,80.0,80.0,80.0,Percent,Final energy,All technologies,,https://www.ren21.net/wp-content/uploads/2019/05/gsr_2019_full_report_en.pdf,V1,,active,V1
LTU,Lithuania,2019,2006,2030,,45.0,45.0,45.0,Percent,Final energy,All technologies,,https://www.ren21.net/wp-content/uploads/2019/05/gsr_2020_full_report_en.pdf,V1,,active,V1
LUX,Luxembourg,2001,2001,2010,,5.7,5.7,5.7,Percent,Electricity ,All technologies ,,https://eur-lex.europa.eu/legal-content/EN/TXT/PDF/?uri=CELEX:32001L0077&from=EN,V1,,active,V1
LUX,Luxembourg,2012,2001,2020,,11.8,11.8,11.8,Percent,Electricity ,All technologies ,,https://www.ren21.net/wp-content/uploads/2019/05/GSR2013_Full-Report_English.pdf,V1,,active,V1
LUX,Luxembourg,2021,2001,2030,,33.6,33.6,33.6,Percent,Electricity ,All technologies ,,https://www.ren21.net/wp-content/uploads/2019/05/GSR2022_Full_Report.pdf,V1,,active,V1
LUX,Luxembourg,2009,2009,2020,,11.0,11.0,11.0,Percent,Final energy,All technologies,,https://www.ren21.net/wp-content/uploads/2019/05/GSR2010_Full-Report_English.pdf,V1,,active,V1
LUX,Luxembourg,2020,2009,2030,23.0,25.0,24.0,24.0,Percent,Final energy,All technologies,,https://www.ren21.net/wp-content/uploads/2019/05/GSR2021_Full_Report.pdf,V1,,active,V1
LUX,Luxembourg,2023,2009,2030,,25.0,25.0,25.0,Percent,Final energy,All technologies,,https://www.ren21.net/wp-content/uploads/2019/05/GSR2024_GlobalOverview_Full_Report_with_endnotes_web.pdf,V1,,active,V1
MDG,Madagascar,2009,2009,2020,,75.0,75.0,75.0,Percent,Electricity ,All technologies,,https://www.ren21.net/Portals/0/documents/activities/gsr/REN21_GSR_2010_full_revised%20Sept2010.pdf,V3,New non-EU-27 observation added in V3,active,V3
MDG,Madagascar,2015,2009,NA,,79.0,79.0,79.0,Percent,Electricity ,All technologies,,https://www.ren21.net/wp-content/uploads/2019/05/REN21_GSR2016_FullReport_en_11.pdf,V3,New non-EU-27 observation added in V3,active,V3
MDG,Madagascar,2016,2009,2050,,100.0,100.0,100.0,Percent,Electricity ,All technologies,,https://www.ren21.net/wp-content/uploads/2019/05/GSR2017_Full-Report_English.pdf,V3,New non-EU-27 observation added in V3,active,V3
MDG,Madagascar,2018,2009,2030,,85.0,85.0,85.0,Percent,Electricity ,All technologies,,https://www.ren21.net/wp-content/uploads/2019/05/gsr_2019_full_report_en.pdf,V3,New non-EU-27 observation added in V3,active,V3
MDG,Madagascar,2020,2009,2030,,79.0,79.0,79.0,Percent,Electricity ,All technologies,,https://www.ren21.net/wp-content/uploads/2019/05/GSR2021_Full_Report.pdf,V3,New non-EU-27 observation added in V3,active,V3
MDG,Madagascar,2009,2009,2020,,54.0,54.0,54.0,Percent,Final energy,All technologies,,https://www.ren21.net/wp-content/uploads/2019/05/GSR2010_Full-Report_English.pdf,V3,New non-EU-27 observation added in V3,active,V3
MDG,Madagascar,2020,2009,2050,,100.0,100.0,100.0,Percent,Final energy,All technologies,,https://www.ren21.net/wp-content/uploads/2019/05/GSR2021_Full_Report.pdf,V3,New non-EU-27 observation added in V3,active,V3
MDG,Madagascar,2023,2009,2030,,85.0,85.0,85.0,Percent,Final energy,All technologies,,https://www.ren21.net/wp-content/uploads/2019/05/GSR2024_GlobalOverview_Full_Report_with_endnotes_web.pdf,V3,New non-EU-27 observation added in V3,active,V3
MWI,Malawi,2016,2016,2050,,100.0,100.0,100.0,Percent,Electricity ,All technologies,,https://www.ren21.net/wp-content/uploads/2019/05/GSR2017_Full-Report_English.pdf,V3,New non-EU-27 observation added in V3,active,V3
MWI,Malawi,2020,2020,2050,,100.0,100.0,100.0,Percent,Final energy,All technologies,,https://www.ren21.net/wp-content/uploads/2019/05/GSR2021_Full_Report.pdf,V3,New non-EU-27 observation added in V3,active,V3
MYS,Malaysia,2005,2005,2005,,5.0,5.0,5.0,Percent,Electricity ,All technologies,,https://www.ren21.net/wp-content/uploads/2019/05/GSR2005_Full-Report_English.pdf,V3,New non-EU-27 observation added in V3,active,V3
MYS,Malaysia,2010,2005,2011,,1.0,1.0,1.0,Percent,Electricity ,All technologies,,https://www.ren21.net/wp-content/uploads/2019/05/GSR2011_Full-Report_English.pdf,V3,New non-EU-27 observation added in V3,active,V3
MYS,Malaysia,2010,2005,2015,,5.0,5.0,5.0,Percent,Electricity ,All technologies,,https://www.ren21.net/wp-content/uploads/2019/05/GSR2011_Full-Report_English.pdf,V3,New non-EU-27 observation added in V3,active,V3
MYS,Malaysia,2010,2005,2020,,9.0,9.0,9.0,Percent,Electricity ,All technologies,,https://www.ren21.net/wp-content/uploads/2019/05/GSR2011_Full-Report_English.pdf,V3,New non-EU-27 observation added in V3,active,V3
MYS,Malaysia,2010,2005,2050,,13.0,13.0,13.0,Percent,Electricity ,All technologies,,https://www.ren21.net/wp-content/uploads/2019/05/GSR2011_Full-Report_English.pdf,V3,New non-EU-27 observation added in V3,active,V3
MYS,Malaysia,2012,2005,2030,,11.0,11.0,11.0,Percent,Electricity ,All technologies,,https://www.ren21.net/wp-content/uploads/2019/05/GSR2013_Full-Report_English.pdf,V3,New non-EU-27 observation added in V3,active,V3
MYS,Malaysia,2012,2005,2050,,15.0,15.0,15.0,Percent,Electricity ,All technologies,,https://www.ren21.net/wp-content/uploads/2019/05/GSR2013_Full-Report_English.pdf,V3,New non-EU-27 observation added in V3,active,V3
MYS,Malaysia,2018,2005,2030,,20.0,20.0,20.0,Percent,Electricity ,All technologies,,https://www.ren21.net/wp-content/uploads/2019/05/gsr_2019_full_report_en.pdf,V3,New non-EU-27 observation added in V3,active,V3
MYS,Malaysia,2020,2005,2025,,20.0,20.0,20.0,Percent,Electricity ,All technologies,,https://www.ren21.net/wp-content/uploads/2019/05/GSR2021_Full_Report.pdf,V3,New non-EU-27 observation added in V3,active,V3
MYS,Malaysia,2021,2005,2025,,31.0,31.0,31.0,Percent,Electricity ,All technologies,,https://www.ren21.net/wp-content/uploads/2019/05/GSR2022_Full_Report.pdf,V3,New non-EU-27 observation added in V3,active,V3
MYS,Malaysia,2021,2005,2035,,40.0,40.0,40.0,Percent,Electricity ,All technologies,,https://www.ren21.net/wp-content/uploads/2019/05/GSR2022_Full_Report.pdf,V3,New non-EU-27 observation added in V3,active,V3
MYS,Malaysia,2022,2005,2050,,70.0,70.0,70.0,Percent,Electricity ,All technologies,,https://www.ren21.net/wp-content/uploads/2019/05/GSR-2023_Energy-Supply-Module.pdf,V3,New non-EU-27 observation added in V3,active,V3
MDV,Maldives,2013,2013,2017,,16.0,16.0,16.0,Percent,Electricity ,All technologies,,https://www.ren21.net/wp-content/uploads/2019/05/GSR2014_Full-Report_English.pdf,V3,New non-EU-27 observation added in V3,active,V3
MDV,Maldives,2016,2013,2050,,100.0,100.0,100.0,Percent,Electricity ,All technologies,,https://www.ren21.net/wp-content/uploads/2019/05/GSR2017_Full-Report_English.pdf,V3,New non-EU-27 observation added in V3,active,V3
MDV,Maldives,2021,2013,2030,,70.0,70.0,70.0,Percent,Electricity ,All technologies,,https://www.ren21.net/wp-content/uploads/2019/05/GSR2022_Full_Report.pd,V3,New non-EU-27 observation added in V3,active,V3
MDV,Maldives,2020,2020,2050,,100.0,100.0,100.0,Percent,Final energy,All technologies,,https://www.ren21.net/wp-content/uploads/2019/05/GSR2021_Full_Report.pdf,V3,New non-EU-27 observation added in V3,active,V3
MLI,Mali,2005,2005,2015,,3.0,3.0,3.0,Percent,Electricity ,All technologies,,https://www.ren21.net/wp-content/uploads/2019/05/GSR2006_Full-Report_English.pdf,V3,New non-EU-27 observation added in V3,active,V3
MLI,Mali,2005,2005,2020,,15.0,15.0,15.0,Percent,Electricity ,All technologies,,https://www.ren21.net/wp-content/uploads/2019/05/GSR2006_Full-Report_English.pdf,V3,New non-EU-27 observation added in V3,active,V3
MLI,Mali,2005,2005,2020,,10.0,10.0,10.0,Percent,Electricity ,All technologies,,https://www.ren21.net/wp-content/uploads/2019/05/GSR2006_Full-Report_English.pdf,V3,New non-EU-27 observation added in V3,active,V3
MLI,Mali,2011,2005,2020,,25.0,25.0,25.0,Percent,Electricity ,All technologies,,https://www.ren21.net/Portals/0/documents/activities/gsr/GSR2012.pdf,V3,New non-EU-27 observation added in V3,active,V3
MLI,Mali,2013,2005,2015,,10.0,10.0,10.0,Percent,Electricity ,All technologies except large hydro,,https://www.ren21.net/wp-content/uploads/2019/05/GSR2014_Full-Report_English.pdf,V3,New non-EU-27 observation added in V3,active,V3
MLI,Mali,2013,2005,2033,,25.0,25.0,25.0,Percent,Electricity ,All technologies except large hydro,,https://www.ren21.net/wp-content/uploads/2019/05/GSR2014_Full-Report_English.pdf,V3,New non-EU-27 observation added in V3,active,V3
MLI,Mali,2020,2020,2033,,10.0,10.0,10.0,Percent,Final energy,All technologies,,https://www.ren21.net/wp-content/uploads/2019/05/GSR2021_Full_Report.pdf,V3,New non-EU-27 observation added in V3,active,V3
MLT,Malta,2006,2006,2010,,5.0,5.0,5.0,Percent,Electricity ,All technologies,,https://www.ren21.net/wp-content/uploads/2019/05/GSR2006_Full-Report_English.pdf,V1,,active,V1
MLT,Malta,2013,2006,2020,,3.8,3.8,3.8,Percent,Electricity ,All technologies,,https://www.ren21.net/wp-content/uploads/2019/05/GSR2014_Full-Report_English.pdf,V1,,active,V1
MLT,Malta,2020,2006,2020,,12.0,12.0,12.0,Percent,Electricity ,All technologies,,https://www.ren21.net/wp-content/uploads/2019/05/GSR2021_Full_Report.pdf,V1,,active,V1
MLT,Malta,2009,2009,2020,,10.0,10.0,10.0,Percent,Final energy,All technologies,,https://www.ren21.net/wp-content/uploads/2019/05/GSR2010_Full-Report_English.pdf,V1,,active,V1
MLT,Malta,2020,2009,2030,,11.5,11.5,11.5,Percent,Final energy,All technologies,,https://www.ren21.net/wp-content/uploads/2019/05/GSR2021_Full_Report.pdf,V1,,active,V1
MLT,Malta,2023,2009,2030,,11.0,11.0,11.0,Percent,Final energy,All technologies,,https://www.ren21.net/wp-content/uploads/2019/05/GSR2024_GlobalOverview_Full_Report_with_endnotes_web.pdf,V1,,active,V1
MHL,Marshall Islands,2011,2011,2020,,20.0,20.0,20.0,Percent,Electricity ,All technologies,,https://www.ren21.net/Portals/0/documents/activities/gsr/GSR2012.pdf,V3,New non-EU-27 observation added in V3,active,V3
MHL,Marshall Islands,2016,2011,2050,,100.0,100.0,100.0,Percent,Electricity ,All technologies,,https://www.ren21.net/wp-content/uploads/2019/05/GSR2017_Full-Report_English.pdf,V3,New non-EU-27 observation added in V3,active,V3
MHL,Marshall Islands,2020,2020,2050,,100.0,100.0,100.0,Percent,Final energy,All technologies,,https://www.ren21.net/wp-content/uploads/2019/05/GSR2021_Full_Report.pdf,V3,New non-EU-27 observation added in V3,active,V3
MRT,Mauritania,2019,2019,2020,,60.0,60.0,60.0,Percent,Electricity ,All technologies,,https://www.ren21.net/wp-content/uploads/2019/05/gsr_2020_full_report_en.pdf,V3,New non-EU-27 observation added in V3,active,V3
MUS,Mauritius,2009,2009,2028,,65.0,65.0,65.0,Percent,Electricity ,All technologies,,https://www.ren21.net/Portals/0/documents/activities/gsr/REN21_GSR_2010_full_revised%20Sept2010.pdf,V3,New non-EU-27 observation added in V3,active,V3
MUS,Mauritius,2011,2009,2025,,35.0,35.0,35.0,Percent,Electricity ,All technologies,,https://www.ren21.net/Portals/0/documents/activities/gsr/GSR2012.pdf,V3,New non-EU-27 observation added in V3,active,V3
MUS,Mauritius,2022,2009,2030,,60.0,60.0,60.0,Percent,Electricity ,All technologies,,https://www.ren21.net/wp-content/uploads/2019/05/GSR-2023_Energy-Supply-Module.pdf,V3,New non-EU-27 observation added in V3,active,V3
MEX,Mexico,2009,2009,2010,,4.5,4.5,4.5,Percent,Electricity ,All technologies,,https://www.ren21.net/wp-content/uploads/2019/05/GSR2010_Full-Report_English.pdf,V3,New non-EU-27 observation added in V3,active,V3
MEX,Mexico,2010,2009,2012,,7.6,7.6,7.6,Percent,Electricity ,All technologies,,https://www.ren21.net/wp-content/uploads/2019/05/GSR2011_Full-Report_English.pdf,V3,New non-EU-27 observation added in V3,active,V3
MEX,Mexico,2011,2009,2024,,35.0,35.0,35.0,Percent,Electricity ,All technologies,,https://www.ren21.net/Portals/0/documents/Resources/GSR2012_low%20res_FINAL.pdf,V3,New non-EU-27 observation added in V3,active,V3
MEX,Mexico,2014,2009,2026,,25.0,25.0,25.0,Percent,Electricity ,All technologies,,https://www.ren21.net/wp-content/uploads/2019/05/GSR2015_Full-Report_English.pdf,V3,New non-EU-27 observation added in V3,active,V3
MEX,Mexico,2015,2009,2050,,50.0,50.0,50.0,Percent,Electricity ,All technologies,,https://www.ren21.net/wp-content/uploads/2019/05/REN21_GSR2016_FullReport_en_11.pdf,V3,New non-EU-27 observation added in V3,active,V3
MEX,Mexico,2017,2009,2030,,37.7,37.7,37.7,Percent,Electricity ,All technologies,,https://www.ren21.net/wp-content/uploads/2019/08/Full-Report-2018.pdf,V3,New non-EU-27 observation added in V3,active,V3
MEX,Mexico,2018,2009,2018,,30.0,30.0,30.0,Percent,Electricity ,All technologies,,https://www.ren21.net/wp-content/uploads/2019/05/gsr_2019_full_report_en.pdf,V3,New non-EU-27 observation added in V3,active,V3
MEX,Mexico,2018,2009,2021,,35.0,35.0,35.0,Percent,Electricity ,All technologies,,https://www.ren21.net/wp-content/uploads/2019/05/gsr_2019_full_report_en.pdf,V3,New non-EU-27 observation added in V3,active,V3
MEX,Mexico,2019,2009,2021,,30.0,30.0,30.0,Percent,Electricity ,All technologies,,https://www.ren21.net/wp-content/uploads/2019/05/gsr_2020_full_report_en.pdf,V3,New non-EU-27 observation added in V3,active,V3
MEX,Mexico,2019,2009,2035,,40.0,40.0,40.0,Percent,Electricity ,All technologies,,https://www.ren21.net/wp-content/uploads/2019/05/gsr_2020_full_report_en.pdf,V3,New non-EU-27 observation added in V3,active,V3
MEX,Mexico,2019,2009,2050,,50.0,50.0,50.0,Percent,Electricity ,All technologies,,https://www.ren21.net/wp-content/uploads/2019/05/GSR2023_Demand_Modules.pdf,V3,New non-EU-27 observation added in V3,active,V3
MEX,Mexico,2020,2009,2020,,27.0,27.0,27.0,Percent,Electricity ,All technologies,,https://www.ren21.net/wp-content/uploads/2019/05/GSR2021_Full_Report.pdf,V3,New non-EU-27 observation added in V3,active,V3
MEX,Mexico,2021,2009,2024,,35.0,35.0,35.0,Percent,Electricity ,All technologies,,https://www.ren21.net/wp-content/uploads/2019/05/GSR2022_Full_Report.pdf,V3,New non-EU-27 observation added in V3,active,V3
FSM,Micronesia (Federated States of),2011,2011,2020,,10.0,10.0,10.0,Percent,Electricity ,All technologies,Only urban,https://www.ren21.net/wp-content/uploads/2019/05/GSR2012_Full-Report_English.pdf,V3,New non-EU-27 observation added in V3,active,V3
FSM,Micronesia (Federated States of),2011,2011,2020,,50.0,50.0,50.0,Percent,Electricity ,All technologies,Only rural,https://www.ren21.net/wp-content/uploads/2019/05/GSR2012_Full-Report_English.pdf,V3,New non-EU-27 observation added in V3,active,V3
FSM,Micronesia (Federated States of),2020,2011,2020,,30.0,30.0,30.0,Percent,Electricity ,All technologies,,https://www.ren21.net/wp-content/uploads/2019/05/GSR2021_Full_Report.pdf,V3,New non-EU-27 observation added in V3,active,V3
FSM,Micronesia (Federated States of),2022,2011,2030,,70.0,70.0,70.0,Percent,Electricity ,All technologies,,https://unfccc.int/sites/default/files/NDC/2022-10/Updated%20NDC%20of%20the%20MICRONESIA.pdf,V3,New non-EU-27 observation added in V3,active,V3
FSM,Micronesia (Federated States of),2023,2023,2030,,70.0,70.0,70.0,Percent,Final energy,All technologies,,https://www.ren21.net/wp-content/uploads/2019/05/GSR2024_GlobalOverview_Full_Report_with_endnotes_web.pdf,V3,New non-EU-27 observation added in V3,active,V3
MDA,Moldova (Republic of),2014,2014,2020,,10.0,10.0,10.0,Percent,Electricity ,All technologies,,https://www.ren21.net/wp-content/uploads/2019/05/GSR2015_Full-Report_English.pdf,V3,New non-EU-27 observation added in V3,active,V3
MDA,Moldova (Republic of),2012,2012,2020,,17.0,17.0,17.0,Percent,Final energy,All technologies,,https://www.ren21.net/wp-content/uploads/2019/05/GSR2013_Full-Report_English.pdf,V3,New non-EU-27 observation added in V3,active,V3
MNG,Mongolia,2009,2009,2020,20.0,25.0,22.5,22.5,Percent,Electricity ,All technologies,,https://www.ren21.net/Portals/0/documents/activities/gsr/REN21_GSR_2010_full_revised%20Sept2010.pdf,V3,New non-EU-27 observation added in V3,active,V3
MNG,Mongolia,2015,2009,2020,,20.0,20.0,20.0,Percent,Electricity ,All technologies,,https://www.ren21.net/wp-content/uploads/2019/05/REN21_GSR2016_FullReport_en_11.pdf,V3,New non-EU-27 observation added in V3,active,V3
MNG,Mongolia,2015,2009,2030,,30.0,30.0,30.0,Percent,Electricity ,All technologies,,https://www.ren21.net/wp-content/uploads/2019/05/REN21_GSR2016_FullReport_en_11.pdf,V3,New non-EU-27 observation added in V3,active,V3
MNG,Mongolia,2016,2009,2050,,100.0,100.0,100.0,Percent,Electricity ,All technologies,,https://www.ren21.net/wp-content/uploads/2019/05/GSR2017_Full-Report_English.pdf,V3,New non-EU-27 observation added in V3,active,V3
MNG,Mongolia,2021,2009,2023,,40.0,40.0,40.0,Percent,Electricity ,All technologies,,https://www.ren21.net/wp-content/uploads/2019/05/GSR2022_Full_Report.pdf,V3,New non-EU-27 observation added in V3,active,V3
MNG,Mongolia,2021,2009,2030,,30.0,30.0,30.0,Percent,Electricity ,All technologies,,https://www.ren21.net/wp-content/uploads/2019/05/GSR2022_Full_Report.pdf,V3,New non-EU-27 observation added in V3,active,V3
MNG,Mongolia,2022,2009,2023,,20.0,20.0,20.0,Percent,Electricity ,All technologies,,https://www.ren21.net/wp-content/uploads/2019/05/GSR-2023_Energy-Supply-Module.pdf,V3,New non-EU-27 observation added in V3,active,V3
MNG,Mongolia,2020,2020,2050,,100.0,100.0,100.0,Percent,Final energy,All technologies,,https://www.ren21.net/wp-content/uploads/2019/05/GSR2021_Full_Report.pdf,V3,New non-EU-27 observation added in V3,active,V3
MNG,Mongolia,2023,2020,2030,,30.0,30.0,30.0,Percent,Final energy,All technologies,,https://www.ren21.net/wp-content/uploads/2019/05/GSR2024_GlobalOverview_Full_Report_with_endnotes_web.pdf,V3,New non-EU-27 observation added in V3,active,V3
MNE,Montenegro,2017,2017,2020,,51.4,51.4,51.4,Percent,Electricity ,All technologies,,https://www.ren21.net/wp-content/uploads/2019/08/Full-Report-2018.pdf,V3,New non-EU-27 observation added in V3,active,V3
MNE,Montenegro,2012,2012,2020,,33.0,33.0,33.0,Percent,Final energy,All technologies,,https://www.ren21.net/wp-content/uploads/2019/05/GSR2013_Full-Report_English.pdf,V3,New non-EU-27 observation added in V3,active,V3
MAR,Morocco,2006,2006,2012,,20.0,20.0,20.0,Percent,Electricity ,All technologies,,https://www.ren21.net/wp-content/uploads/2019/05/GSR2007_Full-Report_English.pdf,V3,New non-EU-27 observation added in V3,active,V3
MAR,Morocco,2010,2006,2020,,42.0,42.0,42.0,Percent,Electricity ,All technologies,,https://www.ren21.net/wp-content/uploads/2019/05/GSR2011_Full-Report_English.pdf,V3,New non-EU-27 observation added in V3,active,V3
MAR,Morocco,2015,2006,2039,,52.0,52.0,52.0,Percent,Electricity ,All technologies,,https://www.ren21.net/wp-content/uploads/2019/05/REN21_GSR2016_FullReport_en_11.pdf,V3,New non-EU-27 observation added in V3,active,V3
MAR,Morocco,2016,2006,2030,,52.0,52.0,52.0,Percent,Electricity ,All technologies,,https://www.ren21.net/wp-content/uploads/2019/05/GSR2017_Full-Report_English.pdf,V3,New non-EU-27 observation added in V3,active,V3
MAR,Morocco,2016,2006,2050,,100.0,100.0,100.0,Percent,Electricity ,All technologies,,https://www.ren21.net/wp-content/uploads/2019/05/GSR2017_Full-Report_English.pdf,V3,New non-EU-27 observation added in V3,active,V3
MAR,Morocco,2009,2009,2012,,10.0,10.0,10.0,Percent,Final energy,All technologies,,https://www.ren21.net/wp-content/uploads/2019/05/GSR2010_Full-Report_English.pdf,V3,New non-EU-27 observation added in V3,active,V3
MOZ,Mozambique,2021,2021,2030,,62.0,62.0,62.0,Percent,Electricity ,All technologies,,https://www.ren21.net/wp-content/uploads/2019/05/GSR2022_Full_Report.pdf,V3,New non-EU-27 observation added in V3,active,V3
MOZ,Mozambique,2023,2023,2030,,62.0,62.0,62.0,Percent,Final energy,All technologies,,https://www.ren21.net/wp-content/uploads/2019/05/GSR2024_GlobalOverview_Full_Report_with_endnotes_web.pdf,V3,New non-EU-27 observation added in V3,active,V3
MMR,Myanmar,2015,2015,2020,15.0,18.0,16.5,16.5,Percent,Electricity ,All technologies,,https://www.ren21.net/wp-content/uploads/2019/05/REN21_GSR2016_FullReport_en_11.pdf,V3,New non-EU-27 observation added in V3,active,V3
MMR,Myanmar,2020,2015,2030,,9.0,9.0,9.0,Percent,Electricity ,All technologies,,https://www.ren21.net/wp-content/uploads/2019/05/GSR2021_Full_Report.pdf,V3,New non-EU-27 observation added in V3,active,V3
MMR,Myanmar,2023,2023,2030,,12.0,12.0,12.0,Percent,Final energy,All technologies,,https://www.ren21.net/wp-content/uploads/2019/05/GSR2024_GlobalOverview_Full_Report_with_endnotes_web.pdf,V3,New non-EU-27 observation added in V3,active,V3
NAM,Namibia,2014,2014,2020,,10.0,10.0,10.0,Percent,Electricity ,All technologies,,https://www.ren21.net/wp-content/uploads/2019/05/GSR2015_Full-Report_English.pdf,V3,New non-EU-27 observation added in V3,active,V3
NAM,Namibia,2015,2014,2030,,70.0,70.0,70.0,Percent,Electricity ,All technologies,,https://www.ren21.net/wp-content/uploads/2019/05/REN21_GSR2016_FullReport_en_11.pdf,V3,New non-EU-27 observation added in V3,active,V3
NRU,Nauru,2014,2014,2015,,50.0,50.0,50.0,Percent,Final energy,All technologies,,https://www.ren21.net/wp-content/uploads/2019/05/GSR2015_Full-Report_English.pdf,V3,New non-EU-27 observation added in V3,active,V3
NRU,Nauru,2022,2014,2050,,100.0,100.0,100.0,Percent,Final energy,All technologies,,https://www.ren21.net/wp-content/uploads/2019/05/GSR2023_GlobalOverview_Full_Report_with_endnotes_web.pdf,V3,New non-EU-27 observation added in V3,active,V3
NPL,Nepal,2010,2010,2013,,7.0,7.0,7.0,Percent,Electricity ,All technologies,,https://www.ren21.net/wp-content/uploads/2019/05/GSR2011_Full-Report_English.pdf,V3,New non-EU-27 observation added in V3,active,V3
NPL,Nepal,2016,2010,2050,,100.0,100.0,100.0,Percent,Electricity ,All technologies,,https://www.ren21.net/wp-content/uploads/2019/05/GSR2017_Full-Report_English.pdf,V3,New non-EU-27 observation added in V3,active,V3
NPL,Nepal,2021,2010,2030,,35.9,35.9,35.9,Percent,Electricity ,All technologies,,https://www.ren21.net/wp-content/uploads/2019/05/GSR2022_Full_Report.pdf,V3,New non-EU-27 observation added in V3,active,V3
NPL,Nepal,2023,2023,2030,,39.0,39.0,39.0,Percent,Final energy,All technologies,,https://www.ren21.net/wp-content/uploads/2019/05/GSR2024_GlobalOverview_Full_Report_with_endnotes_web.pdf,V3,New non-EU-27 observation added in V3,active,V3
NLD,Netherlands,2001,2001,2010,,9.0,9.0,9.0,Percent,Electricity ,All technologies ,,https://eur-lex.europa.eu/legal-content/EN/TXT/PDF/?uri=CELEX:32001L0077&from=EN,V1,,active,V1
NLD,Netherlands,2004,2001,2010,,12.0,12.0,12.0,Percent,Electricity ,All technologies ,,https://www.ren21.net/wp-content/uploads/2019/05/GSR2005_Full-Report_English.pdf,V1,,active,V1
NLD,Netherlands,2013,2001,2020,,37.0,37.0,37.0,Percent,Electricity ,All technologies ,,https://www.ren21.net/wp-content/uploads/2019/05/GSR2014_Full-Report_English.pdf,V1,,active,V1
NLD,Netherlands,2019,2001,2030,,71.0,71.0,71.0,Percent,Electricity ,All technologies ,,https://ember-energy.org/data/live-eu-necp-tracker/#data-tool,V1,,active,V1
NLD,Netherlands,2023,2001,2030,,79.0,79.0,79.0,Percent,Electricity ,All technologies ,,https://ember-energy.org/data/live-eu-necp-tracker/#data-tool,V1,,active,V1
NLD,Netherlands,2006,2006,2020,,14.0,14.0,14.0,Percent,Final energy,All technologies,,https://www.ren21.net/wp-content/uploads/2019/05/GSR2007_Full-Report_English.pdf,V1,,active,V1
NLD,Netherlands,2013,2006,2020,,16.0,16.0,16.0,Percent,Final energy,All technologies,,https://www.ren21.net/wp-content/uploads/2019/05/GSR2014_Full-Report_English.pdf,V1,,active,V1
NLD,Netherlands,2020,2006,2030,,27.0,27.0,27.0,Percent,Final energy,All technologies,,https://www.ren21.net/wp-content/uploads/2019/05/GSR2021_Full_Report.pdf,V1,,active,V1
NZL,New Zealand,2006,2006,2025,,90.0,90.0,90.0,Percent,Electricity ,All technologies ,,https://www.rieti.go.jp/en/events/bbl/10052501_reference1.pdf,V3,New non-EU-27 observation added in V3,active,V3
NZL,New Zealand,2020,2006,2030,,100.0,100.0,100.0,Percent,Electricity ,All technologies ,,https://www.ren21.net/wp-content/uploads/2019/05/GSR2021_Full_Report.pdf,V3,New non-EU-27 observation added in V3,active,V3
NZL,New Zealand,2023,2023,2035,,50.0,50.0,50.0,Percent,Final energy,All technologies,,https://www.ren21.net/wp-content/uploads/2019/05/GSR2024_GlobalOverview_Full_Report_with_endnotes_web.pdf,V3,New non-EU-27 observation added in V3,active,V3
NIC,Nicaragua,2009,2009,2011,,38.0,38.0,38.0,Percent,Electricity ,All technologies,,https://www.ren21.net/Portals/0/documents/activities/gsr/REN21_GSR_2010_full_revised%20Sept2010.pdf,V3,New non-EU-27 observation added in V3,active,V3
NIC,Nicaragua,2013,2009,2018,,74.0,74.0,74.0,Percent,Electricity ,All technologies,,https://www.ren21.net/wp-content/uploads/2019/05/GSR2014_Full-Report_English.pdf,V3,New non-EU-27 observation added in V3,active,V3
NIC,Nicaragua,2013,2009,2020,,90.0,90.0,90.0,Percent,Electricity ,All technologies,,https://www.ren21.net/wp-content/uploads/2019/05/GSR2014_Full-Report_English.pdf,V3,New non-EU-27 observation added in V3,active,V3
NIC,Nicaragua,2014,2009,2027,,90.0,90.0,90.0,Percent,Electricity ,All technologies,,https://www.ren21.net/wp-content/uploads/2019/05/GSR2015_Full-Report_English.pdf,V3,New non-EU-27 observation added in V3,active,V3
NER,Niger,2009,2009,2020,,10.0,10.0,10.0,Percent,Electricity ,All technologies,,https://www.ren21.net/Portals/0/documents/activities/gsr/REN21_GSR_2010_full_revised%20Sept2010.pdf,V3,New non-EU-27 observation added in V3,active,V3
NER,Niger,2016,2009,2050,,100.0,100.0,100.0,Percent,Electricity ,All technologies,,https://www.ren21.net/wp-content/uploads/2019/05/GSR2017_Full-Report_English.pdf,V3,New non-EU-27 observation added in V3,active,V3
NER,Niger,2020,2009,2020,,8.0,8.0,8.0,Percent,Electricity ,All technologies,,https://www.ren21.net/wp-content/uploads/2019/05/GSR2021_Full_Report.pdf,V3,New non-EU-27 observation added in V3,active,V3
NER,Niger,2020,2020,2030,,30.0,30.0,30.0,Percent,Final energy,All technologies,,https://www.ren21.net/wp-content/uploads/2019/05/GSR2021_Full_Report.pdf,V3,New non-EU-27 observation added in V3,active,V3
NGA,Nigeria,2006,2006,2025,,7.0,7.0,7.0,Percent,Electricity ,All technologies,,https://www.ren21.net/wp-content/uploads/2019/05/GSR2006_Full-Report_English.pdf,V3,New non-EU-27 observation added in V3,active,V3
NGA,Nigeria,2009,2006,2020,,7.0,7.0,7.0,Percent,Electricity ,All technologies,,https://www.ren21.net/Portals/0/documents/activities/gsr/REN21_GSR_2010_full_revised%20Sept2010.pdf,V3,New non-EU-27 observation added in V3,active,V3
NGA,Nigeria,2011,2006,2025,,18.0,18.0,18.0,Percent,Electricity ,All technologies,,https://www.ren21.net/Portals/0/documents/activities/gsr/GSR2012.pdf,V3,New non-EU-27 observation added in V3,active,V3
NGA,Nigeria,2011,2006,2030,,20.0,20.0,20.0,Percent,Electricity ,All technologies,,https://www.ren21.net/Portals/0/documents/activities/gsr/GSR2012.pdf,V3,New non-EU-27 observation added in V3,active,V3
NGA,Nigeria,2012,2006,2015,,5.0,5.0,5.0,Percent,Electricity ,All technologies,,https://www.ren21.net/wp-content/uploads/2019/05/GSR2013_Full-Report_English.pdf,V3,New non-EU-27 observation added in V3,active,V3
NGA,Nigeria,2012,2006,2025,,10.0,10.0,10.0,Percent,Electricity ,All technologies,,https://www.ren21.net/wp-content/uploads/2019/05/GSR2013_Full-Report_English.pdf,V3,New non-EU-27 observation added in V3,active,V3
NGA,Nigeria,2013,2006,2020,,10.0,10.0,10.0,Percent,Electricity ,All technologies except large hydro,,https://www.ren21.net/wp-content/uploads/2019/05/GSR2014_Full-Report_English.pdf,V3,New non-EU-27 observation added in V3,active,V3
NGA,Nigeria,2020,2006,2030,,30.0,30.0,30.0,Percent,Electricity ,All technologies,,https://www.ren21.net/wp-content/uploads/2019/05/GSR2021_Full_Report.pdf,V3,New non-EU-27 observation added in V3,active,V3
NGA,Nigeria,2023,2023,2030,,36.0,36.0,36.0,Percent,Final energy,All technologies,,https://www.ren21.net/wp-content/uploads/2019/05/GSR2024_GlobalOverview_Full_Report_with_endnotes_web.pdf,V3,New non-EU-27 observation added in V3,active,V3
MKD,North Macedonia,2014,2014,2020,,24.7,24.7,24.7,Percent,Electricity ,All technologies,,https://www.ren21.net/wp-content/uploads/2019/05/GSR2015_Full-Report_English.pdf,V3,New non-EU-27 observation added in V3,active,V3
MKD,North Macedonia,2020,2014,2020,,27.0,27.0,27.0,Percent,Electricity ,All technologies,,https://www.ren21.net/wp-content/uploads/2019/05/GSR2021_Full_Report.pdf,V3,New non-EU-27 observation added in V3,active,V3
MKD,North Macedonia,2021,2014,2030,,66.0,66.0,66.0,Percent,Electricity ,All technologies,,https://www.ren21.net/wp-content/uploads/2019/05/GSR2022_Full_Report.pdf,V3,New non-EU-27 observation added in V3,active,V3
MKD,North Macedonia,2012,2012,2020,,28.0,28.0,28.0,Percent,Final energy,All technologies,,https://www.ren21.net/wp-content/uploads/2019/05/GSR2013_Full-Report_English.pdf,V3,New non-EU-27 observation added in V3,active,V3
MKD,North Macedonia,2020,2012,2040,35.0,45.0,40.0,40.0,Percent,Final energy,All technologies,,https://www.ren21.net/wp-content/uploads/2019/05/GSR2021_Full_Report.pdf,V3,New non-EU-27 observation added in V3,active,V3
MKD,North Macedonia,2023,2012,2040,,45.0,45.0,45.0,Percent,Final energy,All technologies,,https://www.ren21.net/wp-content/uploads/2019/05/GSR2024_GlobalOverview_Full_Report_with_endnotes_web.pdf,V3,New non-EU-27 observation added in V3,active,V3
NOR,Norway,2021,2021,2050,,91.0,91.0,91.0,Percent,Electricity ,All technologies ,,https://www.ren21.net/wp-content/uploads/2019/05/GSR2022_Full_Report.pdf,V3,New non-EU-27 observation added in V3,active,V3
NOR,Norway,2022,2021,2050,,78.0,78.0,78.0,Percent,Electricity ,All technologies ,,https://www.ren21.net/wp-content/uploads/2019/05/GSR-2023_Energy-Supply-Module.pdf,V3,New non-EU-27 observation added in V3,active,V3
NOR,Norway,2011,2011,2020,,67.5,67.5,67.5,Percent,Final energy,All technologies,,https://www.ren21.net/wp-content/uploads/2019/05/GSR2012_Full-Report_English.pdf,V3,New non-EU-27 observation added in V3,active,V3
OMN,Oman,2019,2019,2020,,10.0,10.0,10.0,Percent,Electricity ,All technologies,,https://www.ren21.net/wp-content/uploads/2019/05/gsr_2020_full_report_en.pdf,V3,New non-EU-27 observation added in V3,active,V3
OMN,Oman,2020,2019,2030,,30.0,30.0,30.0,Percent,Electricity ,All technologies,,https://www.ren21.net/wp-content/uploads/2019/05/GSR2021_Full_Report.pdf,V3,New non-EU-27 observation added in V3,active,V3
OMN,Oman,2021,2021,2040,35.0,39.0,37.0,37.0,Percent,Final energy,All technologies,,https://unfccc.int/sites/default/files/NDC/2022-06/Second%20NDC%20Report%20Oman.pdf,V3,New non-EU-27 observation added in V3,active,V3
PAK,Pakistan,2005,2005,2030,,5.0,5.0,5.0,Percent,Electricity ,All technologies,,https://www.ren21.net/wp-content/uploads/2019/05/GSR2006_Full-Report_English.pdf,V3,New non-EU-27 observation added in V3,active,V3
PAK,Pakistan,2007,2005,2015,,10.0,10.0,10.0,Percent,Electricity ,All technologies,,https://www.ren21.net/Portals/0/documents/activities/gsr/RE2007_Global_Status_Report.pdf,V3,New non-EU-27 observation added in V3,active,V3
PAK,Pakistan,2009,2005,2012,,10.0,10.0,10.0,Percent,Electricity ,All technologies except hydro,,https://www.ren21.net/Portals/0/documents/activities/gsr/REN21_GSR_2010_full_revised%20Sept2010.pdf,V3,New non-EU-27 observation added in V3,active,V3
PAK,Pakistan,2021,2005,2025,,20.0,20.0,20.0,Percent,Electricity ,All technologies,,https://www.ren21.net/wp-content/uploads/2019/05/GSR2022_Full_Report.pdf,V3,New non-EU-27 observation added in V3,active,V3
PAK,Pakistan,2021,2005,2030,,30.0,30.0,30.0,Percent,Electricity ,All technologies except hydro,,https://www.ren21.net/wp-content/uploads/2019/05/GSR2022_Full_Report.pdf,V3,New non-EU-27 observation added in V3,active,V3
PAK,Pakistan,2021,2005,2030,,60.0,60.0,60.0,Percent,Electricity ,All technologies,,"https://www.giz.de/en/worldwide/143555.html#:~:text=Context,causing%20large%2Dscale%20power%20outages.",V3,New non-EU-27 observation added in V3,active,V3
PAK,Pakistan,2020,2020,2030,,5.0,5.0,5.0,Percent,Final energy,All technologies,,https://www.ren21.net/wp-content/uploads/2019/05/GSR2021_Full_Report.pdf,V3,New non-EU-27 observation added in V3,active,V3
PLW,Palau,2016,2016,2050,,100.0,100.0,100.0,Percent,Electricity ,All technologies,,https://www.ren21.net/wp-content/uploads/2019/05/GSR2017_Full-Report_English.pdf,V3,New non-EU-27 observation added in V3,active,V3
PLW,Palau,2020,2016,2020,,20.0,20.0,20.0,Percent,Electricity ,All technologies,,https://www.ren21.net/wp-content/uploads/2019/05/GSR2021_Full_Report.pdf,V3,New non-EU-27 observation added in V3,active,V3
PLW,Palau,2020,2016,2025,,45.0,45.0,45.0,Percent,Electricity ,All technologies,,https://www.ren21.net/wp-content/uploads/2019/05/GSR2021_Full_Report.pdf,V3,New non-EU-27 observation added in V3,active,V3
PAN,Panama,2023,2023,2030,,15.0,15.0,15.0,Percent,Electricity ,All technologies,,https://www.iea.org/countries/panama,V3,New non-EU-27 observation added in V3,active,V3
PAN,Panama,2023,2023,2050,,50.0,50.0,50.0,Percent,Electricity ,All technologies,,https://www.iea.org/countries/panama,V3,New non-EU-27 observation added in V3,active,V3
PAN,Panama,2023,2023,2050,,50.0,50.0,50.0,Percent,Final energy,All technologies,,https://www.ren21.net/wp-content/uploads/2019/05/GSR2024_GlobalOverview_Full_Report_with_endnotes_web.pdf,V3,New non-EU-27 observation added in V3,active,V3
PNG,Papua New Guinea,2015,2015,2030,,100.0,100.0,100.0,Percent,Electricity ,All technologies,,https://www.ren21.net/wp-content/uploads/2019/05/REN21_GSR2016_FullReport_en_11.pdf,V3,New non-EU-27 observation added in V3,active,V3
PNG,Papua New Guinea,2020,2020,2050,,100.0,100.0,100.0,Percent,Final energy,All technologies,,https://www.ren21.net/wp-content/uploads/2019/05/GSR2021_Full_Report.pdf,V3,New non-EU-27 observation added in V3,active,V3
PRY,Paraguay,2015,2015,2030,,60.0,60.0,159.98000000000002,Percent additional,Electricity ,All technologies,"Base year 2014, current RE in 2014 99.98%",https://www.ren21.net/wp-content/uploads/2019/05/REN21_GSR2016_FullReport_en_11.pdf,V3,New non-EU-27 observation added in V3,active,V3
PER,Peru,2009,2009,2013,,5.0,5.0,5.0,Percent,Electricity ,All technologies,,https://www.ren21.net/Portals/0/documents/activities/gsr/REN21_GSR_2010_full_revised%20Sept2010.pdf,V3,New non-EU-27 observation added in V3,active,V3
PER,Peru,2014,2009,2025,,60.0,60.0,60.0,Percent,Electricity ,All technologies,,https://www.ren21.net/wp-content/uploads/2019/05/GSR2015_Full-Report_English.pdf,V3,New non-EU-27 observation added in V3,active,V3
PER,Peru,2018,2009,2030,,15.0,15.0,15.0,Percent,Electricity ,All technologies,,https://www.ren21.net/wp-content/uploads/2019/05/gsr_2019_full_report_en.pdf,V3,New non-EU-27 observation added in V3,active,V3
PER,Peru,2019,2009,2030,,70.0,70.0,70.0,Percent,Electricity ,All technologies,,https://www.ren21.net/wp-content/uploads/2019/05/gsr_2020_full_report_en.pdf,V3,New non-EU-27 observation added in V3,active,V3
PER,Peru,2018,2018,2030,,15.0,15.0,15.0,Percent,Final energy,All technologies,,https://www.ren21.net/wp-content/uploads/2019/05/gsr_2019_full_report_en.pdf,V3,New non-EU-27 observation added in V3,active,V3
PHL,Philippines,2009,2009,2013,,4.7,4.7,4.7,Percent,Electricity ,All technologies,,https://www.ren21.net/Portals/0/documents/activities/gsr/REN21_GSR_2010_full_revised%20Sept2010.pdf,V3,New non-EU-27 observation added in V3,active,V3
PHL,Philippines,2010,2009,2020,,40.0,40.0,40.0,Percent,Electricity ,All technologies,,https://www.ren21.net/wp-content/uploads/2019/05/GSR2011_Full-Report_English.pdf,V3,New non-EU-27 observation added in V3,active,V3
PHL,Philippines,2016,2009,2050,,100.0,100.0,100.0,Percent,Electricity ,All technologies,,https://www.ren21.net/wp-content/uploads/2019/05/GSR2017_Full-Report_English.pdf,V3,New non-EU-27 observation added in V3,active,V3
PHL,Philippines,2021,2009,2030,,37.3,37.3,37.3,Percent,Electricity ,All technologies,,https://www.ren21.net/wp-content/uploads/2019/05/GSR2022_Full_Report.pdf,V3,New non-EU-27 observation added in V3,active,V3
PHL,Philippines,2021,2009,2040,,55.8,55.8,55.8,Percent,Electricity ,All technologies,,https://www.ren21.net/wp-content/uploads/2019/05/GSR2022_Full_Report.pdf,V3,New non-EU-27 observation added in V3,active,V3
PHL,Philippines,2022,2009,2030,,15.0,15.0,15.0,Percent,Electricity ,All technologies,,https://www.ren21.net/wp-content/uploads/2019/05/GSR-2023_Energy-Supply-Module.pdf,V3,New non-EU-27 observation added in V3,active,V3
PHL,Philippines,2022,2009,2030,,35.0,35.0,35.0,Percent,Electricity ,All technologies,,https://www.ren21.net/wp-content/uploads/2019/05/GSR-2023_Energy-Supply-Module.pdf,V3,New non-EU-27 observation added in V3,active,V3
PHL,Philippines,2022,2009,2040,,50.0,50.0,50.0,Percent,Electricity ,All technologies,,https://www.ren21.net/wp-content/uploads/2019/05/GSR-2023_Energy-Supply-Module.pdf,V3,New non-EU-27 observation added in V3,active,V3
PHL,Philippines,2020,2020,2050,,100.0,100.0,100.0,Percent,Final energy,All technologies,,https://www.ren21.net/wp-content/uploads/2019/05/GSR2021_Full_Report.pdf,V3,New non-EU-27 observation added in V3,active,V3
POL,Poland,2004,2004,2010,,7.5,7.5,7.5,Percent,Electricity ,All technologies ,,https://www.ren21.net/wp-content/uploads/2019/05/GSR2005_Full-Report_English.pdf,V1,,active,V1
POL,Poland,2013,2004,2020,,19.3,19.3,19.3,Percent,Electricity ,All technologies ,,https://www.ren21.net/wp-content/uploads/2019/05/GSR2014_Full-Report_English.pdf,V1,,active,V1
POL,Poland,2019,2004,2030,,32.0,32.0,32.0,Percent,Electricity ,All technologies ,,https://ember-energy.org/data/live-eu-necp-tracker/#data-tool,V1,,active,V1
POL,Poland,2023,2004,2030,,51.0,51.0,51.0,Percent,Electricity ,All technologies ,,https://ember-energy.org/data/live-eu-necp-tracker/#data-tool,V1,,active,V1
POL,Poland,2006,2006,2020,,15.0,15.0,15.0,Percent,Final energy,All technologies,,https://www.ren21.net/wp-content/uploads/2019/05/GSR2007_Full-Report_English.pdf,V1,,active,V1
POL,Poland,2014,2006,2020,,15.5,15.5,15.5,Percent,Final energy,All technologies,,https://www.ren21.net/wp-content/uploads/2019/05/GSR2015_Full-Report_English.pdf,V1,,active,V1
POL,Poland,2020,2006,2030,,21.0,21.0,21.0,Percent,Final energy,All technologies,,https://www.ren21.net/wp-content/uploads/2019/05/GSR2021_Full_Report.pdf,V1,,active,V1
POL,Poland,2023,2006,2030,,22.0,22.0,22.0,Percent,Final energy,All technologies,,https://www.ren21.net/wp-content/uploads/2019/05/GSR2024_GlobalOverview_Full_Report_with_endnotes_web.pdf,V1,,active,V1
PRT,Portugal,2001,2001,2010,,39.0,39.0,39.0,Percent,Electricity ,All technologies ,,https://eur-lex.europa.eu/legal-content/EN/TXT/PDF/?uri=CELEX:32001L0077&from=EN,V1,,active,V1
PRT,Portugal,2004,2001,2010,,45.6,45.6,45.6,Percent,Electricity ,All technologies ,,https://www.ren21.net/wp-content/uploads/2019/05/GSR2005_Full-Report_English.pdf,V1,,active,V1
PRT,Portugal,2012,2001,2020,,59.0,59.0,59.0,Percent,Electricity ,All technologies ,,https://www.ren21.net/wp-content/uploads/2019/05/GSR2013_Full-Report_English.pdf,V1,,active,V1
PRT,Portugal,2013,2001,2020,,45.0,45.0,45.0,Percent,Electricity ,All technologies ,,https://www.ren21.net/wp-content/uploads/2019/05/GSR2014_Full-Report_English.pdf,V1,,active,V1
PRT,Portugal,2016,2001,2020,,60.0,60.0,60.0,Percent,Electricity ,All technologies ,,https://www.ren21.net/wp-content/uploads/2019/05/GSR2017_Full-Report_English.pdf,V1,,active,V1
PRT,Portugal,2019,2001,2030,,88.0,88.0,88.0,Percent,Electricity ,All technologies ,,https://ember-energy.org/data/live-eu-necp-tracker/#data-tool,V1,,active,V1
PRT,Portugal,2023,2001,2030,,96.0,96.0,96.0,Percent,Electricity ,All technologies ,,https://ember-energy.org/data/live-eu-necp-tracker/#data-tool,V1,,active,V1
PRT,Portugal,2009,2009,2020,,31.0,31.0,31.0,Percent,Final energy,All technologies,,https://www.ren21.net/wp-content/uploads/2019/05/GSR2010_Full-Report_English.pdf,V1,,active,V1
PRT,Portugal,2015,2009,2030,,40.0,40.0,40.0,Percent,Final energy,All technologies,,https://www.ren21.net/wp-content/uploads/2019/05/REN21_GSR2016_FullReport_en_11.pdf,V1,,active,V1
PRT,Portugal,2018,2009,2030,,47.0,47.0,47.0,Percent,Final energy,All technologies,,https://www.ren21.net/wp-content/uploads/2019/05/gsr_2019_full_report_en.pdf,V1,,active,V1
PRT,Portugal,2023,2009,2030,,49.0,49.0,49.0,Percent,Final energy,All technologies,,https://www.ren21.net/wp-content/uploads/2019/05/GSR2024_GlobalOverview_Full_Report_with_endnotes_web.pdf,V1,,active,V1
QAT,Qatar,2012,2012,2030,,20.0,20.0,20.0,Percent,Electricity ,All technologies,,https://www.ren21.net/wp-content/uploads/2019/05/GSR2013_Full-Report_English.pdf,V3,New non-EU-27 observation added in V3,active,V3
QAT,Qatar,2013,2012,2020,,2.0,2.0,2.0,Percent,Electricity ,All technologies,,https://www.ren21.net/wp-content/uploads/2019/05/GSR2014_Full-Report_English.pdf,V3,New non-EU-27 observation added in V3,active,V3
QAT,Qatar,2020,2012,2020,,6.0,6.0,6.0,Percent,Electricity ,All technologies,,https://www.ren21.net/wp-content/uploads/2019/05/GSR2021_Full_Report.pdf,V3,New non-EU-27 observation added in V3,active,V3
ROU,Romania,2010,2010,2015,,35.0,35.0,35.0,Percent,Electricity ,All technologies,,https://www.ren21.net/wp-content/uploads/2019/05/GSR2011_Full-Report_English.pdf,V1,,active,V1
ROU,Romania,2010,2010,2020,,38.0,38.0,38.0,Percent,Electricity ,All technologies,,https://www.ren21.net/wp-content/uploads/2019/05/GSR2011_Full-Report_English.pdf,V1,,active,V1
ROU,Romania,2011,2010,2020,,43.0,43.0,43.0,Percent,Electricity ,All technologies,,https://www.ren21.net/Portals/0/documents/activities/gsr/GSR2012.pdf,V1,,active,V1
ROU,Romania,2019,2010,2030,,70.0,70.0,70.0,Percent,Electricity ,All technologies ,,https://ember-energy.org/data/live-eu-necp-tracker/#data-tool,V1,,active,V1
ROU,Romania,2023,2010,2030,,81.0,81.0,81.0,Percent,Electricity ,All technologies ,,https://ember-energy.org/data/live-eu-necp-tracker/#data-tool,V1,,active,V1
ROU,Romania,2009,2009,2020,,24.0,24.0,24.0,Percent,Final energy,All technologies,,https://www.ren21.net/wp-content/uploads/2019/05/GSR2010_Full-Report_English.pdf,V1,,active,V1
ROU,Romania,2020,2009,2030,,30.7,30.7,30.7,Percent,Final energy,All technologies,,https://www.ren21.net/wp-content/uploads/2019/05/GSR2021_Full_Report.pdf,V1,,active,V1
ROU,Romania,2023,2009,2030,,34.0,34.0,34.0,Percent,Final energy,All technologies,,https://www.ren21.net/wp-content/uploads/2019/05/GSR2024_GlobalOverview_Full_Report_with_endnotes_web.pdf,V1,,active,V1
RUS,Russian Federation,2006,2006,2010,,1.5,1.5,1.5,Percent,Electricity ,All technologies except large hydro,,https://www.ren21.net/wp-content/uploads/2019/05/GSR2007_Full-Report_English.pdf,V3,New non-EU-27 observation added in V3,active,V3
RUS,Russian Federation,2006,2006,2020,,4.5,4.5,4.5,Percent,Electricity ,All technologies except large hydro,,https://www.ren21.net/wp-content/uploads/2019/05/GSR2011_Full-Report_English.pdf,V3,New non-EU-27 observation added in V3,active,V3
RUS,Russian Federation,2010,2006,2020,,2.5,2.5,2.5,Percent,Electricity ,All technologies except large hydro,,https://www.ren21.net/wp-content/uploads/2019/05/GSR2011_Full-Report_English.pdf,V3,New non-EU-27 observation added in V3,active,V3
RUS,Russian Federation,2019,2006,2024,,19.81,19.81,19.81,Percent,Electricity ,All technologies except large hydro,,https://www.ren21.net/wp-content/uploads/2019/05/gsr_2020_full_report_en.pdf,V3,New non-EU-27 observation added in V3,active,V3
RWA,Rwanda,2010,2010,2012,,90.0,90.0,90.0,Percent,Electricity ,All technologies,,https://www.ren21.net/wp-content/uploads/2019/05/GSR2011_Full-Report_English.pdf,V3,New non-EU-27 observation added in V3,active,V3
RWA,Rwanda,2016,2010,2050,,100.0,100.0,100.0,Percent,Electricity ,All technologies,,https://www.ren21.net/wp-content/uploads/2019/05/GSR2017_Full-Report_English.pdf,V3,New non-EU-27 observation added in V3,active,V3
RWA,Rwanda,2021,2010,2024,,60.0,60.0,60.0,Percent,Electricity ,All technologies,,https://www.ren21.net/wp-content/uploads/2019/05/GSR2022_Full_Report.pdf,V3,New non-EU-27 observation added in V3,active,V3
RWA,Rwanda,2020,2020,2050,,100.0,100.0,100.0,Percent,Final energy,All technologies,,https://www.ren21.net/wp-content/uploads/2019/05/GSR2021_Full_Report.pdf,V3,New non-EU-27 observation added in V3,active,V3
KNA,Saint Kitts and Nevis,2012,2012,2015,,20.0,20.0,20.0,Percent,Electricity ,All technologies,,https://www.ren21.net/wp-content/uploads/2019/05/GSR2013_Full-Report_English.pdf,V3,New non-EU-27 observation added in V3,active,V3
LCA,Saint Lucia,2011,2011,2013,,5.0,5.0,5.0,Percent,Electricity ,All technologies,,https://www.ren21.net/Portals/0/documents/activities/gsr/GSR2012.pdf,V3,New non-EU-27 observation added in V3,active,V3
LCA,Saint Lucia,2011,2011,2015,,15.0,15.0,15.0,Percent,Electricity ,All technologies,,https://www.ren21.net/Portals/0/documents/activities/gsr/GSR2012.pdf,V3,New non-EU-27 observation added in V3,active,V3
LCA,Saint Lucia,2011,2011,2020,,30.0,30.0,30.0,Percent,Electricity ,All technologies,,https://www.ren21.net/Portals/0/documents/activities/gsr/GSR2012.pdf,V3,New non-EU-27 observation added in V3,active,V3
LCA,Saint Lucia,2015,2011,2020,,35.0,35.0,35.0,Percent,Electricity ,All technologies,,https://www.ren21.net/wp-content/uploads/2019/05/REN21_GSR2016_FullReport_en_11.pdf,V3,New non-EU-27 observation added in V3,active,V3
LCA,Saint Lucia,2016,2011,2050,,100.0,100.0,100.0,Percent,Electricity ,All technologies,,https://www.ren21.net/wp-content/uploads/2019/05/GSR2017_Full-Report_English.pdf,V3,New non-EU-27 observation added in V3,active,V3
LCA,Saint Lucia,2020,2011,2030,,50.0,50.0,50.0,Percent,Electricity ,All technologies,,https://www.ren21.net/wp-content/uploads/2019/05/GSR2021_Full_Report.pdf,V3,New non-EU-27 observation added in V3,active,V3
VCT,Saint Vincent and the Grenadines,2011,2011,2015,,30.0,30.0,30.0,Percent,Electricity ,All technologies,,https://www.ren21.net/Portals/0/documents/activities/gsr/GSR2012.pdf,V3,New non-EU-27 observation added in V3,active,V3
VCT,Saint Vincent and the Grenadines,2011,2011,2020,,60.0,60.0,60.0,Percent,Electricity ,All technologies,,https://www.ren21.net/Portals/0/documents/activities/gsr/GSR2012.pdf,V3,New non-EU-27 observation added in V3,active,V3
WSM,Samoa,2012,2012,2030,,20.0,20.0,56.36,Percent additional,Electricity ,All technologies,"Base year 2012, other RE in 2012 (hydro) 36.36%",https://www.ren21.net/wp-content/uploads/2019/05/GSR2013_Full-Report_English.pdf,V3,New non-EU-27 observation added in V3,active,V3
WSM,Samoa,2015,2012,2030,,100.0,100.0,100.0,Percent,Electricity ,All technologies,,https://www.ren21.net/wp-content/uploads/2019/05/REN21_GSR2016_FullReport_en_11.pdf,V3,New non-EU-27 observation added in V3,active,V3
WSM,Samoa,2021,2012,2050,,100.0,100.0,100.0,Percent,Electricity ,All technologies,,https://www.ren21.net/wp-content/uploads/2019/05/GSR2022_Full_Report.pdf,V3,New non-EU-27 observation added in V3,active,V3
WSM,Samoa,2020,2020,2051,,100.0,100.0,100.0,Percent,Final energy,All technologies,,https://www.ren21.net/wp-content/uploads/2019/05/GSR2021_Full_Report.pdf,V3,New non-EU-27 observation added in V3,active,V3
WSM,Samoa,2022,2020,2050,,100.0,100.0,100.0,Percent,Final energy,All technologies,,https://www.ren21.net/wp-content/uploads/2019/05/GSR2023_GlobalOverview_Full_Report_with_endnotes_web.pdf,V3,New non-EU-27 observation added in V3,active,V3
STP,Sao Tome And Principe,2020,2020,2030,,47.0,47.0,47.0,Percent,Electricity ,All technologies,,https://www.ren21.net/wp-content/uploads/2019/05/gsr_2020_full_report_en.pdf,V3,New non-EU-27 observation added in V3,active,V3
STP,Sao Tome And Principe,2023,2023,2030,,50.0,50.0,50.0,Percent,Final energy,All technologies,,https://www.ren21.net/wp-content/uploads/2019/05/GSR2024_GlobalOverview_Full_Report_with_endnotes_web.pdf,V3,New non-EU-27 observation added in V3,active,V3
SAU,Saudi Arabia,2021,2021,2030,,50.0,50.0,50.0,Percent,Electricity ,All technologies,,https://unfccc.int/sites/default/files/resource/202203111154---KSA%20NDC%202021.pdf,V3,New non-EU-27 observation added in V3,active,V3
SEN,Senegal,2011,2011,2020,,15.0,15.0,15.0,Percent,Electricity ,All technologies,,https://www.ren21.net/Portals/0/documents/activities/gsr/GSR2012.pdf,V3,New non-EU-27 observation added in V3,active,V3
SEN,Senegal,2014,2011,2017,,20.0,20.0,20.0,Percent,Electricity ,All technologies,,https://www.ren21.net/wp-content/uploads/2019/05/GSR2015_Full-Report_English.pdf,V3,New non-EU-27 observation added in V3,active,V3
SEN,Senegal,2016,2011,2050,,100.0,100.0,100.0,Percent,Electricity ,All technologies,,https://www.ren21.net/wp-content/uploads/2019/05/GSR2017_Full-Report_English.pdf,V3,New non-EU-27 observation added in V3,active,V3
SEN,Senegal,2022,2011,2025,,30.0,30.0,30.0,Percent,Electricity ,All technologies,,https://www.ren21.net/wp-content/uploads/2019/05/GSR-2023_Energy-Supply-Module.pdf,V3,New non-EU-27 observation added in V3,active,V3
SEN,Senegal,2023,2023,2030,,40.0,40.0,40.0,Percent,Final energy,All technologies,,https://www.ren21.net/wp-content/uploads/2019/05/GSR2024_GlobalOverview_Full_Report_with_endnotes_web.pdf,V3,New non-EU-27 observation added in V3,active,V3
SRB,Serbia,2011,2011,2020,,15.0,15.0,15.0,Percent,Electricity ,All technologies,,https://www.ren21.net/wp-content/uploads/2019/05/GSR2012_Full-Report_English.pdf,V3,New non-EU-27 observation added in V3,active,V3
SRB,Serbia,2013,2011,2021,,15.0,15.0,15.0,Percent,Electricity ,All technologies,,https://www.ren21.net/wp-content/uploads/2019/05/GSR2014_Full-Report_English.pdf,V3,New non-EU-27 observation added in V3,active,V3
SRB,Serbia,2014,2011,2017,,20.0,20.0,20.0,Percent,Electricity ,All technologies,,https://www.ren21.net/wp-content/uploads/2019/05/GSR2015_Full-Report_English.pdf,V3,New non-EU-27 observation added in V3,active,V3
SRB,Serbia,2016,2011,2020,,37.0,37.0,37.0,Percent,Electricity ,All technologies,,https://www.ren21.net/wp-content/uploads/2019/05/GSR2017_Full-Report_English.pdf,V3,New non-EU-27 observation added in V3,active,V3
SRB,Serbia,2021,2011,2040,,40.0,40.0,40.0,Percent,Electricity ,All technologies,,https://www.ren21.net/wp-content/uploads/2019/05/GSR2022_Full_Report.pdf,V3,New non-EU-27 observation added in V3,active,V3
SRB,Serbia,2021,2011,2050,,50.0,50.0,50.0,Percent,Electricity ,All technologies,,https://www.ren21.net/wp-content/uploads/2019/05/GSR2022_Full_Report.pdf,V3,New non-EU-27 observation added in V3,active,V3
SRB,Serbia,2011,2011,NA,,32.5,32.5,32.5,Percent,Final energy,All technologies,,https://www.ren21.net/wp-content/uploads/2019/05/GSR2012_Full-Report_English.pdf,V3,New non-EU-27 observation added in V3,active,V3
SRB,Serbia,2012,2011,2020,,27.0,27.0,27.0,Percent,Final energy,All technologies,,https://www.ren21.net/wp-content/uploads/2019/05/GSR2013_Full-Report_English.pdf,V3,New non-EU-27 observation added in V3,active,V3
SYC,Seychelles,2011,2011,2020,,5.0,5.0,5.0,Percent,Electricity ,All technologies,,https://www.ren21.net/Portals/0/documents/activities/gsr/GSR2012.pdf,V3,New non-EU-27 observation added in V3,active,V3
SYC,Seychelles,2011,2011,2030,,15.0,15.0,15.0,Percent,Electricity ,All technologies,,https://www.ren21.net/Portals/0/documents/activities/gsr/GSR2012.pdf,V3,New non-EU-27 observation added in V3,active,V3
SYC,Seychelles,2020,2020,2030,,15.0,15.0,15.0,Percent,Final energy,All technologies,,https://www.ren21.net/wp-content/uploads/2019/05/GSR2021_Full_Report.pdf,V3,New non-EU-27 observation added in V3,active,V3
SLE,Sierra Leone,2015,2015,2015,,18.0,18.0,18.0,Percent,Electricity ,All technologies,,https://www.ren21.net/wp-content/uploads/2019/05/REN21_GSR2016_FullReport_en_11.pdf,V3,New non-EU-27 observation added in V3,active,V3
SLE,Sierra Leone,2015,2015,2020,,33.0,33.0,33.0,Percent,Electricity ,All technologies,,https://www.ren21.net/wp-content/uploads/2019/05/REN21_GSR2016_FullReport_en_11.pdf,V3,New non-EU-27 observation added in V3,active,V3
SLE,Sierra Leone,2015,2015,2030,,36.0,36.0,36.0,Percent,Electricity ,All technologies,,https://www.ren21.net/wp-content/uploads/2019/05/REN21_GSR2016_FullReport_en_11.pdf,V3,New non-EU-27 observation added in V3,active,V3
SLE,Sierra Leone,2020,2015,2020,,52.0,52.0,52.0,Percent,Electricity ,All technologies,,https://www.ren21.net/wp-content/uploads/2019/05/GSR2021_Full_Report.pdf,V3,New non-EU-27 observation added in V3,active,V3
SLE,Sierra Leone,2023,2023,2030,,65.0,65.0,65.0,Percent,Final energy,All technologies,,https://www.ren21.net/wp-content/uploads/2019/05/GSR2024_GlobalOverview_Full_Report_with_endnotes_web.pdf,V3,New non-EU-27 observation added in V3,active,V3
SGP,Singapore,2015,2015,NA,,8.0,8.0,8.0,Percent,Electricity ,All technologies,,https://www.ren21.net/wp-content/uploads/2019/05/REN21_GSR2016_FullReport_en_11.pdf,V3,New non-EU-27 observation added in V3,active,V3
SGP,Singapore,2021,2015,2035,,30.0,30.0,30.0,Percent,Electricity ,All technologies,,https://www.ren21.net/wp-content/uploads/2019/05/GSR2022_Full_Report.pdf,V3,New non-EU-27 observation added in V3,active,V3
SVK,Slovakia,2004,2004,2010,,31.0,31.0,31.0,Percent,Electricity ,All technologies ,,https://www.ren21.net/wp-content/uploads/2019/05/GSR2005_Full-Report_English.pdf,V1,,active,V1
SVK,Slovakia,2013,2004,2020,,24.0,24.0,24.0,Percent,Electricity ,All technologies ,,https://www.ren21.net/wp-content/uploads/2019/05/GSR2014_Full-Report_English.pdf,V1,,active,V1
SVK,Slovakia,2019,2004,2030,,90.0,90.0,90.0,Percent,Electricity ,All technologies ,,https://ember-energy.org/data/live-eu-necp-tracker/#data-tool,V1,,active,V1
SVK,Slovakia,2009,2009,2020,,14.0,14.0,14.0,Percent,Final energy,All technologies,,https://www.ren21.net/wp-content/uploads/2019/05/GSR2010_Full-Report_English.pdf,V1,,active,V1
SVK,Slovakia,2017,2009,2020,,13.0,13.0,13.0,Percent,Final energy,All technologies,,https://www.ren21.net/wp-content/uploads/2019/08/Full-Report-2018.pdf,V1,,active,V1
SVK,Slovakia,2020,2009,2030,,19.2,19.2,19.2,Percent,Final energy,All technologies,,https://www.ren21.net/wp-content/uploads/2019/05/GSR2021_Full_Report.pdf,V1,,active,V1
SVN,Slovenia,2004,2004,2010,,33.6,33.6,33.6,Percent,Electricity ,All technologies ,,https://www.ren21.net/wp-content/uploads/2019/05/GSR2005_Full-Report_English.pdf,V1,,active,V1
SVN,Slovenia,2013,2004,2020,,39.3,39.3,39.3,Percent,Electricity ,All technologies ,,https://www.ren21.net/wp-content/uploads/2019/05/GSR2014_Full-Report_English.pdf,V1,,active,V1
SVN,Slovenia,2019,2004,2030,,76.0,76.0,76.0,Percent,Electricity ,All technologies ,,https://ember-energy.org/data/live-eu-necp-tracker/#data-tool,V1,,active,V1
SVN,Slovenia,2023,2004,2030,,77.0,77.0,77.0,Percent,Electricity ,All technologies ,,https://ember-energy.org/data/live-eu-necp-tracker/#data-tool,V1,,active,V1
SVN,Slovenia,2009,2009,2020,,25.0,25.0,25.0,Percent,Final energy,All technologies,,https://www.ren21.net/wp-content/uploads/2019/05/GSR2010_Full-Report_English.pdf,V1,,active,V1
SVN,Slovenia,2020,2009,2030,,27.0,27.0,27.0,Percent,Final energy,All technologies,,https://www.ren21.net/wp-content/uploads/2019/05/GSR2021_Full_Report.pdf,V1,,active,V1
SLB,Solomon Islands,2011,2011,2015,,50.0,50.0,50.0,Percent,Electricity ,All technologies,,https://www.ren21.net/Portals/0/documents/activities/gsr/GSR2012.pdf,V3,New non-EU-27 observation added in V3,active,V3
SLB,Solomon Islands,2016,2011,2030,,100.0,100.0,100.0,Percent,Electricity ,All technologies,,https://www.ren21.net/wp-content/uploads/2019/05/GSR2017_Full-Report_English.pdf,V3,New non-EU-27 observation added in V3,active,V3
SLB,Solomon Islands,2020,2011,2020,,50.0,50.0,50.0,Percent,Electricity ,All technologies,,https://www.ren21.net/wp-content/uploads/2019/05/GSR2021_Full_Report.pdf,V3,New non-EU-27 observation added in V3,active,V3
SLB,Solomon Islands,2021,2011,2050,,100.0,100.0,100.0,Percent,Electricity ,All technologies,,https://www.ren21.net/wp-content/uploads/2019/05/GSR2022_Full_Report.pdf,V3,New non-EU-27 observation added in V3,active,V3
SLB,Solomon Islands,2020,2020,2030,,100.0,100.0,100.0,Percent,Final energy,All technologies,,https://www.ren21.net/wp-content/uploads/2019/05/GSR2021_Full_Report.pdf,V3,New non-EU-27 observation added in V3,active,V3
ZAF,South Africa,2005,2005,2013,,4.0,4.0,4.0,Percent,Electricity ,All technologies ,,https://www.ren21.net/Portals/0/documents/activities/gsr/REN21_GSR_2010_full_revised%20Sept2010.pdf,V3,New non-EU-27 observation added in V3,active,V3
ZAF,South Africa,2008,2005,2020,,13.0,13.0,13.0,Percent,Electricity ,All technologies ,,https://www.ren21.net/Portals/0/documents/activities/gsr/REN21_GSR_2010_full_revised%20Sept2010.pdf,V3,New non-EU-27 observation added in V3,active,V3
ZAF,South Africa,2010,2005,2050,,14.0,14.0,14.0,Percent,Electricity ,All technologies ,,https://www.ren21.net/wp-content/uploads/2019/05/GSR2011_Full-Report_English.pdf,V3,New non-EU-27 observation added in V3,active,V3
ZAF,South Africa,2013,2005,2030,,9.0,9.0,9.0,Percent,Electricity ,All technologies ,,https://www.ren21.net/wp-content/uploads/2019/05/GSR2014_Full-Report_English.pdf,V3,New non-EU-27 observation added in V3,active,V3
ZAF,South Africa,2020,2005,2030,,8.0,8.0,8.0,Percent,Electricity ,All technologies ,,https://www.ren21.net/wp-content/uploads/2019/05/GSR2021_Full_Report.pdf,V3,New non-EU-27 observation added in V3,active,V3
ZAF,South Africa,2023,2023,2030,,41.0,41.0,41.0,Percent,Final energy,All technologies,,https://www.ren21.net/wp-content/uploads/2019/05/GSR2024_GlobalOverview_Full_Report_with_endnotes_web.pdf,V3,New non-EU-27 observation added in V3,active,V3
SSD,South Sudan,2016,2016,2050,,100.0,100.0,100.0,Percent,Electricity ,All technologies,,https://www.ren21.net/wp-content/uploads/2019/05/GSR2017_Full-Report_English.pdf,V3,New non-EU-27 observation added in V3,active,V3
SSD,South Sudan,2020,2020,2050,,100.0,100.0,100.0,Percent,Final energy,All technologies,,https://www.ren21.net/wp-content/uploads/2019/05/GSR2021_Full_Report.pdf,V3,New non-EU-27 observation added in V3,active,V3
ESP,Spain,2001,2001,2010,,29.4,29.4,29.4,Percent,Electricity ,All technologies ,,https://eur-lex.europa.eu/legal-content/EN/TXT/PDF/?uri=CELEX:32001L0077&from=EN,V1,,active,V1
ESP,Spain,2011,2001,2020,,38.1,38.1,38.1,Percent,Electricity ,All technologies ,,https://www.ren21.net/Portals/0/documents/activities/gsr/GSR2012.pdf,V1,,active,V1
ESP,Spain,2019,2001,2030,,83.0,83.0,83.0,Percent,Electricity ,All technologies ,,https://ember-energy.org/data/live-eu-necp-tracker/#data-tool,V1,,active,V1
ESP,Spain,2023,2001,2030,,90.0,90.0,90.0,Percent,Electricity ,All technologies ,,https://ember-energy.org/data/live-eu-necp-tracker/#data-tool,V1,,active,V1
ESP,Spain,2006,2006,2020,,20.0,20.0,20.0,Percent,Final energy,All technologies,,https://www.ren21.net/wp-content/uploads/2019/05/GSR2007_Full-Report_English.pdf,V1,,active,V1
ESP,Spain,2011,2006,2020,,20.8,20.8,20.8,Percent,Final energy,All technologies,,https://www.ren21.net/wp-content/uploads/2019/05/GSR2012_Full-Report_English.pdf,V1,,active,V1
ESP,Spain,2019,2006,2030,,42.0,42.0,42.0,Percent,Final energy,All technologies,,https://www.ren21.net/wp-content/uploads/2019/05/gsr_2020_full_report_en.pdf,V1,,active,V1
LKA,Sri Lanka,2009,2009,2017,,10.0,10.0,10.0,Percent,Electricity ,All technologies except hydro,,https://www.ren21.net/Portals/0/documents/activities/gsr/REN21_GSR_2010_full_revised%20Sept2010.pdf,V3,New non-EU-27 observation added in V3,active,V3
LKA,Sri Lanka,2010,2009,2022,,14.0,14.0,14.0,Percent,Electricity ,All technologies except hydro,,https://www.ren21.net/wp-content/uploads/2019/05/GSR2011_Full-Report_English.pdf,V3,New non-EU-27 observation added in V3,active,V3
LKA,Sri Lanka,2011,2009,2015,,10.0,10.0,10.0,Percent,Electricity ,All technologies except hydro,,https://www.ren21.net/Portals/0/documents/activities/gsr/GSR2012.pdf,V3,New non-EU-27 observation added in V3,active,V3
LKA,Sri Lanka,2012,2009,2020,,20.0,20.0,20.0,Percent,Electricity ,All technologies except hydro,,https://www.ren21.net/wp-content/uploads/2019/05/GSR2013_Full-Report_English.pdf,V3,New non-EU-27 observation added in V3,active,V3
LKA,Sri Lanka,2015,2009,2016,,10.0,10.0,10.0,Percent,Electricity ,All technologies,,https://www.ren21.net/wp-content/uploads/2019/05/REN21_GSR2016_FullReport_en_11.pdf,V3,New non-EU-27 observation added in V3,active,V3
LKA,Sri Lanka,2015,2009,2020,,20.0,20.0,20.0,Percent,Electricity ,All technologies,,https://www.ren21.net/wp-content/uploads/2019/05/REN21_GSR2016_FullReport_en_11.pdf,V3,New non-EU-27 observation added in V3,active,V3
LKA,Sri Lanka,2016,2009,2050,,100.0,100.0,100.0,Percent,Electricity ,All technologies,,https://www.ren21.net/wp-content/uploads/2019/05/GSR2017_Full-Report_English.pdf,V3,New non-EU-27 observation added in V3,active,V3
LKA,Sri Lanka,2020,2009,2030,,50.0,50.0,50.0,Percent,Electricity ,All technologies,,https://www.ren21.net/wp-content/uploads/2019/05/GSR2021_Full_Report.pdf,V3,New non-EU-27 observation added in V3,active,V3
LKA,Sri Lanka,2022,2009,2030,,70.0,70.0,70.0,Percent,Electricity ,All technologies,,https://www.ren21.net/wp-content/uploads/2019/05/GSR-2023_Energy-Supply-Module.pdf,V3,New non-EU-27 observation added in V3,active,V3
SDN,Sudan,2012,2012,2016,,10.0,10.0,10.0,Percent,Electricity ,All technologies,,https://www.ren21.net/wp-content/uploads/2019/05/GSR2013_Full-Report_English.pdf,V3,New non-EU-27 observation added in V3,active,V3
SDN,Sudan,2014,2012,2031,,11.0,11.0,11.0,Percent,Electricity ,All technologies,,https://www.ren21.net/wp-content/uploads/2019/05/GSR2015_Full-Report_English.pdf,V3,New non-EU-27 observation added in V3,active,V3
SDN,Sudan,2015,2012,2030,,20.0,20.0,20.0,Percent,Electricity ,All technologies,,https://www.ren21.net/wp-content/uploads/2019/05/REN21_GSR2016_FullReport_en_11.pdf,V3,New non-EU-27 observation added in V3,active,V3
SDN,Sudan,2016,2012,2050,,100.0,100.0,100.0,Percent,Electricity ,All technologies,,https://www.ren21.net/wp-content/uploads/2019/05/GSR2017_Full-Report_English.pdf,V3,New non-EU-27 observation added in V3,active,V3
SDN,Sudan,2022,2022,2050,,100.0,100.0,100.0,Percent,Final energy,All technologies,,https://www.ren21.net/wp-content/uploads/2019/05/GSR2023_GlobalOverview_Full_Report_with_endnotes_web.pdf,V3,New non-EU-27 observation added in V3,active,V3
SUR,Suriname,2020,2020,2025,,25.0,25.0,25.0,Percent,Electricity ,All technologies,,https://www.ren21.net/wp-content/uploads/2019/05/GSR2021_Full_Report.pdf,V3,New non-EU-27 observation added in V3,active,V3
SUR,Suriname,2020,2020,2030,,35.0,35.0,35.0,Percent,Electricity ,All technologies,,https://unfccc.int/sites/default/files/NDC/2022-06/Suriname%20Second%20NDC.pdf,V3,New non-EU-27 observation added in V3,active,V3
SUR,Suriname,2015,2015,2025,,25.0,25.0,25.0,Percent,Final energy,All technologies,,https://unfccc.int/sites/default/files/NDC/2022-06/Suriname%20Second%20NDC.pdf,V3,New non-EU-27 observation added in V3,active,V3
SWE,Sweden,2001,2001,2010,,60.0,60.0,60.0,Percent,Electricity ,All technologies ,,https://eur-lex.europa.eu/legal-content/EN/TXT/PDF/?uri=CELEX:32001L0077&from=EN,V1,,active,V1
SWE,Sweden,2013,2001,2020,,63.0,63.0,63.0,Percent,Electricity ,All technologies ,,https://www.ren21.net/wp-content/uploads/2019/05/GSR2014_Full-Report_English.pd,V1,,active,V1
SWE,Sweden,2018,2001,2040,,100.0,100.0,100.0,Percent,Electricity ,All technologies ,,https://www.ren21.net/wp-content/uploads/2019/05/gsr_2019_full_report_en.pdf,V1,,active,V1
SWE,Sweden,2019,2001,2030,,98.0,98.0,98.0,Percent,Electricity ,All technologies ,,https://ember-energy.org/data/live-eu-necp-tracker/#data-tool,V1,,active,V1
SWE,Sweden,2023,2001,2030,,100.0,100.0,100.0,Percent,Electricity ,All technologies ,,https://ember-energy.org/data/live-eu-necp-tracker/#data-tool,V1,,active,V1
SWE,Sweden,2006,2006,2020,,49.0,49.0,49.0,Percent,Final energy,All technologies,,https://www.ren21.net/wp-content/uploads/2019/05/GSR2007_Full-Report_English.pdf,V1,,active,V1
SWE,Sweden,2010,2006,2020,,50.0,50.0,50.0,Percent,Final energy,All technologies,,https://www.ren21.net/wp-content/uploads/2019/05/GSR2011_Full-Report_English.pdf,V1,,active,V1
SWE,Sweden,2020,2006,2030,,65.0,65.0,65.0,Percent,Final energy,All technologies,,https://www.ren21.net/wp-content/uploads/2019/05/GSR2021_Full_Report.pdf,V1,,active,V1
CHE,Switzerland,2021,2021,2026,,100.0,100.0,100.0,Percent,Electricity ,All technologies ,,https://www.ren21.net/wp-content/uploads/2019/05/GSR2022_Full_Report.pdf,V3,New non-EU-27 observation added in V3,active,V3
SYR,Syrian Arab Republic ,2018,2018,2030,,10.0,10.0,10.0,Percent,Electricity ,All technologies,Conditional to international donors,https://unfccc.int/sites/default/files/NDC/2022-06/FirstNDC-Eng-Syrian%20Arab%20Republic.pdf,V3,New non-EU-27 observation added in V3,active,V3
TJK,Tajikistan,2016,2016,2030,,10.0,10.0,10.0,Percent,Electricity ,All technologies,,https://www.ren21.net/wp-content/uploads/2019/05/GSR2017_Full-Report_English.pdf; https://iea.blob.core.windows.net/assets/ab8f5f01-4b54-4636-b2e8-7818e2ed55a8/Tajikistan2022.pdf,V3,New non-EU-27 observation added in V3,active,V3
TJK,Tajikistan,2018,2018,2020,,50.0,50.0,50.0,Percent,Final energy,All technologies,,https://www.ren21.net/wp-content/uploads/2019/05/gsr_2019_full_report_en.pdf,V3,New non-EU-27 observation added in V3,active,V3
TZA,Tanzania (United Republic of),2014,2014,2015,,14.0,14.0,14.0,Percent,Electricity ,All technologies,,https://www.ren21.net/wp-content/uploads/2019/05/GSR2015_Full-Report_English.pdf,V3,New non-EU-27 observation added in V3,active,V3
TZA,Tanzania (United Republic of),2016,2014,2050,,100.0,100.0,100.0,Percent,Electricity ,All technologies,,https://www.ren21.net/wp-content/uploads/2019/05/GSR2017_Full-Report_English.pdf,V3,New non-EU-27 observation added in V3,active,V3
TZA,Tanzania (United Republic of),2020,2020,2050,,100.0,100.0,100.0,Percent,Final energy,All technologies,,https://www.ren21.net/wp-content/uploads/2019/05/GSR2021_Full_Report.pdf,V3,New non-EU-27 observation added in V3,active,V3
TZA,Tanzania (United Republic of),2023,2020,2030,,50.0,50.0,50.0,Percent,Final energy,All technologies,,https://www.ren21.net/wp-content/uploads/2019/05/GSR2024_GlobalOverview_Full_Report_with_endnotes_web.pdf,V3,New non-EU-27 observation added in V3,active,V3
THA,Thailand,2004,2004,2011,,4.0,4.0,4.0,Percent,Electricity ,All technologies except large hydro,,https://www.ren21.net/wp-content/uploads/2019/05/GSR2005_Full-Report_English.pdf,V3,New non-EU-27 observation added in V3,active,V3
THA,Thailand,2007,2004,2011,,11.0,11.0,11.0,Percent,Electricity ,All technologies,,https://www.ren21.net/Portals/0/documents/activities/gsr/RE2007_Global_Status_Report.pdf,V3,New non-EU-27 observation added in V3,active,V3
THA,Thailand,2009,2004,2022,,14.1,14.1,14.1,Percent,Electricity ,All technologies,,https://www.ren21.net/Portals/0/documents/activities/gsr/REN21_GSR_2010_full_revised%20Sept2010.pdf,V3,New non-EU-27 observation added in V3,active,V3
THA,Thailand,2013,2004,2021,,10.0,10.0,10.0,Percent,Electricity ,All technologies except large hydro,,https://www.ren21.net/wp-content/uploads/2019/05/GSR2014_Full-Report_English.pdf,V3,New non-EU-27 observation added in V3,active,V3
THA,Thailand,2015,2004,2036,,20.0,20.0,20.0,Percent,Electricity ,All technologies except large hydro,,https://www.ren21.net/wp-content/uploads/2019/05/REN21_GSR2016_FullReport_en_11.pdf,V3,New non-EU-27 observation added in V3,active,V3
THA,Thailand,2020,2004,2036,,30.0,30.0,30.0,Percent,Electricity ,All technologies,,https://www.ren21.net/wp-content/uploads/2019/05/GSR2021_Full_Report.pdf,V3,New non-EU-27 observation added in V3,active,V3
THA,Thailand,2022,2004,2050,,50.0,50.0,50.0,Percent,Electricity ,All technologies,,https://www.ren21.net/wp-content/uploads/2019/05/GSR-2023_Energy-Supply-Module.pdf,V3,New non-EU-27 observation added in V3,active,V3
THA,Thailand,2013,2013,2021,,25.0,25.0,25.0,Percent,Final energy,All technologies,,https://www.ren21.net/wp-content/uploads/2019/05/GSR2014_Full-Report_English.pdf,V3,New non-EU-27 observation added in V3,active,V3
THA,Thailand,2015,2013,2036,,30.0,30.0,30.0,Percent,Final energy,All technologies,,https://www.ren21.net/wp-content/uploads/2019/05/REN21_GSR2016_FullReport_en_11.pdf,V3,New non-EU-27 observation added in V3,active,V3
THA,Thailand,2018,2013,2035,,40.0,40.0,40.0,Percent,Final energy,All technologies,,https://www.ren21.net/wp-content/uploads/2019/05/gsr_2019_full_report_en.pdf,V3,New non-EU-27 observation added in V3,active,V3
THA,Thailand,2023,2013,2036,,37.0,37.0,37.0,Percent,Final energy,All technologies,,https://www.ren21.net/wp-content/uploads/2019/05/GSR2024_GlobalOverview_Full_Report_with_endnotes_web.pdf,V3,New non-EU-27 observation added in V3,active,V3
TLS,Timor-Leste,2012,2012,2020,,50.0,50.0,50.0,Percent,Electricity ,All technologies,,https://www.ren21.net/wp-content/uploads/2019/05/GSR2013_Full-Report_English.pdf,V3,New non-EU-27 observation added in V3,active,V3
TLS,Timor-Leste,2016,2012,2050,,100.0,100.0,100.0,Percent,Electricity ,All technologies,,https://www.ren21.net/wp-content/uploads/2019/05/GSR2017_Full-Report_English.pdf,V3,New non-EU-27 observation added in V3,active,V3
TLS,Timor-Leste,2023,2023,2030,,50.0,50.0,50.0,Percent,Final energy,All technologies,,https://www.ren21.net/wp-content/uploads/2019/05/GSR2024_GlobalOverview_Full_Report_with_endnotes_web.pdf,V3,New non-EU-27 observation added in V3,active,V3
TGO,Togo,2014,2014,2020,,15.0,15.0,15.0,Percent,Electricity ,All technologies,,https://www.ren21.net/wp-content/uploads/2019/05/GSR2015_Full-Report_English.pdf,V3,New non-EU-27 observation added in V3,active,V3
TGO,Togo,2015,2015,2030,,4.0,4.0,4.0,Percent,Final energy,All technologies,,https://www.ren21.net/wp-content/uploads/2019/05/REN21_GSR2016_FullReport_en_11.pdf,V3,New non-EU-27 observation added in V3,active,V3
TGO,Togo,2023,2015,2030,,20.0,20.0,20.0,Percent,Final energy,All technologies,,https://www.ren21.net/wp-content/uploads/2019/05/GSR2024_GlobalOverview_Full_Report_with_endnotes_web.pdf,V3,New non-EU-27 observation added in V3,active,V3
TON,Tonga,2009,2009,2012,,50.0,50.0,50.0,Percent,Electricity ,All technologies,,https://www.ren21.net/Portals/0/documents/activities/gsr/REN21_GSR_2010_full_revised%20Sept2010.pdf,V3,New non-EU-27 observation added in V3,active,V3
TON,Tonga,2012,2009,2015,,50.0,50.0,50.0,Percent,Electricity ,All technologies,,https://www.ren21.net/wp-content/uploads/2019/05/GSR2013_Full-Report_English.pdf,V3,New non-EU-27 observation added in V3,active,V3
TON,Tonga,2021,2009,2030,,70.0,70.0,70.0,Percent,Electricity ,All technologies,,https://www.ren21.net/wp-content/uploads/2019/05/GSR2022_Full_Report.pdf,V3,New non-EU-27 observation added in V3,active,V3
TON,Tonga,2009,2009,2013,,100.0,100.0,100.0,Percent,Final energy,All technologies,,https://www.ren21.net/wp-content/uploads/2019/05/GSR2010_Full-Report_English.pdf,V3,New non-EU-27 observation added in V3,active,V3
TTO,Trinidad and Tobago,2020,2020,2021,,10.0,10.0,10.0,Percent,Electricity ,All technologies,,https://www.ren21.net/wp-content/uploads/2019/05/GSR2021_Full_Report.pdf,V3,New non-EU-27 observation added in V3,active,V3
TTO,Trinidad and Tobago,2023,2023,2027,,47.0,47.0,47.0,Percent,Final energy,All technologies,,https://www.ren21.net/wp-content/uploads/2019/05/GSR2024_GlobalOverview_Full_Report_with_endnotes_web.pdf,V3,New non-EU-27 observation added in V3,active,V3
TUN,Tunisia,2010,2010,2016,,11.0,11.0,11.0,Percent,Electricity ,All technologies,,https://www.ren21.net/wp-content/uploads/2019/05/GSR2011_Full-Report_English.pdf,V3,New non-EU-27 observation added in V3,active,V3
TUN,Tunisia,2010,2010,2030,,25.0,25.0,25.0,Percent,Electricity ,All technologies,,https://www.ren21.net/wp-content/uploads/2019/05/GSR2011_Full-Report_English.pdf,V3,New non-EU-27 observation added in V3,active,V3
TUN,Tunisia,2011,2010,2011,,4.0,4.0,4.0,Percent,Electricity ,All technologies,,https://www.ren21.net/Portals/0/documents/activities/gsr/GSR2012.pdf,V3,New non-EU-27 observation added in V3,active,V3
TUN,Tunisia,2011,2010,2016,,16.0,16.0,16.0,Percent,Electricity ,All technologies,,https://www.ren21.net/Portals/0/documents/activities/gsr/GSR2012.pdf,V3,New non-EU-27 observation added in V3,active,V3
TUN,Tunisia,2011,2010,2030,,40.0,40.0,40.0,Percent,Electricity ,All technologies,,https://www.ren21.net/Portals/0/documents/activities/gsr/GSR2012.pdf,V3,New non-EU-27 observation added in V3,active,V3
TUN,Tunisia,2014,2010,2030,,30.0,30.0,30.0,Percent,Electricity ,All technologies,,https://www.ren21.net/wp-content/uploads/2019/05/GSR2015_Full-Report_English.pdf,V3,New non-EU-27 observation added in V3,active,V3
TUN,Tunisia,2016,2010,2050,,100.0,100.0,100.0,Percent,Electricity ,All technologies,,https://www.ren21.net/wp-content/uploads/2019/05/GSR2017_Full-Report_English.pdf,V3,New non-EU-27 observation added in V3,active,V3
TUN,Tunisia,2020,2010,2020,,14.0,14.0,14.0,Percent,Electricity ,All technologies,,https://www.ren21.net/wp-content/uploads/2019/05/GSR2021_Full_Report.pdf,V3,New non-EU-27 observation added in V3,active,V3
TUN,Tunisia,2022,2010,2030,,35.0,35.0,35.0,Percent,Electricity ,All technologies,,https://www.ren21.net/wp-content/uploads/2019/05/GSR-2023_Energy-Supply-Module.pdf,V3,New non-EU-27 observation added in V3,active,V3
TUN,Tunisia,2009,2009,2011,,10.0,10.0,10.0,Percent,Final energy,All technologies,,https://www.ren21.net/wp-content/uploads/2019/05/GSR2010_Full-Report_English.pdf,V3,New non-EU-27 observation added in V3,active,V3
TUN,Tunisia,2022,2009,2050,,100.0,100.0,100.0,Percent,Final energy,All technologies,,https://www.ren21.net/wp-content/uploads/2019/05/GSR2023_GlobalOverview_Full_Report_with_endnotes_web.pdf,V3,New non-EU-27 observation added in V3,active,V3
TUR,Türkiye,2010,2010,2023,,30.0,30.0,30.0,Percent,Electricity ,All technologies ,,https://www.ren21.net/wp-content/uploads/2019/05/GSR2011_Full-Report_English.pdf,V3,New non-EU-27 observation added in V3,active,V3
TUR,Türkiye,2019,2010,2023,,65.0,65.0,65.0,Percent,Electricity ,All technologies ,,https://www.ren21.net/wp-content/uploads/2019/05/gsr_2020_full_report_en.pdf,V3,New non-EU-27 observation added in V3,active,V3
TUR,Türkiye,2020,2010,2020,,38.0,38.0,38.0,Percent,Electricity ,All technologies ,,https://www.ren21.net/wp-content/uploads/2019/05/GSR2021_Full_Report.pdf,V3,New non-EU-27 observation added in V3,active,V3
TUR,Türkiye,2021,2010,2023,,38.8,38.8,38.8,Percent,Electricity ,All technologies ,,https://www.ren21.net/wp-content/uploads/2019/05/GSR2022_Full_Report.pdf,V3,New non-EU-27 observation added in V3,active,V3
TUR,Türkiye,2022,2010,2023,,50.0,50.0,50.0,Percent,Electricity ,All technologies ,,https://www.ren21.net/wp-content/uploads/2019/05/GSR-2023_Energy-Supply-Module.pdf,V3,New non-EU-27 observation added in V3,active,V3
TUV,Tuvalu,2011,2011,2020,,100.0,100.0,100.0,Percent,Electricity ,All technologies,,https://www.ren21.net/Portals/0/documents/activities/gsr/GSR2012.pdf,V3,New non-EU-27 observation added in V3,active,V3
TUV,Tuvalu,2021,2011,2025,,100.0,100.0,100.0,Percent,Electricity ,All technologies,,https://www.ren21.net/wp-content/uploads/2019/05/GSR2022_Full_Report.pdf,V3,New non-EU-27 observation added in V3,active,V3
TUV,Tuvalu,2020,2020,2050,,100.0,100.0,100.0,Percent,Final energy,All technologies,,https://www.ren21.net/wp-content/uploads/2019/05/GSR2021_Full_Report.pdf,V3,New non-EU-27 observation added in V3,active,V3
UGA,Uganda,2011,2011,2017,,61.0,61.0,61.0,Percent,Electricity ,All technologies,,https://www.ren21.net/Portals/0/documents/activities/gsr/GSR2012.pdf,V3,New non-EU-27 observation added in V3,active,V3
UGA,Uganda,2022,2022,2050,,100.0,100.0,100.0,Percent,Final energy,All technologies,,https://www.ren21.net/wp-content/uploads/2019/05/GSR2023_GlobalOverview_Full_Report_with_endnotes_web.pdf,V3,New non-EU-27 observation added in V3,active,V3
UKR,Ukraine,2013,2013,2030,,20.0,20.0,20.0,Percent,Electricity ,All technologies,,https://www.ren21.net/wp-content/uploads/2019/05/GSR2014_Full-Report_English.pdf,V3,New non-EU-27 observation added in V3,active,V3
UKR,Ukraine,2014,2013,2020,,12.4,12.4,12.4,Percent,Electricity ,All technologies,,https://www.ren21.net/wp-content/uploads/2019/05/GSR2015_Full-Report_English.pdf,V3,New non-EU-27 observation added in V3,active,V3
UKR,Ukraine,2015,2013,2020,,11.0,11.0,11.0,Percent,Electricity ,All technologies,,https://www.ren21.net/wp-content/uploads/2019/05/REN21_GSR2016_FullReport_en_11.pdf,V3,New non-EU-27 observation added in V3,active,V3
UKR,Ukraine,2017,2013,2035,,25.0,25.0,25.0,Percent,Electricity ,All technologies,,https://www.ren21.net/wp-content/uploads/2019/08/Full-Report-2018.pdf,V3,New non-EU-27 observation added in V3,active,V3
UKR,Ukraine,2012,2012,2020,,11.0,11.0,11.0,Percent,Final energy,All technologies,,https://www.ren21.net/wp-content/uploads/2019/05/GSR2013_Full-Report_English.pdf,V3,New non-EU-27 observation added in V3,active,V3
UKR,Ukraine,2017,2012,2035,,25.0,25.0,25.0,Percent,Final energy,All technologies,,https://www.ren21.net/wp-content/uploads/2019/08/Full-Report-2018.pdf,V3,New non-EU-27 observation added in V3,active,V3
ARE,United Arab Emirates,2010,2010,2020,,70.0,70.0,70.0,Percent,Electricity ,All technologies,,https://www.ren21.net/wp-content/uploads/2019/05/GSR2011_Full-Report_English.pdf,V3,New non-EU-27 observation added in V3,active,V3
ARE,United Arab Emirates,2021,2010,2030,,21.0,21.0,21.0,Percent,Electricity ,All technologies,,https://www.ren21.net/wp-content/uploads/2019/05/GSR2022_Full_Report.pdf,V3,New non-EU-27 observation added in V3,active,V3
ARE,United Arab Emirates,2021,2010,2050,,44.0,44.0,44.0,Percent,Electricity ,All technologies,,https://www.ren21.net/wp-content/uploads/2019/05/GSR2022_Full_Report.pdf,V3,New non-EU-27 observation added in V3,active,V3
ARE,United Arab Emirates,2015,2015,2021,,24.0,24.0,24.0,Percent,Final energy,All technologies,,https://www.ren21.net/wp-content/uploads/2019/05/REN21_GSR2016_FullReport_en_11.pdf,V3,New non-EU-27 observation added in V3,active,V3
ARE,United Arab Emirates,2019,2015,2050,,44.0,44.0,44.0,Percent,Final energy,All technologies,,https://www.ren21.net/wp-content/uploads/2019/05/gsr_2020_full_report_en.pdf,V3,New non-EU-27 observation added in V3,active,V3
GBR,United Kingdom of Great Britain and Northern Ireland,2001,2001,2010,,10.0,10.0,10.0,Percent,Electricity ,All technologies ,,https://eur-lex.europa.eu/legal-content/EN/TXT/PDF/?uri=CELEX:32001L0077&from=EN,V3,New non-EU-27 observation added in V3,active,V3
GBR,United Kingdom of Great Britain and Northern Ireland,2009,2001,2020,,15.0,15.0,15.0,Percent,Electricity ,All technologies ,,https://assets.publishing.service.gov.uk/government/uploads/system/uploads/attachment_data/file/228866/7686.pdf,V3,New non-EU-27 observation added in V3,active,V3
GBR,United Kingdom of Great Britain and Northern Ireland,2020,2001,2020,,31.0,31.0,31.0,Percent,Electricity ,All technologies ,,https://www.ren21.net/wp-content/uploads/2019/05/GSR2021_Full_Report.pdf,V3,New non-EU-27 observation added in V3,active,V3
GBR,United Kingdom of Great Britain and Northern Ireland,2021,2001,2035,,100.0,100.0,100.0,Percent,Electricity ,All technologies ,,https://www.ren21.net/wp-content/uploads/2019/05/GSR2022_Full_Report.pdf,V3,New non-EU-27 observation added in V3,active,V3
GBR,United Kingdom of Great Britain and Northern Ireland,2006,2006,2020,,15.0,15.0,15.0,Percent,Final energy,All technologies,,https://www.ren21.net/wp-content/uploads/2019/05/GSR2007_Full-Report_English.pdf,V3,New non-EU-27 observation added in V3,active,V3
USA,United States of America,2021,2021,2035,,100.0,100.0,100.0,Percent,Electricity ,All technologies,,https://www.ren21.net/wp-content/uploads/2019/05/GSR2022_Full_Report.pdf,V3,New non-EU-27 observation added in V3,active,V3
USA,United States of America,2022,2021,2050,,100.0,100.0,100.0,Percent,Electricity ,All technologies,,https://www.ren21.net/wp-content/uploads/2019/05/GSR-2023_Energy-Supply-Module.pdf,V3,New non-EU-27 observation added in V3,active,V3
URY,Uruguay,2011,2011,2015,,15.0,15.0,15.0,Percent,Electricity ,All technologies,,https://www.ren21.net/Portals/0/documents/activities/gsr/GSR2012.pdf,V3,New non-EU-27 observation added in V3,active,V3
URY,Uruguay,2013,2011,2015,,90.0,90.0,90.0,Percent,Electricity ,All technologies,,https://www.ren21.net/wp-content/uploads/2019/05/GSR2014_Full-Report_English.pdf,V3,New non-EU-27 observation added in V3,active,V3
URY,Uruguay,2014,2011,2015,,92.0,92.0,92.0,Percent,Electricity ,All technologies,,https://www.ren21.net/wp-content/uploads/2019/05/GSR2015_Full-Report_English.pdf,V3,New non-EU-27 observation added in V3,active,V3
URY,Uruguay,2015,2011,2017,,95.0,95.0,95.0,Percent,Electricity ,All technologies,,https://www.ren21.net/wp-content/uploads/2019/05/REN21_GSR2016_FullReport_en_11.pdf,V3,New non-EU-27 observation added in V3,active,V3
UZB,Uzbekistan,2017,2017,2025,,19.7,19.7,19.7,Percent,Electricity ,All technologies,,https://www.ren21.net/wp-content/uploads/2019/08/Full-Report-2018.pdf,V3,New non-EU-27 observation added in V3,active,V3
UZB,Uzbekistan,2022,2017,2030,,25.0,25.0,25.0,Percent,Electricity ,All technologies,,https://www.ren21.net/wp-content/uploads/2019/05/GSR-2023_Energy-Supply-Module.pdf,V3,New non-EU-27 observation added in V3,active,V3
UZB,Uzbekistan,2016,2016,2030,,16.0,16.0,16.0,Percent,Final energy,All technologies,,https://www.ren21.net/wp-content/uploads/2019/05/GSR2017_Full-Report_English.pdf,V3,New non-EU-27 observation added in V3,active,V3
UZB,Uzbekistan,2016,2016,2050,,19.0,19.0,19.0,Percent,Final energy,All technologies,,https://www.ren21.net/wp-content/uploads/2019/05/GSR2017_Full-Report_English.pdf,V3,New non-EU-27 observation added in V3,active,V3
VUT,Vanuatu,2012,2012,2014,,23.0,23.0,23.0,Percent,Electricity ,All technologies,,https://www.ren21.net/wp-content/uploads/2019/05/GSR2013_Full-Report_English.pd,V3,New non-EU-27 observation added in V3,active,V3
VUT,Vanuatu,2013,2012,2015,,40.0,40.0,40.0,Percent,Electricity ,All technologies,,https://www.ren21.net/wp-content/uploads/2019/05/GSR2014_Full-Report_English.pdf,V3,New non-EU-27 observation added in V3,active,V3
VUT,Vanuatu,2013,2012,2020,,65.0,65.0,65.0,Percent,Electricity ,All technologies,,https://www.ren21.net/wp-content/uploads/2019/05/GSR2014_Full-Report_English.pdf,V3,New non-EU-27 observation added in V3,active,V3
VUT,Vanuatu,2015,2012,2030,,100.0,100.0,100.0,Percent,Electricity ,All technologies,,https://www.ren21.net/wp-content/uploads/2019/05/REN21_GSR2016_FullReport_en_11.pdf,V3,New non-EU-27 observation added in V3,active,V3
VUT,Vanuatu,2022,2012,2025,,50.0,50.0,50.0,Percent,Electricity ,All technologies,,https://www.ren21.net/wp-content/uploads/2019/05/GSR-2023_Energy-Supply-Module.pdf,V3,New non-EU-27 observation added in V3,active,V3
VUT,Vanuatu,2015,2015,2020,,65.0,65.0,65.0,Percent,Final energy,All technologies,,https://www.ren21.net/wp-content/uploads/2019/05/REN21_GSR2016_FullReport_en_11.pdf,V3,New non-EU-27 observation added in V3,active,V3
VUT,Vanuatu,2020,2015,2050,,100.0,100.0,100.0,Percent,Final energy,All technologies,,https://www.ren21.net/wp-content/uploads/2019/05/GSR2021_Full_Report.pdf,V3,New non-EU-27 observation added in V3,active,V3
VNM,Viet Nam,2010,2010,2020,,5.0,5.0,5.0,Percent,Electricity ,All technologies,,https://www.ren21.net/wp-content/uploads/2019/05/GSR2011_Full-Report_English.pdf,V3,New non-EU-27 observation added in V3,active,V3
VNM,Viet Nam,2016,2010,2020,,7.0,7.0,7.0,Percent,Electricity ,All technologies,,https://www.ren21.net/wp-content/uploads/2019/05/GSR2017_Full-Report_English.pdf,V3,New non-EU-27 observation added in V3,active,V3
VNM,Viet Nam,2016,2010,2030,,10.0,10.0,10.0,Percent,Electricity ,All technologies,,https://www.ren21.net/wp-content/uploads/2019/05/GSR2017_Full-Report_English.pdf,V3,New non-EU-27 observation added in V3,active,V3
VNM,Viet Nam,2016,2010,2050,,100.0,100.0,100.0,Percent,Electricity ,All technologies,,https://www.ren21.net/wp-content/uploads/2019/05/GSR2017_Full-Report_English.pdf,V3,New non-EU-27 observation added in V3,active,V3
VNM,Viet Nam,2021,2010,2045,,75.0,75.0,75.0,Percent,Electricity ,All technologies,,https://www.ren21.net/wp-content/uploads/2019/05/GSR2022_Full_Report.pdf,V3,New non-EU-27 observation added in V3,active,V3
VNM,Viet Nam,2022,2010,2050,,67.5,67.5,67.5,Percent,Electricity ,All technologies,,https://www.ren21.net/wp-content/uploads/2019/05/GSR2023_GlobalOverview_Full_Report_with_endnotes_web.pdf,V3,New non-EU-27 observation added in V3,active,V3
YEM,Yemen,2012,2012,2015,,15.0,15.0,15.0,Percent,Electricity ,All technologies,,https://www.ren21.net/wp-content/uploads/2019/05/GSR2013_Full-Report_English.pdf,V3,New non-EU-27 observation added in V3,active,V3
YEM,Yemen,2016,2012,2050,,100.0,100.0,100.0,Percent,Electricity ,All technologies,,https://www.ren21.net/wp-content/uploads/2019/05/GSR2017_Full-Report_English.pdf,V3,New non-EU-27 observation added in V3,active,V3
YEM,Yemen,2021,2012,2025,,15.0,15.0,15.0,Percent,Electricity ,All technologies,,https://www.ren21.net/wp-content/uploads/2019/05/GSR2022_Full_Report.pdf,V3,New non-EU-27 observation added in V3,active,V3
ZMB,Zambia,2023,2023,2030,,30.0,30.0,30.0,Percent,Final energy,All technologies,,https://www.ren21.net/wp-content/uploads/2019/05/GSR2024_GlobalOverview_Full_Report_with_endnotes_web.pdf,V3,New non-EU-27 observation added in V3,active,V3
ZWE,Zimbabwe,2021,2021,2030,,26.5,26.5,26.5,Percent,Electricity ,All technologies,,https://www.ren21.net/wp-content/uploads/2019/05/GSR2022_Full_Report.pdf,V3,New non-EU-27 observation added in V3,active,V3
ZWE,Zimbabwe,2022,2021,2025,,16.5,16.5,16.5,Percent,Electricity ,All technologies,,https://www.ren21.net/wp-content/uploads/2019/05/GSR-2023_Energy-Supply-Module.pdf,V3,New non-EU-27 observation added in V3,active,V3
