Country_code;Year_decision;Country;Country_short;Region;Income_group;Year_first_decision;Year_target;Year_latest_target;Target_minimum;Target_maximum;Target_average;Unit;Target_type;RE_technology;Target_consistent;Miscellaneous;Source;Note.changes;added_in_version;change_reason;status;status_changed_in_version
AFG;2016;Afghanistan;Afghanistan;South Asia;Low income;2016;2050;2050;NA;100;100;Percent;Electricity;All technologies;100;;https://www.ren21.net/wp-content/uploads/2019/05/GSR2017_Full-Report_English.pdf;;V3;New non-EU-27 observation added in V3;active;V3
AFG;2017;Afghanistan;Afghanistan;South Asia;Low income;2017;2032;2100;NA;10;10;Percent;Final energy;All technologies;10;;https://www.ren21.net/wp-content/uploads/2019/08/Full-Report-2018.pdf;;V3;New non-EU-27 observation added in V3;active;V3
AFG;2020;Afghanistan;Afghanistan;South Asia;Low income;2017;2100;2100;NA;40;40;Percent;Final energy;All technologies;40;;https://www.ren21.net/wp-content/uploads/2019/05/GSR2021_Full_Report.pdf;;V3;New non-EU-27 observation added in V3;active;V3
AFG;2022;Afghanistan;Afghanistan;South Asia;Low income;2016;2030;2050;NA;25;25;Percent;Electricity;All technologies;25;;https://www.ren21.net/wp-content/uploads/2019/05/GSR-2023_Energy-Supply-Module.pdf;;V3;New non-EU-27 observation added in V3;active;V3
AGO;2020;Angola;Angola;Sub-Saharan Africa;Lower middle income;2020;2025;2025;NA;8;8;Percent;Electricity;All technologies except hydro;83.19;Around 800 MW;https://www.ren21.net/wp-content/uploads/2019/05/GSR2021_Full_Report.pdf;Changed from 8% to 7.5%;V3;New non-EU-27 observation added in V3;active;V3
AGO;2023;Angola;Angola;Sub-Saharan Africa;Lower middle income;2023;2025;2025;NA;8;8;Percent;Final energy;All technologies;8;;https://www.ren21.net/wp-content/uploads/2019/05/GSR2024_GlobalOverview_Full_Report_with_endnotes_web.pdf;;V3;New non-EU-27 observation added in V3;active;V3
ALB;2012;Albania;Albania;Europe & Central Asia;Upper middle income;2012;2020;2030;NA;38;38;Percent;Final energy;All technologies;38;;https://www.ren21.net/wp-content/uploads/2019/05/GSR2013_Full-Report_English.pdf;;V3;New non-EU-27 observation added in V3;active;V3
ALB;2020;Albania;Albania;Europe & Central Asia;Upper middle income;2012;2030;2030;NA;42;42;Percent;Final energy;All technologies;42;;https://www.ren21.net/wp-content/uploads/2019/05/GSR2021_Full_Report.pdf;;V3;New non-EU-27 observation added in V3;active;V3
ALB;2023;Albania;Albania;Europe & Central Asia;Upper middle income;2012;2030;2030;NA;54;54;Percent;Final energy;All technologies;54;;https://www.ren21.net/wp-content/uploads/2019/05/GSR2024_GlobalOverview_Full_Report_with_endnotes_web.pdf;;V3;New non-EU-27 observation added in V3;active;V3
AND;2021;Andorra;Andorra;Europe & Central Asia;High income;2021;2030;2030;NA;80;80;Percent;Electricity;All technologies;80;;https://unfccc.int/sites/default/files/resource/AND_LTS_Nov2021.pdf;;V3;New non-EU-27 observation added in V3;active;V3
AND;2021;Andorra;Andorra;Europe & Central Asia;High income;2021;2030;2030;NA;75;75;Percent;Electricity;All technologies;75;;https://unfccc.int/sites/default/files/resource/AND_LTS_Nov2021.pdf;;V3;New non-EU-27 observation added in V3;active;V3
ARE;2010;United Arab Emirates;UAE;Middle East & North Africa;High income;2010;2020;2050;NA;70;70;Percent;Electricity;All technologies;70;;https://www.ren21.net/wp-content/uploads/2019/05/GSR2011_Full-Report_English.pdf;;V3;New non-EU-27 observation added in V3;active;V3
ARE;2015;United Arab Emirates;UAE;Middle East & North Africa;High income;2015;2021;2050;NA;24;24;Percent;Final energy;All technologies;24;;https://www.ren21.net/wp-content/uploads/2019/05/REN21_GSR2016_FullReport_en_11.pdf;;V3;New non-EU-27 observation added in V3;active;V3
ARE;2019;United Arab Emirates;UAE;Middle East & North Africa;High income;2015;2050;2050;NA;44;44;Percent;Final energy;All technologies;44;;https://www.ren21.net/wp-content/uploads/2019/05/gsr_2020_full_report_en.pdf;;V3;New non-EU-27 observation added in V3;active;V3
ARE;2021;United Arab Emirates;UAE;Middle East & North Africa;High income;2010;2030;2050;NA;21;21;Percent;Electricity;All technologies;21;;https://www.ren21.net/wp-content/uploads/2019/05/GSR2022_Full_Report.pdf;;V3;New non-EU-27 observation added in V3;active;V3
ARE;2021;United Arab Emirates;UAE;Middle East & North Africa;High income;2010;2050;2050;NA;44;44;Percent;Electricity;All technologies;44;;https://www.ren21.net/wp-content/uploads/2019/05/GSR2022_Full_Report.pdf;;V3;New non-EU-27 observation added in V3;active;V3
ARG;2009;Argentina;Argentina;Latin America & Caribbean;Upper middle income;2009;2016;2030;NA;8;8;Percent;Electricity;All technologies except large hydro;36.3;;https://www.ren21.net/wp-content/uploads/2019/05/GSR2010_Full-Report_English.pdf;right;V3;New non-EU-27 observation added in V3;active;V3
ARG;2015;Argentina;Argentina;Latin America & Caribbean;Upper middle income;2009;2025;2030;NA;20;20;Percent;Electricity;All technologies;20;;https://www.ren21.net/wp-content/uploads/2019/05/REN21_GSR2016_FullReport_en_11.pdf;should be all tech;V3;New non-EU-27 observation added in V3;active;V3
ARG;2017;Argentina;Argentina;Latin America & Caribbean;Upper middle income;2009;2023;2030;NA;18;18;Percent;Electricity;All technologies;18;;https://www.ren21.net/wp-content/uploads/2019/08/Full-Report-2018.pdf;should be all tech;V3;New non-EU-27 observation added in V3;active;V3
ARG;2017;Argentina;Argentina;Latin America & Caribbean;Upper middle income;2009;2019;2030;NA;9;9;Percent;Electricity;All technologies;9;;https://www.ren21.net/wp-content/uploads/2019/08/Full-Report-2018.pdf;should be all tech;V3;New non-EU-27 observation added in V3;active;V3
ARG;2017;Argentina;Argentina;Latin America & Caribbean;Upper middle income;2009;2021;2030;NA;16;16;Percent;Electricity;All technologies;16;;https://www.ren21.net/wp-content/uploads/2019/08/Full-Report-2018.pdf;should be all tech;V3;New non-EU-27 observation added in V3;active;V3
ARG;2017;Argentina;Argentina;Latin America & Caribbean;Upper middle income;2009;2018;2030;NA;8;8;Percent;Electricity;All technologies;8;;https://www.ren21.net/wp-content/uploads/2019/08/Full-Report-2018.pdf;should be all tech;V3;New non-EU-27 observation added in V3;active;V3
ARG;2018;Argentina;Argentina;Latin America & Caribbean;Upper middle income;2009;2019;2030;NA;12;12;Percent;Electricity;All technologies;12;;https://www.ren21.net/wp-content/uploads/2019/05/gsr_2019_full_report_en.pdf;should be all tech;V3;New non-EU-27 observation added in V3;active;V3
ARG;2020;Argentina;Argentina;Latin America & Caribbean;Upper middle income;2009;2030;2030;NA;26;26;Percent;Electricity;All technologies;26;;https://www.ren21.net/wp-content/uploads/2019/05/GSR2021_Full_Report.pdf;The target should include hydro. also targets from 2021 and 2025 is missing;V3;New non-EU-27 observation added in V3;active;V3
ARG;2023;Argentina;Argentina;Latin America & Caribbean;Upper middle income;2023;2025;2025;NA;20;20;Percent;Final energy;All technologies;20;;https://www.ren21.net/wp-content/uploads/2019/05/GSR2024_GlobalOverview_Full_Report_with_endnotes_web.pdf;;V3;New non-EU-27 observation added in V3;active;V3
ARM;2016;Armenia;Armenia;Europe & Central Asia;Upper middle income;2016;2025;2036;NA;40;40;Percent;Electricity;All technologies;40;;https://www.ren21.net/wp-content/uploads/2019/05/GSR2017_Full-Report_English.pdf;;V3;New non-EU-27 observation added in V3;active;V3
ARM;2020;Armenia;Armenia;Europe & Central Asia;Upper middle income;2016;2025;2036;NA;30;30;Percent;Electricity;All technologies;30;;https://www.ren21.net/wp-content/uploads/2019/05/GSR2021_Full_Report.pdf;;V3;New non-EU-27 observation added in V3;active;V3
ARM;2020;Armenia;Armenia;Europe & Central Asia;Upper middle income;2016;2020;2036;NA;21;21;Percent;Electricity;All technologies;21;;https://www.ren21.net/wp-content/uploads/2019/05/GSR2021_Full_Report.pdf;;V3;New non-EU-27 observation added in V3;active;V3
ARM;2021;Armenia;Armenia;Europe & Central Asia;Upper middle income;2016;2036;2036;NA;28;28;Percent;Electricity;All technologies;28;;https://www.ren21.net/wp-content/uploads/2019/05/GSR2022_Full_Report.pdf;;V3;New non-EU-27 observation added in V3;active;V3
ARM;2023;Armenia;Armenia;Europe & Central Asia;Upper middle income;2023;2030;2030;NA;15;15;Percent;Final energy;All technologies;15;;https://www.ren21.net/wp-content/uploads/2019/05/GSR2024_GlobalOverview_Full_Report_with_endnotes_web.pdf;;V3;New non-EU-27 observation added in V3;active;V3
ATG;2012;Antigua and Barbuda;Antigua&Barbuda;Latin America & Caribbean;High income;2012;2015;2030;NA;5;5;Percent;Electricity;All technologies;5;;https://www.ren21.net/wp-content/uploads/2019/05/GSR2013_Full-Report_English.pdf;;V3;New non-EU-27 observation added in V3;active;V3
ATG;2012;Antigua and Barbuda;Antigua&Barbuda;Latin America & Caribbean;High income;2012;2020;2030;NA;10;10;Percent;Electricity;All technologies;10;;https://www.ren21.net/wp-content/uploads/2019/05/GSR2013_Full-Report_English.pdf;;V3;New non-EU-27 observation added in V3;active;V3
ATG;2012;Antigua and Barbuda;Antigua&Barbuda;Latin America & Caribbean;High income;2012;2030;2030;NA;15;15;Percent;Electricity;All technologies;15;;https://www.ren21.net/wp-content/uploads/2019/05/GSR2013_Full-Report_English.pdf;;V3;New non-EU-27 observation added in V3;active;V3
ATG;2015;Antigua and Barbuda;Antigua&Barbuda;Latin America & Caribbean;High income;2012;2016;2030;NA;8;8;Percent;Electricity;All technologies;8;;https://www.ren21.net/wp-content/uploads/2019/05/REN21_GSR2016_FullReport_en_11.pdf;;V3;New non-EU-27 observation added in V3;active;V3
ATG;2020;Antigua and Barbuda;Antigua&Barbuda;Latin America & Caribbean;High income;2020;2030;2030;NA;15;15;Percent;Final energy;All technologies;15;;https://www.ren21.net/wp-content/uploads/2019/05/GSR2021_Full_Report.pdf;;V3;New non-EU-27 observation added in V3;active;V3
ATG;2021;Antigua and Barbuda;Antigua&Barbuda;Latin America & Caribbean;High income;2012;2030;2030;NA;100;100;Percent;Electricity;All technologies;100;;https://www.ren21.net/wp-content/uploads/2019/05/GSR2022_Full_Report.pdf;;V3;New non-EU-27 observation added in V3;active;V3
AUS;2001;Australia;Australia;East Asia & Pacific;High income;2001;2010;2030;NA;2;2;Percent;Electricity;All technologies;2;;https://cer.gov.au/schemes/renewable-energy-target#:~:text=2001%3A%20The%20RET%20began%20as,Australia's%20electricity%20(41%2C000%20GWh).;;V3;New non-EU-27 observation added in V3;active;V3
AUS;2012;Australia;Australia;East Asia & Pacific;High income;2001;2020;2030;NA;20;20;Percent;Electricity;All technologies;20;;https://www.ren21.net/wp-content/uploads/2019/05/GSR2013_Full-Report_English.pdf;;V3;New non-EU-27 observation added in V3;active;V3
AUS;2015;Australia;Australia;East Asia & Pacific;High income;2001;2020;2030;NA;23;23;Percent;Electricity;All technologies;23;;https://www.ren21.net/wp-content/uploads/2019/05/REN21_GSR2016_FullReport_en_11.pdf;;V3;New non-EU-27 observation added in V3;active;V3
AUS;2022;Australia;Australia;East Asia & Pacific;High income;2001;2030;2030;NA;82;82;Percent;Electricity;All technologies;82;;https://www.ren21.net/wp-content/uploads/2019/05/GSR-2023_Energy-Supply-Module.pdf;;V3;New non-EU-27 observation added in V3;active;V3
AUT;2001;Austria;Austria;Europe & Central Asia;High income;2001;2010;2030;NA;78;78;Percent;Electricity;All technologies;78;;https://www.iea.org/policies/3769-green-electricity-act;;V1;;active;V1
AUT;2006;Austria;Austria;Europe & Central Asia;High income;2006;2020;2030;NA;34;34;Percent;Final energy;All technologies;34;;https://www.ren21.net/wp-content/uploads/2019/05/GSR2007_Full-Report_English.pdf;;V1;;active;V1
AUT;2011;Austria;Austria;Europe & Central Asia;High income;2006;2020;2030;NA;45;45;Percent;Final energy;All technologies;45;;https://www.ren21.net/wp-content/uploads/2019/05/GSR2012_Full-Report_English.pdf;;V1;;active;V1
AUT;2013;Austria;Austria;Europe & Central Asia;High income;2001;2020;2030;NA;71;71;Percent;Electricity;All technologies;71;;https://www.ren21.net/wp-content/uploads/2019/05/GSR2014_Full-Report_English.pdf;;V1;;active;V1
AUT;2019;Austria;Austria;Europe & Central Asia;High income;2001;2030;2030;NA;87;87;Percent;Electricity;All technologies;87;;https://ember-energy.org/data/live-eu-necp-tracker/#data-tool;;V1;;active;V1
AUT;2020;Austria;Austria;Europe & Central Asia;High income;2006;2030;2030;46;50;48;Percent;Final energy;All technologies;48;;https://www.ren21.net/wp-content/uploads/2019/05/GSR2021_Full_Report.pdf;;V1;;active;V1
AUT;2023;Austria;Austria;Europe & Central Asia;High income;2001;2030;2030;NA;94;94;Percent;Electricity;All technologies;94;;https://ember-energy.org/data/live-eu-necp-tracker/#data-tool;;V1;;active;V1
AUT;2023;Austria;Austria;Europe & Central Asia;High income;2006;2030;2030;NA;45;45;Percent;Final energy;All technologies;45;;https://www.ren21.net/wp-content/uploads/2019/05/GSR2024_GlobalOverview_Full_Report_with_endnotes_web.pdf;;V1;;active;V1
AZE;2013;Azerbaijan;Azerbaijan;Europe & Central Asia;Upper middle income;2013;2020;2030;NA;20;20;Percent;Electricity;All technologies;20;;https://www.ren21.net/wp-content/uploads/2019/05/GSR2014_Full-Report_English.pdf;;V3;New non-EU-27 observation added in V3;active;V3
AZE;2022;Azerbaijan;Azerbaijan;Europe & Central Asia;Upper middle income;2013;2030;2030;NA;30;30;Percent;Electricity;All technologies;30;;https://www.ren21.net/wp-content/uploads/2019/05/GSR2023_GlobalOverview_Full_Report_with_endnotes_web.pdf;;V3;New non-EU-27 observation added in V3;active;V3
AZE;2023;Azerbaijan;Azerbaijan;Europe & Central Asia;Upper middle income;2023;2030;2030;NA;30;30;Percent;Final energy;All technologies;30;;https://www.ren21.net/wp-content/uploads/2019/05/GSR2024_GlobalOverview_Full_Report_with_endnotes_web.pdf;;V3;New non-EU-27 observation added in V3;active;V3
BDI;2010;Burundi;Burundi;Sub-Saharan Africa;Low income;2010;2020;2025;NA;2;2;Percent;Final energy;All technologies;2;;https://www.ren21.net/wp-content/uploads/2019/05/GSR2011_Full-Report_English.pdf;;V3;New non-EU-27 observation added in V3;active;V3
BDI;2020;Burundi;Burundi;Sub-Saharan Africa;Low income;2020;2020;2025;NA;17;17;Percent;Electricity;All technologies;17;;https://www.ren21.net/wp-content/uploads/2019/05/GSR2021_Full_Report.pdf;;V3;New non-EU-27 observation added in V3;active;V3
BDI;2020;Burundi;Burundi;Sub-Saharan Africa;Low income;2010;2025;2025;NA;50;50;Percent;Final energy;All technologies;50;;https://www.ren21.net/wp-content/uploads/2019/05/GSR2021_Full_Report.pdf;;V3;New non-EU-27 observation added in V3;active;V3
BDI;2020;Burundi;Burundi;Sub-Saharan Africa;Low income;2020;2025;2025;NA;50;50;Percent;Electricity;All technologies;50;;https://www.ren21.net/wp-content/uploads/2019/05/GSR2021_Full_Report.pdf;;V3;New non-EU-27 observation added in V3;active;V3
BEL;2001;Belgium;Belgium;Europe & Central Asia;High income;2001;2010;2030;NA;6;6;Percent;Electricity;All technologies;6;;https://www.iea.org/policies/3719-national-green-certificate-scheme;;V1;;active;V1
BEL;2009;Belgium;Belgium;Europe & Central Asia;High income;2009;2020;2050;NA;13;13;Percent;Final energy;All technologies;13;;https://www.ren21.net/wp-content/uploads/2019/05/GSR2010_Full-Report_English.pdf;;V1;;active;V1
BEL;2011;Belgium;Belgium;Europe & Central Asia;High income;2001;2020;2030;NA;21;21;Percent;Electricity;All technologies;21;;https://www.ren21.net/Portals/0/documents/activities/gsr/GSR2012.pdf;;V1;;active;V1
BEL;2019;Belgium;Belgium;Europe & Central Asia;High income;2001;2030;2030;NA;41;41;Percent;Electricity;All technologies;41;;https://ember-energy.org/data/live-eu-necp-tracker/#data-tool;;V1;;active;V1
BEL;2020;Belgium;Belgium;Europe & Central Asia;High income;2009;2030;2050;NA;18;18;Percent;Final energy;All technologies;18;;https://www.ren21.net/wp-content/uploads/2019/05/GSR2021_Full_Report.pdf;;V1;;active;V1
BEL;2022;Belgium;Belgium;Europe & Central Asia;High income;2009;2050;2050;NA;100;100;Percent;Final energy;All technologies;100;;https://www.ren21.net/wp-content/uploads/2019/05/GSR2023_GlobalOverview_Full_Report_with_endnotes_web.pdf;;V1;;active;V1
BEN;2011;Benin;Benin;Sub-Saharan Africa;Lower middle income;2011;2025;2025;NA;50;50;Percent;Electricity;All technologies;50;Only rural;https://www.ren21.net/wp-content/uploads/2019/05/GSR2012_Full-Report_English.pdf;;V3;New non-EU-27 observation added in V3;active;V3
BEN;2017;Benin;Benin;Sub-Saharan Africa;Lower middle income;2017;2025;2025;NA;25;25;Percent;Final energy;All technologies;25;;https://www.ren21.net/wp-content/uploads/2019/08/Full-Report-2018.pdf;;V3;New non-EU-27 observation added in V3;active;V3
BFA;2016;Burkina Faso;Burkina Faso;Sub-Saharan Africa;Low income;2016;2050;2050;NA;100;100;Percent;Electricity;All technologies;100;;https://www.ren21.net/wp-content/uploads/2019/05/GSR2017_Full-Report_English.pdf;;V3;New non-EU-27 observation added in V3;active;V3
BFA;2017;Burkina Faso;Burkina Faso;Sub-Saharan Africa;Low income;2016;2025;2050;NA;50;50;Percent;Electricity;All technologies;50;;https://www.ren21.net/wp-content/uploads/2019/08/Full-Report-2018.pdf;;V3;New non-EU-27 observation added in V3;active;V3
BFA;2020;Burkina Faso;Burkina Faso;Sub-Saharan Africa;Low income;2020;2025;2030;NA;50;50;Percent;Final energy;All technologies;50;;https://www.ren21.net/wp-content/uploads/2019/05/GSR2021_Full_Report.pdf;;V3;New non-EU-27 observation added in V3;active;V3
BFA;2020;Burkina Faso;Burkina Faso;Sub-Saharan Africa;Low income;2016;2030;2050;NA;50;50;Percent;Electricity;All technologies;50;;https://www.ren21.net/wp-content/uploads/2019/05/GSR2021_Full_Report.pdf;;V3;New non-EU-27 observation added in V3;active;V3
BFA;2023;Burkina Faso;Burkina Faso;Sub-Saharan Africa;Low income;2020;2030;2030;NA;50;50;Percent;Final energy;All technologies;50;;https://www.ren21.net/wp-content/uploads/2019/05/GSR2024_GlobalOverview_Full_Report_with_endnotes_web.pdf;;V3;New non-EU-27 observation added in V3;active;V3
BGD;2009;Bangladesh;Bangladesh;South Asia;Lower middle income;2009;2020;2050;NA;10;10;Percent;Electricity;All technologies;10;;https://www.ren21.net/Portals/0/documents/activities/gsr/REN21_GSR_2010_full_revised%20Sept2010.pdf;;V3;New non-EU-27 observation added in V3;active;V3
BGD;2009;Bangladesh;Bangladesh;South Asia;Lower middle income;2009;2015;2050;NA;5;5;Percent;Electricity;All technologies;5;;https://www.ren21.net/Portals/0/documents/activities/gsr/REN21_GSR_2010_full_revised%20Sept2010.pdf;;V3;New non-EU-27 observation added in V3;active;V3
BGD;2015;Bangladesh;Bangladesh;South Asia;Lower middle income;2015;2020;2030;NA;10;10;Percent;Final energy;All technologies;10;;https://www.ren21.net/wp-content/uploads/2019/05/REN21_GSR2016_FullReport_en_11.pdf;;V3;New non-EU-27 observation added in V3;active;V3
BGD;2016;Bangladesh;Bangladesh;South Asia;Lower middle income;2009;2050;2050;NA;100;100;Percent;Electricity;All technologies;100;;https://www.ren21.net/wp-content/uploads/2019/05/GSR2017_Full-Report_English.pdf;;V3;New non-EU-27 observation added in V3;active;V3
BGD;2020;Bangladesh;Bangladesh;South Asia;Lower middle income;2015;2030;2030;NA;20;20;Percent;Final energy;All technologies;20;;https://www.ren21.net/wp-content/uploads/2019/05/GSR2021_Full_Report.pdf;;V3;New non-EU-27 observation added in V3;active;V3
BGD;2020;Bangladesh;Bangladesh;South Asia;Lower middle income;2009;2021;2050;NA;10;10;Percent;Electricity;All technologies;10;;https://www.ren21.net/wp-content/uploads/2019/05/GSR2021_Full_Report.pdf;;V3;New non-EU-27 observation added in V3;active;V3
BGD;2021;Bangladesh;Bangladesh;South Asia;Lower middle income;2009;2050;2050;NA;40;40;Percent;Electricity;All technologies;40;;https://www.ren21.net/wp-content/uploads/2019/05/GSR2022_Full_Report.pdf;;V3;New non-EU-27 observation added in V3;active;V3
BGD;2021;Bangladesh;Bangladesh;South Asia;Lower middle income;2009;2030;2050;NA;15;15;Percent;Electricity;All technologies;15;;https://www.ren21.net/wp-content/uploads/2019/05/GSR2022_Full_Report.pdf;;V3;New non-EU-27 observation added in V3;active;V3
BGR;2009;Bulgaria;Bulgaria;Europe & Central Asia;High income;2009;2020;2030;NA;16;16;Percent;Final energy;All technologies;16;;https://www.ren21.net/wp-content/uploads/2019/05/GSR2010_Full-Report_English.pdf;;V1;;active;V1
BGR;2009;Bulgaria;Bulgaria;Europe & Central Asia;High income;2009;2010;2030;NA;11;11;Percent;Electricity;All technologies;11;;https://www.ren21.net/Portals/0/documents/activities/gsr/REN21_GSR_2010_full_revised%20Sept2010.pdf;;V1;;active;V1
BGR;2014;Bulgaria;Bulgaria;Europe & Central Asia;High income;2009;2020;2030;NA;21;21;Percent;Electricity;All technologies;21;;https://www.ren21.net/wp-content/uploads/2019/05/GSR2015_Full-Report_English.pdf;;V1;;active;V1
BGR;2019;Bulgaria;Bulgaria;Europe & Central Asia;High income;2009;2020;2030;NA;17;17;Percent;Electricity;All technologies;17;;https://www.ren21.net/wp-content/uploads/2019/05/gsr_2020_full_report_en.pdf;;V1;;active;V1
BGR;2019;Bulgaria;Bulgaria;Europe & Central Asia;High income;2009;2030;2030;NA;57;57;Percent;Electricity;All technologies;57;;https://ember-energy.org/data/live-eu-necp-tracker/#data-tool;;V1;;active;V1
BGR;2019;Bulgaria;Bulgaria;Europe & Central Asia;High income;2009;2030;2030;NA;27;27;Percent;Final energy;All technologies;27;;https://www.ren21.net/wp-content/uploads/2019/05/gsr_2020_full_report_en.pdf;;V1;;active;V1
BGR;2023;Bulgaria;Bulgaria;Europe & Central Asia;High income;2009;2030;2030;NA;91;91;Percent;Electricity;All technologies;91;;https://ember-energy.org/data/live-eu-necp-tracker/#data-tool;;V1;;active;V1
BHR;2014;Bahrain;Bahrain;Middle East & North Africa;High income;2014;2030;2030;NA;5;5;Percent;Electricity;All technologies;5;;https://www.ren21.net/wp-content/uploads/2019/05/GSR2015_Full-Report_English.pdf;;V3;New non-EU-27 observation added in V3;active;V3
BHR;2019;Bahrain;Bahrain;Middle East & North Africa;High income;2014;2030;2030;NA;10;10;Percent;Electricity;All technologies;10;;https://www.ren21.net/wp-content/uploads/2019/05/gsr_2020_full_report_en.pdf;;V3;New non-EU-27 observation added in V3;active;V3
BHR;2019;Bahrain;Bahrain;Middle East & North Africa;High income;2014;2025;2030;NA;5;5;Percent;Electricity;All technologies;5;;https://www.ren21.net/wp-content/uploads/2019/05/gsr_2020_full_report_en.pdf;;V3;New non-EU-27 observation added in V3;active;V3
BHS;2012;Bahamas;Bahamas;Latin America & Caribbean;High income;2012;2030;2030;NA;30;30;Percent;Electricity;All technologies;30;;https://www.ren21.net/wp-content/uploads/2019/05/GSR2013_Full-Report_English.pdf;;V3;New non-EU-27 observation added in V3;active;V3
BHS;2012;Bahamas;Bahamas;Latin America & Caribbean;High income;2012;2020;2030;NA;15;15;Percent;Electricity;All technologies;15;;https://www.ren21.net/wp-content/uploads/2019/05/GSR2013_Full-Report_English.pdf;;V3;New non-EU-27 observation added in V3;active;V3
BHS;2020;Bahamas;Bahamas;Latin America & Caribbean;High income;2020;2030;2030;NA;30;30;Percent;Final energy;All technologies;30;;https://www.ren21.net/wp-content/uploads/2019/05/GSR2021_Full_Report.pdf;;V3;New non-EU-27 observation added in V3;active;V3
BIH;2012;Bosnia and Herzegovina;Bosnia&Herzegovina;Europe & Central Asia;Upper middle income;2012;2020;2020;NA;40;40;Percent;Final energy;All technologies;40;;https://www.ren21.net/wp-content/uploads/2019/05/GSR2013_Full-Report_English.pdf;;V3;New non-EU-27 observation added in V3;active;V3
BIH;2020;Bosnia And Herzegovina;Bosnia&Herzegovina;Europe & Central Asia;Upper middle income;2020;2030;2030;NA;57;57;Percent;Electricity;All technologies;57;;https://www.ren21.net/wp-content/uploads/2019/05/GSR2021_Full_Report.pdf;;V3;New non-EU-27 observation added in V3;active;V3
BLR;2014;Belarus;Belarus;Europe & Central Asia;Upper middle income;2014;2015;2035;NA;28;28;Percent;Final energy;All technologies;28;;https://www.ren21.net/wp-content/uploads/2019/05/GSR2015_Full-Report_English.pdf;;V3;New non-EU-27 observation added in V3;active;V3
BLR;2014;Belarus;Belarus;Europe & Central Asia;Upper middle income;2014;2020;2035;NA;32;32;Percent;Final energy;All technologies;32;;https://www.ren21.net/wp-content/uploads/2019/05/GSR2015_Full-Report_English.pdf;;V3;New non-EU-27 observation added in V3;active;V3
BLR;2023;Belarus;Belarus;Europe & Central Asia;Upper middle income;2014;2035;2035;NA;9;9;Percent;Final energy;All technologies;9;;https://www.ren21.net/wp-content/uploads/2019/05/GSR2024_GlobalOverview_Full_Report_with_endnotes_web.pdf;;V3;New non-EU-27 observation added in V3;active;V3
BLZ;2013;Belize;Belize;Latin America & Caribbean;Upper middle income;2013;NA;2030;NA;50;50;Percent;Electricity;All technologies;50;;https://www.ren21.net/wp-content/uploads/2019/05/GSR2014_Full-Report_English.pdf;;V3;New non-EU-27 observation added in V3;active;V3
BLZ;2015;Belize;Belize;Latin America & Caribbean;Upper middle income;2013;2017;2030;NA;85;85;Percent;Electricity;All technologies;85;;https://www.ren21.net/wp-content/uploads/2019/05/REN21_GSR2016_FullReport_en_11.pdf;;V3;New non-EU-27 observation added in V3;active;V3
BLZ;2018;Belize;Belize;Latin America & Caribbean;Upper middle income;2013;2030;2030;NA;85;85;Percent;Electricity;All technologies;85;;https://www.ren21.net/wp-content/uploads/2019/05/gsr_2019_full_report_en.pdf;;V3;New non-EU-27 observation added in V3;active;V3
BLZ;2021;Belize;Belize;Latin America & Caribbean;Upper middle income;2013;2030;2030;NA;75;75;Percent;Electricity;All technologies;75;;https://www.ren21.net/wp-content/uploads/2019/05/GSR2022_Full_Report.pdf;;V3;New non-EU-27 observation added in V3;active;V3
BOL;2015;Bolivia (Plurinational State of);Bolivia;Latin America & Caribbean;Lower middle income;2015;2030;2030;NA;79;79;Percent;Electricity;All technologies;79;;https://www.ren21.net/wp-content/uploads/2019/05/REN21_GSR2016_FullReport_en_11.pdf;;V3;New non-EU-27 observation added in V3;active;V3
BOL;2022;Bolivia (Plurinational State of);Bolivia;Latin America & Caribbean;Lower middle income;2015;2025;2030;NA;80;80;Percent;Electricity;All technologies;80;;https://www.ren21.net/wp-content/uploads/2019/05/GSR-2023_Energy-Supply-Module.pdf;;V3;New non-EU-27 observation added in V3;active;V3
BRA;2009;Brazil;Brazil;Latin America & Caribbean;Upper middle income;2009;2020;2030;NA;75;75;Percent;Electricity;All technologies;75;;https://www.ren21.net/wp-content/uploads/2019/05/GSR2010_Full-Report_English.pdf;;V3;New non-EU-27 observation added in V3;active;V3
BRA;2015;Brazil;Brazil;Latin America & Caribbean;Upper middle income;2015;2030;2030;NA;45;45;Percent;Final energy;All technologies;45;;https://www.ren21.net/wp-content/uploads/2019/05/REN21_GSR2016_FullReport_en_11.pdf;;V3;New non-EU-27 observation added in V3;active;V3
BRA;2015;Brazil;Brazil;Latin America & Caribbean;Upper middle income;2009;2030;2030;NA;23;23;Percent;Electricity;All technologies except hydro;84.89;;https://www.ren21.net/wp-content/uploads/2019/05/REN21_GSR2016_FullReport_en_11.pdf;right;V3;New non-EU-27 observation added in V3;active;V3
BRA;2022;Brazil;Brazil;Latin America & Caribbean;Upper middle income;2009;2030;2030;NA;45;45;Percent;Electricity;All technologies;45;;https://www.ren21.net/wp-content/uploads/2019/05/GSR-2023_Energy-Supply-Module.pdf;;V3;New non-EU-27 observation added in V3;active;V3
BRB;2012;Barbados;Barbados;Latin America & Caribbean;High income;2012;2029;2050;NA;29;29;Percent;Electricity;All technologies;29;;https://www.ren21.net/wp-content/uploads/2019/05/GSR2013_Full-Report_English.pdf;;V3;New non-EU-27 observation added in V3;active;V3
BRB;2015;Barbados;Barbados;Latin America & Caribbean;High income;2012;2030;2050;NA;65;65;Percent;Electricity;All technologies;65;;https://www.ren21.net/wp-content/uploads/2019/05/REN21_GSR2016_FullReport_en_11.pdf;;V3;New non-EU-27 observation added in V3;active;V3
BRB;2016;Barbados;Barbados;Latin America & Caribbean;High income;2012;2050;2050;NA;100;100;Percent;Electricity;All technologies;100;;https://www.ren21.net/wp-content/uploads/2019/05/GSR2017_Full-Report_English.pdf;;V3;New non-EU-27 observation added in V3;active;V3
BRB;2022;Barbados;Barbados;Latin America & Caribbean;High income;2022;2050;2050;NA;100;100;Percent;Final energy;All technologies;100;;https://www.ren21.net/wp-content/uploads/2019/05/GSR2023_GlobalOverview_Full_Report_with_endnotes_web.pdf;;V3;New non-EU-27 observation added in V3;active;V3
BRB;2023;Barbados;Barbados;Latin America & Caribbean;High income;2022;2030;2050;NA;100;100;Percent;Final energy;All technologies;100;;https://www.ren21.net/wp-content/uploads/2019/05/GSR2024_GlobalOverview_Full_Report_with_endnotes_web.pdf;;V3;New non-EU-27 observation added in V3;active;V3
BRN;2014;Brunei Darussalam;Brunei Darussalam;East Asia & Pacific;High income;2014;2035;2035;NA;10;10;Percent;Electricity;All technologies;10;;https://www.ren21.net/wp-content/uploads/2019/05/GSR2015_Full-Report_English.pdf;;V3;New non-EU-27 observation added in V3;active;V3
BRN;2018;Brunei Darussalam;Brunei Darussalam;East Asia & Pacific;High income;2018;2035;2035;NA;10;10;Percent;Final energy;All technologies;10;;https://www.ren21.net/wp-content/uploads/2019/05/gsr_2019_full_report_en.pdf;;V3;New non-EU-27 observation added in V3;active;V3
BRN;2022;Brunei Darussalam;Brunei Darussalam;East Asia & Pacific;High income;2014;2035;2035;NA;30;30;Percent;Electricity;All technologies;30;;https://www.ren21.net/wp-content/uploads/2019/05/GSR-2023_Energy-Supply-Module.pdf;;V3;New non-EU-27 observation added in V3;active;V3
BTN;2016;Bhutan;Bhutan;South Asia;Lower middle income;2016;2050;2050;NA;100;100;Percent;Electricity;All technologies;100;;https://www.ren21.net/wp-content/uploads/2019/05/GSR2017_Full-Report_English.pdf;;V3;New non-EU-27 observation added in V3;active;V3
BTN;2020;Bhutan;Bhutan;South Asia;Lower middle income;2020;2050;2050;NA;100;100;Percent;Final energy;All technologies;100;;https://www.ren21.net/wp-content/uploads/2019/05/GSR2021_Full_Report.pdf;;V3;New non-EU-27 observation added in V3;active;V3
BWA;2010;Botswana;Botswana;Sub-Saharan Africa;Upper middle income;2010;2016;2036;NA;1;1;Percent;Final energy;All technologies;1;;https://www.ren21.net/wp-content/uploads/2019/05/GSR2011_Full-Report_English.pdf;;V3;New non-EU-27 observation added in V3;active;V3
BWA;2023;Botswana;Botswana;Sub-Saharan Africa;Upper middle income;2010;2036;2036;NA;50;50;Percent;Final energy;All technologies;50;;https://www.ren21.net/wp-content/uploads/2019/05/GSR2024_GlobalOverview_Full_Report_with_endnotes_web.pdf;;V3;New non-EU-27 observation added in V3;active;V3
CAN;2020;Canada;Canada;North America;High income;2020;2020;2030;NA;71;71;Percent;Electricity;All technologies except hydro;130.11;;https://www.ren21.net/wp-content/uploads/2019/05/gsr_2020_full_report_en.pdf;not sure where the target comes from;V3;New non-EU-27 observation added in V3;active;V3
CAN;2024;Canada;Canada;North America;High income;2020;2030;2030;NA;90;90;Percent;Electricity;All technologies;90;;https://www.canada.ca/en/employment-social-development/programs/agenda-2030/afforadable-clean-energy.html;;V3;New non-EU-27 observation added in V3;active;V3
CHE;2021;Switzerland;Switzerland;Europe & Central Asia;High income;2021;2026;2026;NA;100;100;Percent;Electricity;All technologies;100;;https://www.ren21.net/wp-content/uploads/2019/05/GSR2022_Full_Report.pdf;;V3;New non-EU-27 observation added in V3;active;V3
CHL;2010;Chile;Chile;Latin America & Caribbean;High income;2010;2020;2050;NA;8;8;Percent;Electricity;All technologies except hydro;43.92;;https://www.ren21.net/wp-content/uploads/2019/05/GSR2011_Full-Report_English.pdf;right;V3;New non-EU-27 observation added in V3;active;V3
CHL;2011;Chile;Chile;Latin America & Caribbean;High income;2010;2020;2050;NA;10;10;Percent;Electricity;All technologies except hydro;41.9;;https://www.ren21.net/wp-content/uploads/2019/05/GSR2012_Full-Report_English.pdf;right;V3;New non-EU-27 observation added in V3;active;V3
CHL;2013;Chile;Chile;Latin America & Caribbean;High income;2010;2025;2050;NA;20;20;Percent;Electricity;All technologies except large hydro;47.02;;https://www.ren21.net/wp-content/uploads/2019/05/GSR2014_Full-Report_English.pdf;right;V3;New non-EU-27 observation added in V3;active;V3
CHL;2019;Chile;Chile;Latin America & Caribbean;High income;2019;2024;2030;NA;20;20;Percent;Final energy;All technologies;20;;https://www.ren21.net/wp-content/uploads/2019/05/gsr_2020_full_report_en.pdf;;V3;New non-EU-27 observation added in V3;active;V3
CHL;2019;Chile;Chile;Latin America & Caribbean;High income;2010;2030;2050;NA;70;70;Percent;Electricity;All technologies;70;;https://www.ren21.net/wp-content/uploads/2019/05/gsr_2020_full_report_en.pdf;;V3;New non-EU-27 observation added in V3;active;V3
CHL;2022;Chile;Chile;Latin America & Caribbean;High income;2010;2030;2050;NA;80;80;Percent;Electricity;All technologies;80;;https://practiceguides.chambers.com/practice-guides/renewable-energy-2024/chile/trends-and-developments/O18445#:~:text=achieving%20100%%20zero%2Demission%20energy%20in%20electricity%20generation,and%2080%%20in%20renewable%20energy%20by%202030;;V3;New non-EU-27 observation added in V3;active;V3
CHL;2022;Chile;Chile;Latin America & Caribbean;High income;2010;2050;2050;NA;100;100;Percent;Electricity;All technologies;100;;https://practiceguides.chambers.com/practice-guides/renewable-energy-2024/chile/trends-and-developments/O18445#:~:text=achieving%20100%%20zero%2Demission%20energy%20in%20electricity%20generation,and%2080%%20in%20renewable%20energy%20by%202030;;V3;New non-EU-27 observation added in V3;active;V3
CHL;2023;Chile;Chile;Latin America & Caribbean;High income;2019;2030;2030;NA;70;70;Percent;Final energy;All technologies;70;;https://www.ren21.net/wp-content/uploads/2019/05/GSR2024_GlobalOverview_Full_Report_with_endnotes_web.pdf;;V3;New non-EU-27 observation added in V3;active;V3
CHN;2009;China;China;East Asia & Pacific;Upper middle income;2009;2020;2030;NA;15;15;Percent;Final energy;All technologies;15;;https://www.ren21.net/wp-content/uploads/2019/05/GSR2010_Full-Report_English.pdf;;V3;New non-EU-27 observation added in V3;active;V3
CHN;2010;China;China;East Asia & Pacific;Upper middle income;2010;2020;2030;NA;3;3;Percent;Electricity;All technologies;3;;https://www.ren21.net/wp-content/uploads/2019/05/GSR2011_Full-Report_English.pdf;;V3;New non-EU-27 observation added in V3;active;V3
CHN;2011;China;China;East Asia & Pacific;Upper middle income;2009;2015;2030;NA;11;11;Percent;Final energy;All technologies;11;;https://www.ren21.net/wp-content/uploads/2019/05/GSR2012_Full-Report_English.pdf;;V3;New non-EU-27 observation added in V3;active;V3
CHN;2012;China;China;East Asia & Pacific;Upper middle income;2009;2015;2030;NA;10;10;Percent;Final energy;All technologies;10;;https://www.ren21.net/wp-content/uploads/2019/05/GSR2013_Full-Report_English.pdf;;V3;New non-EU-27 observation added in V3;active;V3
CHN;2014;China;China;East Asia & Pacific;Upper middle income;2009;2017;2030;NA;13;13;Percent;Final energy;All technologies;13;;https://www.ren21.net/wp-content/uploads/2019/05/GSR2015_Full-Report_English.pdf;;V3;New non-EU-27 observation added in V3;active;V3
CHN;2015;China;China;East Asia & Pacific;Upper middle income;2009;2030;2030;NA;20;20;Percent;Final energy;All technologies;20;;https://www.ren21.net/wp-content/uploads/2019/05/REN21_GSR2016_FullReport_en_11.pdf;;V3;New non-EU-27 observation added in V3;active;V3
CHN;2017;China;China;East Asia & Pacific;Upper middle income;2010;2020;2030;NA;27;27;Percent;Electricity;All technologies;27;;https://www.ren21.net/wp-content/uploads/2019/08/Full-Report-2018.pdf;;V3;New non-EU-27 observation added in V3;active;V3
CHN;2018;China;China;East Asia & Pacific;Upper middle income;2010;2030;2030;NA;35;35;Percent;Electricity;All technologies;35;;https://www.ren21.net/wp-content/uploads/2019/05/gsr_2019_full_report_en.pdf;;V3;New non-EU-27 observation added in V3;active;V3
CHN;2020;China;China;East Asia & Pacific;Upper middle income;2010;2020;2030;NA;28;28;Percent;Electricity;All technologies;28;;https://www.ren21.net/wp-content/uploads/2019/05/GSR2021_Full_Report.pdf;;V3;New non-EU-27 observation added in V3;active;V3
CHN;2021;China;China;East Asia & Pacific;Upper middle income;2010;2025;2030;NA;50;50;Percent;Electricity;All technologies;50;;https://www.solarpaces.org/chinas-51-renewable-energy-target-was-achieved-early/;;V3;New non-EU-27 observation added in V3;active;V3
CHN;2021;China;China;East Asia & Pacific;Upper middle income;2010;2030;2030;NA;40;40;Percent;Electricity;All technologies;40;;https://www.ren21.net/wp-content/uploads/2019/05/GSR2022_Full_Report.pdf;;V3;New non-EU-27 observation added in V3;active;V3
CHN;2022;China;China;East Asia & Pacific;Upper middle income;2010;2030;2030;NA;26;26;Percent;Electricity;All technologies;26;;https://www.ren21.net/wp-content/uploads/2019/05/GSR2023_GlobalOverview_Full_Report_with_endnotes_web.pdf;;V3;New non-EU-27 observation added in V3;active;V3
CIV;2015;Cote d'Ivoire;Cote d'Ivoire;Sub-Saharan Africa;Lower middle income;2015;2020;2030;NA;42;42;Percent;Electricity;All technologies;42;;https://www.ren21.net/wp-content/uploads/2019/05/REN21_GSR2016_FullReport_en_11.pdf;;V3;New non-EU-27 observation added in V3;active;V3
CIV;2020;Cote d'Ivoire;Cote d'Ivoire;Sub-Saharan Africa;Lower middle income;2015;2020;2030;NA;15;15;Percent;Electricity;All technologies;15;;https://www.ren21.net/wp-content/uploads/2019/05/GSR2021_Full_Report.pdf;;V3;New non-EU-27 observation added in V3;active;V3
CIV;2021;Cote d'Ivoire;Cote d'Ivoire;Sub-Saharan Africa;Lower middle income;2015;2030;2030;NA;34;34;Percent;Electricity;All technologies;34;;https://www.ren21.net/wp-content/uploads/2019/05/GSR2022_Full_Report.pdf;;V3;New non-EU-27 observation added in V3;active;V3
CIV;2023;Cote d'Ivoire;Cote d'Ivoire;Sub-Saharan Africa;Lower middle income;2023;2030;2030;NA;16;16;Percent;Final energy;All technologies;16;;https://www.ren21.net/wp-content/uploads/2019/05/GSR2024_GlobalOverview_Full_Report_with_endnotes_web.pdf;;V3;New non-EU-27 observation added in V3;active;V3
CMR;2009;Cameroon;Cameroon;Sub-Saharan Africa;Lower middle income;2009;2020;2030;NA;80;80;Percent;Electricity;All technologies;80;;https://www.ren21.net/Portals/0/documents/activities/gsr/REN21_GSR_2010_full_revised%20Sept2010.pdf;;V3;New non-EU-27 observation added in V3;active;V3
CMR;2009;Cameroon;Cameroon;Sub-Saharan Africa;Lower middle income;2009;2015;2030;NA;50;50;Percent;Electricity;All technologies;50;;https://www.ren21.net/Portals/0/documents/activities/gsr/REN21_GSR_2010_full_revised%20Sept2010.pdf;;V3;New non-EU-27 observation added in V3;active;V3
CMR;2021;Cameroon;Cameroon;Sub-Saharan Africa;Lower middle income;2009;2030;2030;NA;19;19;Percent;Electricity;All technologies;19;;https://www.ren21.net/wp-content/uploads/2019/05/GSR2022_Full_Report.pdf;;V3;New non-EU-27 observation added in V3;active;V3
CMR;2023;Cameroon;Cameroon;Sub-Saharan Africa;Lower middle income;2023;2035;2035;NA;25;25;Percent;Final energy;All technologies;25;;https://www.ren21.net/wp-content/uploads/2019/05/GSR2024_GlobalOverview_Full_Report_with_endnotes_web.pdf;;V3;New non-EU-27 observation added in V3;active;V3
COD;2017;Congo (Democratic Republic of the);Congo, Dem Rep;Sub-Saharan Africa;Low income;2017;2050;2050;NA;100;100;Percent;Electricity;All technologies;100;;https://www.ren21.net/wp-content/uploads/2019/08/Full-Report-2018.pdf;;V3;New non-EU-27 observation added in V3;active;V3
COD;2022;Congo (Democratic Republic of the);Congo, Dem Rep;Sub-Saharan Africa;Low income;2022;2050;2050;NA;100;100;Percent;Final energy;All technologies;100;;https://www.ren21.net/wp-content/uploads/2019/05/GSR2023_GlobalOverview_Full_Report_with_endnotes_web.pdf;;V3;New non-EU-27 observation added in V3;active;V3
COG;2015;Congo;Congo, Rep.;Sub-Saharan Africa;Lower middle income;2015;2025;2025;NA;85;85;Percent;Electricity;All technologies;85;;https://www.ren21.net/wp-content/uploads/2019/05/REN21_GSR2016_FullReport_en_11.pdf;;V3;New non-EU-27 observation added in V3;active;V3
COG;2020;Congo;Congo, Rep.;Sub-Saharan Africa;Lower middle income;2020;2050;2050;NA;100;100;Percent;Final energy;All technologies;100;;https://www.ren21.net/wp-content/uploads/2019/05/GSR2021_Full_Report.pdf;;V3;New non-EU-27 observation added in V3;active;V3
COL;2011;Colombia;Colombia;Latin America & Caribbean;Upper middle income;2011;2020;2050;NA;7;7;Percent;Electricity;All technologies;7;;https://www.ren21.net/wp-content/uploads/2019/05/GSR2010_Full-Report_English.pdf;;V3;New non-EU-27 observation added in V3;active;V3
COL;2012;Colombia;Colombia;Latin America & Caribbean;Upper middle income;2011;2020;2050;NA;37;37;Percent;Electricity;All technologies;37;;https://www.ren21.net/wp-content/uploads/2019/05/GSR2013_Full-Report_English.pdf;;V3;New non-EU-27 observation added in V3;active;V3
COL;2012;Colombia;Colombia;Latin America & Caribbean;Upper middle income;2011;2015;2050;NA;24;24;Percent;Electricity;All technologies;24;;https://www.ren21.net/wp-content/uploads/2019/05/GSR2013_Full-Report_English.pdf;;V3;New non-EU-27 observation added in V3;active;V3
COL;2016;Colombia;Colombia;Latin America & Caribbean;Upper middle income;2011;2050;2050;NA;100;100;Percent;Electricity;All technologies;100;;https://www.ren21.net/wp-content/uploads/2019/05/GSR2017_Full-Report_English.pdf;;V3;New non-EU-27 observation added in V3;active;V3
COL;2019;Colombia;Colombia;Latin America & Caribbean;Upper middle income;2011;2030;2050;NA;70;70;Percent;Electricity;All technologies;70;;https://www.ren21.net/wp-content/uploads/2019/05/gsr_2020_full_report_en.pdf;;V3;New non-EU-27 observation added in V3;active;V3
COL;2020;Colombia;Colombia;Latin America & Caribbean;Upper middle income;2011;2020;2050;NA;77;77;Percent;Electricity;All technologies;77;;https://www.ren21.net/wp-content/uploads/2019/05/GSR2021_Full_Report.pdf;;V3;New non-EU-27 observation added in V3;active;V3
COL;2023;Colombia;Colombia;Latin America & Caribbean;Upper middle income;2023;2030;2030;NA;70;70;Percent;Final energy;All technologies;70;;https://www.ren21.net/wp-content/uploads/2019/05/GSR2024_GlobalOverview_Full_Report_with_endnotes_web.pdf;;V3;New non-EU-27 observation added in V3;active;V3
COM;2015;Comoros;Comoros;Sub-Saharan Africa;Lower middle income;2015;2030;2050;NA;43;43;Percent;Electricity;All technologies;43;;https://www.ren21.net/wp-content/uploads/2019/05/REN21_GSR2016_FullReport_en_11.pdf;;V3;New non-EU-27 observation added in V3;active;V3
COM;2016;Comoros;Comoros;Sub-Saharan Africa;Lower middle income;2015;2050;2050;NA;100;100;Percent;Electricity;All technologies;100;;https://www.ren21.net/wp-content/uploads/2019/05/GSR2017_Full-Report_English.pdf;;V3;New non-EU-27 observation added in V3;active;V3
COM;2020;Comoros;Comoros;Sub-Saharan Africa;Lower middle income;2020;2050;2050;NA;100;100;Percent;Final energy;All technologies;100;;https://www.ren21.net/wp-content/uploads/2019/05/GSR2021_Full_Report.pdf;;V3;New non-EU-27 observation added in V3;active;V3
CPV;2009;Cape Verde;Cape Verde;Sub-Saharan Africa;Lower middle income;2009;2020;2035;NA;50;50;Percent;Electricity;All technologies;50;;https://www.ren21.net/Portals/0/documents/activities/gsr/REN21_GSR_2010_full_revised%20Sept2010.pdf;;V3;New non-EU-27 observation added in V3;active;V3
CPV;2015;Cape Verde;Cape Verde;Sub-Saharan Africa;Lower middle income;2009;2035;2035;NA;100;100;Percent;Electricity;All technologies;100;;https://www.ren21.net/wp-content/uploads/2019/05/REN21_GSR2016_FullReport_en_11.pdf;;V3;New non-EU-27 observation added in V3;active;V3
CPV;2016;Cape Verde;Cape Verde;Sub-Saharan Africa;Lower middle income;2009;2020;2035;NA;100;100;Percent;Electricity;All technologies;100;;https://www.ren21.net/wp-content/uploads/2019/05/GSR2017_Full-Report_English.pdf;;V3;New non-EU-27 observation added in V3;active;V3
CPV;2017;Cape Verde;Cape Verde;Sub-Saharan Africa;Lower middle income;2009;2025;2035;NA;100;100;Percent;Electricity;All technologies;100;;https://www.ren21.net/wp-content/uploads/2019/08/Full-Report-2018.pdf;;V3;New non-EU-27 observation added in V3;active;V3
CPV;2022;Cape Verde;Cape Verde;Sub-Saharan Africa;Lower middle income;2009;2030;2035;NA;50;50;Percent;Electricity;All technologies;50;;https://www.ren21.net/wp-content/uploads/2019/05/GSR-2023_Energy-Supply-Module.pdf;;V3;New non-EU-27 observation added in V3;active;V3
CPV;2023;Cape Verde;Cape Verde;Sub-Saharan Africa;Lower middle income;2023;2030;2030;NA;50;50;Percent;Final energy;All technologies;50;;https://www.ren21.net/wp-content/uploads/2019/05/GSR2024_GlobalOverview_Full_Report_with_endnotes_web.pdf;;V3;New non-EU-27 observation added in V3;active;V3
CRI;2011;Costa Rica;Costa Rica;Latin America & Caribbean;Upper middle income;2011;2021;2030;NA;100;100;Percent;Electricity;All technologies;100;;https://www.ren21.net/Portals/0/documents/activities/gsr/GSR2012.pdf;;V3;New non-EU-27 observation added in V3;active;V3
CRI;2016;Costa Rica;Costa Rica;Latin America & Caribbean;Upper middle income;2011;2030;2030;NA;100;100;Percent;Electricity;All technologies;100;;https://www.ren21.net/wp-content/uploads/2019/05/GSR2017_Full-Report_English.pdf;;V3;New non-EU-27 observation added in V3;active;V3
CUB;2014;Cuba;Cuba;Latin America & Caribbean;Upper middle income;2014;2030;2035;NA;24;24;Percent;Electricity;All technologies;24;;https://www.ren21.net/wp-content/uploads/2019/05/GSR2015_Full-Report_English.pdf;;V3;New non-EU-27 observation added in V3;active;V3
CUB;2023;Cuba;Cuba;Latin America & Caribbean;Upper middle income;2023;2030;2030;NA;24;24;Percent;Final energy;All technologies;24;;https://www.ren21.net/wp-content/uploads/2019/05/GSR2024_GlobalOverview_Full_Report_with_endnotes_web.pdf;;V3;New non-EU-27 observation added in V3;active;V3
CUB;2025;Cuba;Cuba;Latin America & Caribbean;Upper middle income;2014;2035;2035;NA;26;26;Percent;Electricity;All technologies;26;;https://unfccc.int/sites/default/files/2025-02/REPUBLICA%20DE%20CUBA%20CND3.0.pdf;;V3;New non-EU-27 observation added in V3;active;V3
CYP;2006;Cyprus;Cyprus;Europe & Central Asia;High income;2006;2010;2030;NA;6;6;Percent;Electricity;All technologies;6;;https://www.ren21.net/wp-content/uploads/2019/05/GSR2006_Full-Report_English.pdf;;V1;;active;V1
CYP;2009;Cyprus;Cyprus;Europe & Central Asia;High income;2009;2020;2030;NA;13;13;Percent;Final energy;All technologies;13;;https://www.ren21.net/wp-content/uploads/2019/05/GSR2010_Full-Report_English.pdf;;V1;;active;V1
CYP;2013;Cyprus;Cyprus;Europe & Central Asia;High income;2006;2020;2030;NA;16;16;Percent;Electricity;All technologies;16;;https://www.ren21.net/wp-content/uploads/2019/05/GSR2014_Full-Report_English.pdf;;V1;;active;V1
CYP;2019;Cyprus;Cyprus;Europe & Central Asia;High income;2006;2030;2030;NA;30;30;Percent;Electricity;All technologies;30;;https://ember-energy.org/data/live-eu-necp-tracker/#data-tool;;V1;;active;V1
CYP;2020;Cyprus;Cyprus;Europe & Central Asia;High income;2009;2030;2030;NA;23;23;Percent;Final energy;All technologies;23;;https://www.ren21.net/wp-content/uploads/2019/05/GSR2021_Full_Report.pdf;;V1;;active;V1
CYP;2023;Cyprus;Cyprus;Europe & Central Asia;High income;2006;2030;2030;NA;38;38;Percent;Electricity;All technologies;38;;https://ember-energy.org/data/live-eu-necp-tracker/#data-tool;;V1;;active;V1
CZE;2004;Czechia;Czechia;Europe & Central Asia;High income;2004;2030;2030;NA;17;17;Percent;Electricity;All technologies;17;;https://www.ren21.net/wp-content/uploads/2019/05/GSR2005_Full-Report_English.pdf;;V1;;active;V1
CZE;2004;Czechia;Czechia;Europe & Central Asia;High income;2004;2010;2030;NA;8;8;Percent;Electricity;All technologies;8;;https://www.ren21.net/wp-content/uploads/2019/05/GSR2005_Full-Report_English.pdf;;V1;;active;V1
CZE;2006;Czechia;Czechia;Europe & Central Asia;High income;2006;2020;2030;NA;6;6;Percent;Final energy;All technologies;6;;https://www.ren21.net/wp-content/uploads/2019/05/GSR2007_Full-Report_English.pdf;;V1;;active;V1
CZE;2009;Czechia;Czechia;Europe & Central Asia;High income;2006;2020;2030;NA;13;13;Percent;Final energy;All technologies;13;;https://www.ren21.net/wp-content/uploads/2019/05/GSR2010_Full-Report_English.pdf;;V1;;active;V1
CZE;2011;Czechia;Czechia;Europe & Central Asia;High income;2006;2020;2030;NA;14;14;Percent;Final energy;All technologies;14;;https://www.ren21.net/wp-content/uploads/2019/05/GSR2012_Full-Report_English.pdf;;V1;;active;V1
CZE;2013;Czechia;Czechia;Europe & Central Asia;High income;2004;2020;2030;NA;14;14;Percent;Electricity;All technologies;14;;https://www.ren21.net/wp-content/uploads/2019/05/GSR2014_Full-Report_English.pdf;;V1;;active;V1
CZE;2019;Czechia;Czechia;Europe & Central Asia;High income;2004;2030;2030;NA;52;52;Percent;Electricity;All technologies;52;;https://ember-energy.org/data/live-eu-necp-tracker/#data-tool;;V1;;active;V1
CZE;2020;Czechia;Czechia;Europe & Central Asia;High income;2006;2030;2030;NA;22;22;Percent;Final energy;All technologies;22;;https://www.ren21.net/wp-content/uploads/2019/05/GSR2021_Full_Report.pdf;;V1;;active;V1
CZE;2023;Czechia;Czechia;Europe & Central Asia;High income;2004;2030;2030;NA;75;75;Percent;Electricity;All technologies;75;;https://ember-energy.org/data/live-eu-necp-tracker/#data-tool;;V1;;active;V1
DEU;2004;Germany;Germany;Europe & Central Asia;High income;2004;2010;2050;NA;13;13;Percent;Electricity;All technologies;13;;https://www.clearingstelle-eeg-kwkg.de/sites/default/files/node/8/EEG_2004_Englische_Version.pdf;;V1;;active;V1
DEU;2006;Germany;Germany;Europe & Central Asia;High income;2006;2020;2050;NA;18;18;Percent;Final energy;All technologies;18;;https://www.ren21.net/wp-content/uploads/2019/05/GSR2007_Full-Report_English.pdf;;V1;;active;V1
DEU;2009;Germany;Germany;Europe & Central Asia;High income;2004;2030;2050;NA;50;50;Percent;Electricity;All technologies;50;;https://www.ren21.net/wp-content/uploads/2019/05/GSR2010_Full-Report_English.pdf;;V1;;active;V1
DEU;2009;Germany;Germany;Europe & Central Asia;High income;2004;2020;2050;NA;30;30;Percent;Electricity;All technologies;30;;https://www.ren21.net/wp-content/uploads/2019/05/GSR2010_Full-Report_English.pdf;;V1;;active;V1
DEU;2010;Germany;Germany;Europe & Central Asia;High income;2006;2030;2050;NA;30;30;Percent;Final energy;All technologies;30;;https://www.ren21.net/wp-content/uploads/2019/05/GSR2011_Full-Report_English.pdf;;V1;;active;V1
DEU;2010;Germany;Germany;Europe & Central Asia;High income;2004;2040;2050;NA;65;65;Percent;Electricity;All technologies;65;;https://www.ren21.net/wp-content/uploads/2019/05/GSR2011_Full-Report_English.pdf;;V1;;active;V1
DEU;2010;Germany;Germany;Europe & Central Asia;High income;2006;2040;2050;NA;45;45;Percent;Final energy;All technologies;45;;https://www.ren21.net/wp-content/uploads/2019/05/GSR2011_Full-Report_English.pdf;;V1;;active;V1
DEU;2010;Germany;Germany;Europe & Central Asia;High income;2004;2050;2050;NA;80;80;Percent;Electricity;All technologies;80;;https://www.ren21.net/wp-content/uploads/2019/05/GSR2011_Full-Report_English.pdf;;V1;;active;V1
DEU;2010;Germany;Germany;Europe & Central Asia;High income;2006;2050;2050;NA;60;60;Percent;Final energy;All technologies;60;;https://www.ren21.net/wp-content/uploads/2019/05/GSR2011_Full-Report_English.pdf;;V1;;active;V1
DEU;2014;Germany;Germany;Europe & Central Asia;High income;2004;2035;2050;55;60;58;Percent;Electricity;All technologies;58;;https://www.ren21.net/wp-content/uploads/2019/05/GSR2015_Full-Report_English.pdf;;V1;;active;V1
DEU;2014;Germany;Germany;Europe & Central Asia;High income;2004;2025;2050;40;45;43;Percent;Electricity;All technologies;43;;https://www.ren21.net/wp-content/uploads/2019/05/GSR2015_Full-Report_English.pdf;;V1;;active;V1
DEU;2019;Germany;Germany;Europe & Central Asia;High income;2004;2030;2050;NA;62;62;Percent;Electricity;All technologies;62;;https://ember-energy.org/data/live-eu-necp-tracker/#data-tool;;V1;;active;V1
DEU;2022;Germany;Germany;Europe & Central Asia;High income;2004;2035;2050;NA;100;100;Percent;Electricity;All technologies;100;;https://www.reuters.com/business/sustainable-business/germany-aims-get-100-energy-renewable-sources-by-2035-2022-02-28/;;V1;;active;V1
DEU;2023;Germany;Germany;Europe & Central Asia;High income;2004;2030;2050;NA;80;80;Percent;Electricity;All technologies;80;;https://www.cleanenergywire.org/factsheets/clew-guide-germany-still-track-2030-climate-targets;;V1;;active;V1
DJI;2011;Djibouti;Djibouti;Middle East & North Africa;Lower middle income;2011;2017;2035;NA;30;30;Percent;Electricity;All technologies;30;;https://www.ren21.net/wp-content/uploads/2019/05/GSR2012_Full-Report_English.pdf;;V3;New non-EU-27 observation added in V3;active;V3
DJI;2012;Djibouti;Djibouti;Middle East & North Africa;Lower middle income;2012;2020;2020;NA;100;100;Percent;Final energy;All technologies;100;;https://www.ren21.net/wp-content/uploads/2019/05/GSR2013_Full-Report_English.pdf;;V3;New non-EU-27 observation added in V3;active;V3
DJI;2013;Djibouti;Djibouti;Middle East & North Africa;Lower middle income;2011;2020;2035;NA;100;100;Percent;Electricity;All technologies;100;;https://www.ren21.net/wp-content/uploads/2019/05/GSR2014_Full-Report_English.pdf;;V3;New non-EU-27 observation added in V3;active;V3
DJI;2015;Djibouti;Djibouti;Middle East & North Africa;Lower middle income;2011;2035;2035;NA;35;35;Percent;Electricity;All technologies;35;;https://www.ren21.net/wp-content/uploads/2019/05/REN21_GSR2016_FullReport_en_11.pdf;;V3;New non-EU-27 observation added in V3;active;V3
DMA;2012;Dominica;Dominica;Latin America & Caribbean;Upper middle income;2012;NA;NA;NA;100;100;Percent;Electricity;All technologies;100;;https://www.ren21.net/wp-content/uploads/2019/05/GSR2013_Full-Report_English.pdf;;V3;New non-EU-27 observation added in V3;active;V3
DNK;2001;Denmark;Denmark;Europe & Central Asia;High income;2001;2010;2050;NA;29;29;Percent;Electricity;All technologies;29;;https://eur-lex.europa.eu/legal-content/EN/TXT/PDF/?uri=CELEX:32001L0077&from=EN;;V1;;active;V1
DNK;2006;Denmark;Denmark;Europe & Central Asia;High income;2006;2020;2050;NA;30;30;Percent;Final energy;All technologies;30;;https://www.ren21.net/wp-content/uploads/2019/05/GSR2007_Full-Report_English.pdf;;V1;;active;V1
DNK;2010;Denmark;Denmark;Europe & Central Asia;High income;2006;2011;2050;NA;20;20;Percent;Final energy;All technologies;20;;https://www.ren21.net/wp-content/uploads/2019/05/GSR2011_Full-Report_English.pdf;;V1;;active;V1
DNK;2011;Denmark;Denmark;Europe & Central Asia;High income;2006;2020;2050;NA;35;35;Percent;Final energy;All technologies;35;;https://www.ren21.net/wp-content/uploads/2019/05/GSR2012_Full-Report_English.pdf;;V1;;active;V1
DNK;2011;Denmark;Denmark;Europe & Central Asia;High income;2001;2050;2050;NA;100;100;Percent;Electricity;All technologies;100;;https://www.ren21.net/Portals/0/documents/activities/gsr/GSR2012.pdf;;V1;;active;V1
DNK;2011;Denmark;Denmark;Europe & Central Asia;High income;2006;2050;2050;NA;100;100;Percent;Final energy;All technologies;100;;https://www.ren21.net/wp-content/uploads/2019/05/GSR2012_Full-Report_English.pdf;;V1;;active;V1
DNK;2011;Denmark;Denmark;Europe & Central Asia;High income;2001;2020;2050;NA;50;50;Percent;Electricity;All technologies;50;;https://www.ren21.net/Portals/0/documents/activities/gsr/GSR2012.pdf;;V1;;active;V1
DNK;2019;Denmark;Denmark;Europe & Central Asia;High income;2001;2030;2050;NA;98;98;Percent;Electricity;All technologies;98;;https://ember-energy.org/data/live-eu-necp-tracker/#data-tool;;V1;;active;V1
DNK;2020;Denmark;Denmark;Europe & Central Asia;High income;2006;2030;2050;NA;50;50;Percent;Final energy;All technologies;50;;https://www.ren21.net/wp-content/uploads/2019/05/GSR2021_Full_Report.pdf;;V1;;active;V1
DNK;2023;Denmark;Denmark;Europe & Central Asia;High income;2006;2030;2050;NA;55;55;Percent;Final energy;All technologies;55;;https://www.ren21.net/wp-content/uploads/2019/05/GSR2024_GlobalOverview_Full_Report_with_endnotes_web.pdf;;V1;;active;V1
DNK;2023;Denmark;Denmark;Europe & Central Asia;High income;2001;2030;2050;NA;99;99;Percent;Electricity;All technologies;99;;https://ember-energy.org/data/live-eu-necp-tracker/#data-tool;;V1;;active;V1
DOM;2009;Dominican Republic;Dominican Rep;Latin America & Caribbean;Upper middle income;2009;2015;2050;NA;10;10;Percent;Electricity;All technologies;10;;https://www.ren21.net/Portals/0/documents/activities/gsr/REN21_GSR_2010_full_revised%20Sept2010.pdf;;V3;New non-EU-27 observation added in V3;active;V3
DOM;2009;Dominican Republic;Dominican Rep;Latin America & Caribbean;Upper middle income;2009;2025;2050;NA;25;25;Percent;Electricity;All technologies;25;;https://www.ren21.net/Portals/0/documents/activities/gsr/REN21_GSR_2010_full_revised%20Sept2010.pdf;;V3;New non-EU-27 observation added in V3;active;V3
DOM;2010;Dominican Republic;Dominican Rep;Latin America & Caribbean;Upper middle income;2009;2020;2050;NA;25;25;Percent;Electricity;All technologies;25;;https://www.ren21.net/wp-content/uploads/2019/05/GSR2011_Full-Report_English.pdf;;V3;New non-EU-27 observation added in V3;active;V3
DOM;2012;Dominican Republic;Dominican Rep;Latin America & Caribbean;Upper middle income;2012;2025;2050;NA;25;25;Percent;Final energy;All technologies;25;;https://www.ren21.net/wp-content/uploads/2019/05/GSR2013_Full-Report_English.pdf;;V3;New non-EU-27 observation added in V3;active;V3
DOM;2016;Dominican Republic;Dominican Rep;Latin America & Caribbean;Upper middle income;2009;2050;2050;NA;100;100;Percent;Electricity;All technologies;100;;https://www.ren21.net/wp-content/uploads/2019/05/GSR2017_Full-Report_English.pdf;;V3;New non-EU-27 observation added in V3;active;V3
DOM;2018;Dominican Republic;Dominican Rep;Latin America & Caribbean;Upper middle income;2009;2030;2050;NA;70;70;Percent;Electricity;All technologies;70;;https://www.ren21.net/wp-content/uploads/2019/05/gsr_2020_full_report_en.pdf;;V3;New non-EU-27 observation added in V3;active;V3
DOM;2020;Dominican Republic;Dominican Rep;Latin America & Caribbean;Upper middle income;2012;2050;2050;NA;100;100;Percent;Final energy;All technologies;100;;https://www.ren21.net/wp-content/uploads/2019/05/GSR2021_Full_Report.pdf;;V3;New non-EU-27 observation added in V3;active;V3
DOM;2022;Dominican Republic;Dominican Rep;Latin America & Caribbean;Upper middle income;2009;2030;2050;NA;100;100;Percent;Electricity;All technologies;100;;https://www.ren21.net/wp-content/uploads/2019/05/GSR-2023_Energy-Supply-Module.pdf;;V3;New non-EU-27 observation added in V3;active;V3
DOM;2023;Dominican Republic;Dominican Rep;Latin America & Caribbean;Upper middle income;2012;2030;2050;NA;27;27;Percent;Final energy;All technologies;27;;https://www.ren21.net/wp-content/uploads/2019/05/GSR2024_GlobalOverview_Full_Report_with_endnotes_web.pdf;;V3;New non-EU-27 observation added in V3;active;V3
DZA;2009;Algeria;Algeria;Middle East & North Africa;Upper middle income;2009;2010;2030;NA;10;10;Percent;Electricity;All technologies;10;;https://www.ren21.net/Portals/0/documents/activities/gsr/REN21_GSR_2010_full_revised%20Sept2010.pdf;;V3;New non-EU-27 observation added in V3;active;V3
DZA;2010;Algeria;Algeria;Middle East & North Africa;Upper middle income;2009;2017;2030;NA;5;5;Percent;Electricity;All technologies;5;;https://www.ren21.net/wp-content/uploads/2019/05/GSR2011_Full-Report_English.pdf;;V3;New non-EU-27 observation added in V3;active;V3
DZA;2010;Algeria;Algeria;Middle East & North Africa;Upper middle income;2009;2030;2030;NA;20;20;Percent;Electricity;All technologies;20;;https://www.ren21.net/wp-content/uploads/2019/05/GSR2011_Full-Report_English.pdf;;V3;New non-EU-27 observation added in V3;active;V3
DZA;2011;Algeria;Algeria;Middle East & North Africa;Upper middle income;2011;2030;2030;NA;40;40;Percent;Final energy;All technologies;40;;https://www.ren21.net/wp-content/uploads/2019/05/GSR2012_Full-Report_English.pdf;;V3;New non-EU-27 observation added in V3;active;V3
DZA;2012;Algeria;Algeria;Middle East & North Africa;Upper middle income;2009;2030;2030;NA;40;40;Percent;Electricity;All technologies;40;;https://www.ren21.net/wp-content/uploads/2019/05/GSR2013_Full-Report_English.pdf;;V3;New non-EU-27 observation added in V3;active;V3
DZA;2014;Algeria;Algeria;Middle East & North Africa;Upper middle income;2009;2030;2030;NA;27;27;Percent;Electricity;All technologies;27;;https://www.ren21.net/wp-content/uploads/2019/05/GSR2015_Full-Report_English.pdf;;V3;New non-EU-27 observation added in V3;active;V3
DZA;2015;Algeria;Algeria;Middle East & North Africa;Upper middle income;2011;2030;2030;NA;37;37;Percent;Final energy;All technologies;37;;https://www.ren21.net/wp-content/uploads/2019/05/REN21_GSR2016_FullReport_en_11.pdf;;V3;New non-EU-27 observation added in V3;active;V3
ECU;2014;Ecuador;Ecuador;Latin America & Caribbean;Upper middle income;2014;2017;2030;NA;85;85;Percent;Electricity;All technologies;85;;https://www.ren21.net/wp-content/uploads/2019/05/GSR2015_Full-Report_English.pdf;;V3;New non-EU-27 observation added in V3;active;V3
ECU;2016;Ecuador;Ecuador;Latin America & Caribbean;Upper middle income;2014;2017;2030;NA;90;90;Percent;Electricity;All technologies;90;;https://www.ren21.net/wp-content/uploads/2019/05/GSR2017_Full-Report_English.pdf;;V3;New non-EU-27 observation added in V3;active;V3
ECU;2021;Ecuador;Ecuador;Latin America & Caribbean;Upper middle income;2014;2030;2030;NA;100;100;Percent;Electricity;All technologies;100;;https://www.ren21.net/wp-content/uploads/2019/05/GSR2022_Full_Report.pdf;;V3;New non-EU-27 observation added in V3;active;V3
EGY;2005;Egypt;Egypt;Middle East & North Africa;Lower middle income;2005;2020;2035;NA;14;14;Percent;Electricity;All technologies;14;;https://www.ren21.net/wp-content/uploads/2019/05/GSR2005_Full-Report_English.pdf;;V3;New non-EU-27 observation added in V3;active;V3
EGY;2005;Egypt;Egypt;Middle East & North Africa;Lower middle income;2005;2010;2035;NA;3;3;Percent;Electricity;All technologies;3;;https://www.ren21.net/wp-content/uploads/2019/05/GSR2005_Full-Report_English.pdf;;V3;New non-EU-27 observation added in V3;active;V3
EGY;2007;Egypt;Egypt;Middle East & North Africa;Lower middle income;2005;2020;2035;NA;20;20;Percent;Electricity;All technologies;20;;https://www.ren21.net/Portals/0/documents/activities/gsr/RE2007_Global_Status_Report.pdf;;V3;New non-EU-27 observation added in V3;active;V3
EGY;2011;Egypt;Egypt;Middle East & North Africa;Lower middle income;2011;2020;2020;NA;20;20;Percent;Final energy;All technologies;20;;https://www.ren21.net/wp-content/uploads/2019/05/GSR2012_Full-Report_English.pdf;;V3;New non-EU-27 observation added in V3;active;V3
EGY;2016;Egypt;Egypt;Middle East & North Africa;Lower middle income;2005;2022;2035;NA;20;20;Percent;Electricity;All technologies;20;;https://www.ren21.net/wp-content/uploads/2019/05/GSR2017_Full-Report_English.pdf;;V3;New non-EU-27 observation added in V3;active;V3
EGY;2019;Egypt;Egypt;Middle East & North Africa;Lower middle income;2011;2020;2020;NA;25;25;Percent;Final energy;All technologies;25;;https://www.ren21.net/wp-content/uploads/2019/05/gsr_2020_full_report_en.pdf;;V3;New non-EU-27 observation added in V3;active;V3
EGY;2021;Egypt;Egypt;Middle East & North Africa;Lower middle income;2005;2030;2035;NA;42;42;Percent;Electricity;All technologies;42;;https://www.ren21.net/wp-content/uploads/2019/05/GSR2022_Full_Report.pdf;;V3;New non-EU-27 observation added in V3;active;V3
EGY;2022;Egypt;Egypt;Middle East & North Africa;Lower middle income;2005;2035;2035;NA;42;42;Percent;Electricity;All technologies;42;;https://www.ren21.net/wp-content/uploads/2019/05/GSR2023_GlobalOverview_Full_Report_with_endnotes_web.pdf;;V3;New non-EU-27 observation added in V3;active;V3
ERI;2011;Eritrea;Eritrea;Sub-Saharan Africa;Low income;2011;NA;2030;NA;50;50;Percent;Electricity;All technologies;50;;https://www.ren21.net/Portals/0/documents/activities/gsr/GSR2012.pdf;;V3;New non-EU-27 observation added in V3;active;V3
ERI;2015;Eritrea;Eritrea;Sub-Saharan Africa;Low income;2011;2030;2030;NA;70;70;Percent;Electricity;All technologies;70;;https://www.ren21.net/wp-content/uploads/2019/05/REN21_GSR2016_FullReport_en_11.pdf;;V3;New non-EU-27 observation added in V3;active;V3
ESP;2001;Spain;Spain;Europe & Central Asia;High income;2001;2010;2030;NA;29;29;Percent;Electricity;All technologies;29;;https://eur-lex.europa.eu/legal-content/EN/TXT/PDF/?uri=CELEX:32001L0077&from=EN;;V1;;active;V1
ESP;2006;Spain;Spain;Europe & Central Asia;High income;2006;2020;2030;NA;20;20;Percent;Final energy;All technologies;20;;https://www.ren21.net/wp-content/uploads/2019/05/GSR2007_Full-Report_English.pdf;;V1;;active;V1
ESP;2011;Spain;Spain;Europe & Central Asia;High income;2001;2020;2030;NA;38;38;Percent;Electricity;All technologies;38;;https://www.ren21.net/Portals/0/documents/activities/gsr/GSR2012.pdf;;V1;;active;V1
ESP;2011;Spain;Spain;Europe & Central Asia;High income;2006;2020;2030;NA;21;21;Percent;Final energy;All technologies;21;;https://www.ren21.net/wp-content/uploads/2019/05/GSR2012_Full-Report_English.pdf;;V1;;active;V1
ESP;2019;Spain;Spain;Europe & Central Asia;High income;2001;2030;2030;NA;83;83;Percent;Electricity;All technologies;83;;https://ember-energy.org/data/live-eu-necp-tracker/#data-tool;;V1;;active;V1
ESP;2019;Spain;Spain;Europe & Central Asia;High income;2006;2030;2030;NA;42;42;Percent;Final energy;All technologies;42;;https://www.ren21.net/wp-content/uploads/2019/05/gsr_2020_full_report_en.pdf;;V1;;active;V1
ESP;2023;Spain;Spain;Europe & Central Asia;High income;2001;2030;2030;NA;90;90;Percent;Electricity;All technologies;90;;https://ember-energy.org/data/live-eu-necp-tracker/#data-tool;;V1;;active;V1
EST;2004;Estonia;Estonia;Europe & Central Asia;High income;2004;2010;2030;NA;5;5;Percent;Electricity;All technologies;5;;https://www.sciencedirect.com/science/article/pii/S1364032105000535;;V1;;active;V1
EST;2009;Estonia;Estonia;Europe & Central Asia;High income;2009;2020;2030;NA;25;25;Percent;Final energy;All technologies;25;;https://www.ren21.net/wp-content/uploads/2019/05/GSR2010_Full-Report_English.pdf;;V1;;active;V1
EST;2010;Estonia;Estonia;Europe & Central Asia;High income;2004;2015;2030;NA;8;8;Percent;Electricity;All technologies;8;;https://www.ren21.net/wp-content/uploads/2019/05/GSR2011_Full-Report_English.pdf;;V1;;active;V1
EST;2011;Estonia;Estonia;Europe & Central Asia;High income;2004;2015;2030;NA;18;18;Percent;Electricity;All technologies;18;;https://www.ren21.net/Portals/0/documents/activities/gsr/GSR2012.pdf;;V1;;active;V1
EST;2016;Estonia;Estonia;Europe & Central Asia;High income;2004;2020;2030;NA;18;18;Percent;Electricity;All technologies;18;;https://www.ren21.net/wp-content/uploads/2019/05/GSR2017_Full-Report_English.pdf;;V1;;active;V1
EST;2019;Estonia;Estonia;Europe & Central Asia;High income;2004;2030;2030;NA;60;60;Percent;Electricity;All technologies;60;;https://ember-energy.org/data/live-eu-necp-tracker/#data-tool;;V1;;active;V1
EST;2020;Estonia;Estonia;Europe & Central Asia;High income;2009;2030;2030;NA;42;42;Percent;Final energy;All technologies;42;;https://www.ren21.net/wp-content/uploads/2019/05/GSR2021_Full_Report.pdf;;V1;;active;V1
EST;2023;Estonia;Estonia;Europe & Central Asia;High income;2009;2030;2030;NA;65;65;Percent;Final energy;All technologies;65;;https://www.ren21.net/wp-content/uploads/2019/05/GSR2024_GlobalOverview_Full_Report_with_endnotes_web.pdf;;V1;;active;V1
EST;2023;Estonia;Estonia;Europe & Central Asia;High income;2004;2030;2030;NA;100;100;Percent;Electricity;All technologies;100;;https://ember-energy.org/data/live-eu-necp-tracker/#data-tool;;V1;;active;V1
ETH;2016;Ethiopia;Ethiopia;Sub-Saharan Africa;Low income;2016;2050;2050;NA;100;100;Percent;Electricity;All technologies;100;;https://www.ren21.net/wp-content/uploads/2019/05/GSR2017_Full-Report_English.pdf;;V3;New non-EU-27 observation added in V3;active;V3
ETH;2020;Ethiopia;Ethiopia;Sub-Saharan Africa;Low income;2020;2030;2030;NA;32;32;Percent;Final energy;All technologies;32;;https://www.ren21.net/wp-content/uploads/2019/05/GSR2021_Full_Report.pdf;;V3;New non-EU-27 observation added in V3;active;V3
ETH;2020;Ethiopia;Ethiopia;Sub-Saharan Africa;Low income;2016;2030;2050;NA;32;32;Percent;Electricity;All technologies;32;;https://www.ren21.net/wp-content/uploads/2019/05/GSR2021_Full_Report.pdf;;V3;New non-EU-27 observation added in V3;active;V3
FIN;2001;Finland;Finland;Europe & Central Asia;High income;2001;2010;2030;NA;32;32;Percent;Electricity;All technologies;32;;https://eur-lex.europa.eu/legal-content/EN/TXT/PDF/?uri=CELEX:32001L0077&from=EN;;V1;;active;V1
FIN;2009;Finland;Finland;Europe & Central Asia;High income;2009;2020;2030;NA;38;38;Percent;Final energy;All technologies;38;;https://www.ren21.net/wp-content/uploads/2019/05/GSR2010_Full-Report_English.pdf;;V1;;active;V1
FIN;2012;Finland;Finland;Europe & Central Asia;High income;2009;2025;2030;NA;40;40;Percent;Final energy;All technologies;40;;https://www.ren21.net/wp-content/uploads/2019/05/GSR2013_Full-Report_English.pdf;;V1;;active;V1
FIN;2012;Finland;Finland;Europe & Central Asia;High income;2009;2015;2030;NA;25;25;Percent;Final energy;All technologies;25;;https://www.ren21.net/wp-content/uploads/2019/05/GSR2013_Full-Report_English.pdf;;V1;;active;V1
FIN;2013;Finland;Finland;Europe & Central Asia;High income;2001;2020;2030;NA;33;33;Percent;Electricity;All technologies;33;;https://www.ren21.net/wp-content/uploads/2019/05/GSR2014_Full-Report_English.pdf;;V1;;active;V1
FIN;2019;Finland;Finland;Europe & Central Asia;High income;2001;2030;2030;NA;93;93;Percent;Electricity;All technologies;93;;https://ember-energy.org/data/live-eu-necp-tracker/#data-tool;;V1;;active;V1
FIN;2020;Finland;Finland;Europe & Central Asia;High income;2009;2030;2030;NA;51;51;Percent;Final energy;All technologies;51;;https://www.ren21.net/wp-content/uploads/2019/05/GSR2021_Full_Report.pdf;;V1;;active;V1
FIN;2020;Finland;Finland;Europe & Central Asia;High income;2009;2025;2030;NA;44;44;Percent;Final energy;All technologies;44;;https://www.ren21.net/wp-content/uploads/2019/05/GSR2021_Full_Report.pdf;;V1;;active;V1
FIN;2023;Finland;Finland;Europe & Central Asia;High income;2001;2030;2030;NA;97;97;Percent;Electricity;All technologies;97;;https://ember-energy.org/data/live-eu-necp-tracker/#data-tool;;V1;;active;V1
FIN;2023;Finland;Finland;Europe & Central Asia;High income;2009;2030;2030;NA;50;50;Percent;Final energy;All technologies;50;;https://www.ren21.net/wp-content/uploads/2019/05/GSR2024_GlobalOverview_Full_Report_with_endnotes_web.pdf;;V1;;active;V1
FJI;2009;Fiji;Fiji;East Asia & Pacific;Upper middle income;2009;2013;2036;NA;100;100;Percent;Final energy;All technologies;100;;https://www.ren21.net/wp-content/uploads/2019/05/GSR2010_Full-Report_English.pdf;;V3;New non-EU-27 observation added in V3;active;V3
FJI;2012;Fiji;Fiji;East Asia & Pacific;Upper middle income;2012;2015;2030;NA;90;90;Percent;Electricity;All technologies;90;;https://www.ren21.net/wp-content/uploads/2019/05/GSR2013_Full-Report_English.pdf;;V3;New non-EU-27 observation added in V3;active;V3
FJI;2013;Fiji;Fiji;East Asia & Pacific;Upper middle income;2012;2030;2030;NA;100;100;Percent;Electricity;All technologies;100;;https://www.ren21.net/wp-content/uploads/2019/05/GSR2014_Full-Report_English.pdf;;V3;New non-EU-27 observation added in V3;active;V3
FJI;2013;Fiji;Fiji;East Asia & Pacific;Upper middle income;2009;2030;2036;NA;23;23;Percent;Final energy;All technologies;23;;https://www.ren21.net/wp-content/uploads/2019/05/GSR2014_Full-Report_English.pdf;;V3;New non-EU-27 observation added in V3;active;V3
FJI;2020;Fiji;Fiji;East Asia & Pacific;Upper middle income;2012;2020;2030;NA;81;81;Percent;Electricity;All technologies;81;;https://www.ren21.net/wp-content/uploads/2019/05/GSR2021_Full_Report.pdf;;V3;New non-EU-27 observation added in V3;active;V3
FJI;2020;Fiji;Fiji;East Asia & Pacific;Upper middle income;2009;2036;2036;NA;100;100;Percent;Final energy;All technologies;100;;https://www.ren21.net/wp-content/uploads/2019/05/GSR2021_Full_Report.pdf;;V3;New non-EU-27 observation added in V3;active;V3
FJI;2023;Fiji;Fiji;East Asia & Pacific;Upper middle income;2009;2030;2036;NA;100;100;Percent;Final energy;All technologies;100;;https://www.ren21.net/wp-content/uploads/2019/05/GSR2024_GlobalOverview_Full_Report_with_endnotes_web.pdf;;V3;New non-EU-27 observation added in V3;active;V3
FRA;2001;France;France;Europe & Central Asia;High income;2001;2010;2030;NA;21;21;Percent;Electricity;All technologies;21;;https://eur-lex.europa.eu/legal-content/EN/TXT/PDF/?uri=CELEX:32001L0077&from=EN;;V1;;active;V1
FRA;2006;France;France;Europe & Central Asia;High income;2006;2020;2030;NA;10;10;Percent;Final energy;All technologies;10;;https://www.ren21.net/wp-content/uploads/2019/05/GSR2007_Full-Report_English.pdf;;V1;;active;V1
FRA;2010;France;France;Europe & Central Asia;High income;2006;2020;2030;NA;23;23;Percent;Final energy;All technologies;23;;https://www.ren21.net/wp-content/uploads/2019/05/GSR2011_Full-Report_English.pdf;;V1;;active;V1
FRA;2011;France;France;Europe & Central Asia;High income;2001;2020;2030;NA;27;27;Percent;Electricity;All technologies;27;;https://www.ren21.net/Portals/0/documents/activities/gsr/GSR2012.pdf;;V1;;active;V1
FRA;2011;France;France;Europe & Central Asia;High income;2006;2020;2030;NA;27;27;Percent;Final energy;All technologies;27;;https://www.ren21.net/wp-content/uploads/2019/05/GSR2012_Full-Report_English.pdf;;V1;;active;V1
FRA;2014;France;France;Europe & Central Asia;High income;2006;2030;2030;NA;32;32;Percent;Final energy;All technologies;32;;https://www.ren21.net/wp-content/uploads/2019/05/GSR2015_Full-Report_English.pdf;;V1;;active;V1
FRA;2015;France;France;Europe & Central Asia;High income;2001;2030;2030;NA;40;40;Percent;Electricity;All technologies;40;;https://www.ren21.net/wp-content/uploads/2019/05/REN21_GSR2016_FullReport_en_11.pdf;;V1;;active;V1
FRA;2019;France;France;Europe & Central Asia;High income;2001;2030;2030;NA;95;95;Percent;Electricity;All technologies;95;;https://ember-energy.org/data/live-eu-necp-tracker/#data-tool;;V1;;active;V1
FRA;2023;France;France;Europe & Central Asia;High income;2001;2030;2030;NA;96;96;Percent;Electricity;All technologies;96;;https://ember-energy.org/data/live-eu-necp-tracker/#data-tool;;V1;;active;V1
FRA;2023;France;France;Europe & Central Asia;High income;2006;2030;2030;NA;33;33;Percent;Final energy;All technologies;33;;https://www.ren21.net/wp-content/uploads/2019/05/GSR2024_GlobalOverview_Full_Report_with_endnotes_web.pdf;;V1;;active;V1
FSM;2011;Micronesia (Federated States of);Micronesia;East Asia & Pacific;Lower middle income;2011;2020;2030;NA;10;10;Percent;Electricity;All technologies;10;Only urban;https://www.ren21.net/wp-content/uploads/2019/05/GSR2012_Full-Report_English.pdf;;V3;New non-EU-27 observation added in V3;active;V3
FSM;2011;Micronesia (Federated States of);Micronesia;East Asia & Pacific;Lower middle income;2011;2020;2030;NA;50;50;Percent;Electricity;All technologies;50;Only rural;https://www.ren21.net/wp-content/uploads/2019/05/GSR2012_Full-Report_English.pdf;;V3;New non-EU-27 observation added in V3;active;V3
FSM;2020;Micronesia (Federated States of);Micronesia;East Asia & Pacific;Lower middle income;2011;2020;2030;NA;30;30;Percent;Electricity;All technologies;30;;https://www.ren21.net/wp-content/uploads/2019/05/GSR2021_Full_Report.pdf;;V3;New non-EU-27 observation added in V3;active;V3
FSM;2022;Micronesia (Federated States of);Micronesia;East Asia & Pacific;Lower middle income;2011;2030;2030;NA;70;70;Percent;Electricity;All technologies;70;;https://unfccc.int/sites/default/files/NDC/2022-10/Updated%20NDC%20of%20the%20MICRONESIA.pdf;;V3;New non-EU-27 observation added in V3;active;V3
FSM;2023;Micronesia (Federated States of);Micronesia;East Asia & Pacific;Lower middle income;2023;2030;2030;NA;70;70;Percent;Final energy;All technologies;70;;https://www.ren21.net/wp-content/uploads/2019/05/GSR2024_GlobalOverview_Full_Report_with_endnotes_web.pdf;;V3;New non-EU-27 observation added in V3;active;V3
GAB;2010;Gabon;Gabon;Sub-Saharan Africa;Upper middle income;2010;2020;2020;NA;80;80;Percent;Final energy;All technologies;80;;https://www.ren21.net/wp-content/uploads/2019/05/GSR2011_Full-Report_English.pdf;;V3;New non-EU-27 observation added in V3;active;V3
GAB;2011;Gabon;Gabon;Sub-Saharan Africa;Upper middle income;2011;2020;2025;NA;70;70;Percent;Electricity;All technologies;70;;https://www.ren21.net/Portals/0/documents/activities/gsr/GSR2012.pdf;;V3;New non-EU-27 observation added in V3;active;V3
GAB;2015;Gabon;Gabon;Sub-Saharan Africa;Upper middle income;2011;2025;2025;NA;80;80;Percent;Electricity;All technologies;80;;https://www.ren21.net/wp-content/uploads/2019/05/REN21_GSR2016_FullReport_en_11.pdf;;V3;New non-EU-27 observation added in V3;active;V3
GAB;2020;Gabon;Gabon;Sub-Saharan Africa;Upper middle income;2011;2020;2025;NA;80;80;Percent;Electricity;All technologies;80;;https://www.ren21.net/wp-content/uploads/2019/05/GSR2021_Full_Report.pdf;;V3;New non-EU-27 observation added in V3;active;V3
GBR;2001;United Kingdom of Great Britain and Northern Ireland;UK;Europe & Central Asia;High income;2001;2010;2035;NA;10;10;Percent;Electricity;All technologies;10;;https://eur-lex.europa.eu/legal-content/EN/TXT/PDF/?uri=CELEX:32001L0077&from=EN;;V3;New non-EU-27 observation added in V3;active;V3
GBR;2006;United Kingdom of Great Britain and Northern Ireland;UK;Europe & Central Asia;High income;2006;2020;2020;NA;15;15;Percent;Final energy;All technologies;15;;https://www.ren21.net/wp-content/uploads/2019/05/GSR2007_Full-Report_English.pdf;;V3;New non-EU-27 observation added in V3;active;V3
GBR;2009;United Kingdom of Great Britain and Northern Ireland;UK;Europe & Central Asia;High income;2001;2020;2035;NA;15;15;Percent;Electricity;All technologies;15;;https://assets.publishing.service.gov.uk/government/uploads/system/uploads/attachment_data/file/228866/7686.pdf;;V3;New non-EU-27 observation added in V3;active;V3
GBR;2020;United Kingdom of Great Britain and Northern Ireland;UK;Europe & Central Asia;High income;2001;2020;2035;NA;31;31;Percent;Electricity;All technologies;31;;https://www.ren21.net/wp-content/uploads/2019/05/GSR2021_Full_Report.pdf;;V3;New non-EU-27 observation added in V3;active;V3
GBR;2021;United Kingdom of Great Britain and Northern Ireland;UK;Europe & Central Asia;High income;2001;2035;2035;NA;100;100;Percent;Electricity;All technologies;100;;https://www.ren21.net/wp-content/uploads/2019/05/GSR2022_Full_Report.pdf;;V3;New non-EU-27 observation added in V3;active;V3
GEO;2020;Georgia;Georgia;Europe & Central Asia;Upper middle income;2020;2030;2030;NA;35;35;Percent;Final energy;All technologies;35;;https://www.ren21.net/wp-content/uploads/2019/05/GSR2021_Full_Report.pdf;;V3;New non-EU-27 observation added in V3;active;V3
GEO;2023;Georgia;Georgia;Europe & Central Asia;Upper middle income;2020;2030;2030;NA;27;27;Percent;Final energy;All technologies;27;;https://www.ren21.net/wp-content/uploads/2019/05/GSR2024_GlobalOverview_Full_Report_with_endnotes_web.pdf;;V3;New non-EU-27 observation added in V3;active;V3
GHA;2009;Ghana;Ghana;Sub-Saharan Africa;Lower middle income;2009;2020;2050;NA;10;10;Percent;Electricity;All technologies;10;;https://www.ren21.net/Portals/0/documents/activities/gsr/REN21_GSR_2010_full_revised%20Sept2010.pdf;;V3;New non-EU-27 observation added in V3;active;V3
GHA;2016;Ghana;Ghana;Sub-Saharan Africa;Lower middle income;2009;2050;2050;NA;100;100;Percent;Electricity;All technologies;100;;https://www.ren21.net/wp-content/uploads/2019/05/GSR2017_Full-Report_English.pdf;;V3;New non-EU-27 observation added in V3;active;V3
GHA;2021;Ghana;Ghana;Sub-Saharan Africa;Lower middle income;2009;2030;2050;NA;10;10;Percent;Electricity;All technologies;10;;https://www.ren21.net/wp-content/uploads/2019/05/GSR2022_Full_Report.pdf;;V3;New non-EU-27 observation added in V3;active;V3
GIN;2013;Guinea;Guinea;Sub-Saharan Africa;Lower middle income;2013;2025;2025;NA;8;8;Percent;Electricity;Wind and solar;82;OtherRE (hydro) 73.85% in 2013;https://www.ren21.net/wp-content/uploads/2019/05/GSR2014_Full-Report_English.pdf;"Solar power 6% of electricity by 2025 / Wind 2% of electricity by 2025""""";V3;New non-EU-27 observation added in V3;active;V3
GIN;2015;Guinea;Guinea;Sub-Saharan Africa;Lower middle income;2015;2030;2030;NA;30;30;Percent;Final energy;All technologies;30;;https://www.ren21.net/wp-content/uploads/2019/05/REN21_GSR2016_FullReport_en_11.pdf;;V3;New non-EU-27 observation added in V3;active;V3
GMB;2014;Gambia (Republic of The);Gambia;Sub-Saharan Africa;Low income;2014;2020;2050;NA;35;35;Percent;Electricity;All technologies;35;;https://www.ren21.net/wp-content/uploads/2019/05/GSR2015_Full-Report_English.pdf;;V3;New non-EU-27 observation added in V3;active;V3
GMB;2016;Gambia (Republic of The);Gambia;Sub-Saharan Africa;Low income;2014;2050;2050;NA;100;100;Percent;Electricity;All technologies;100;;https://www.ren21.net/wp-content/uploads/2019/05/GSR2017_Full-Report_English.pdf;;V3;New non-EU-27 observation added in V3;active;V3
GMB;2020;Gambia (Republic of The);Gambia;Sub-Saharan Africa;Low income;2014;2030;2050;NA;48;48;Percent;Electricity;All technologies;48;Only grid-connected;https://www.ren21.net/wp-content/uploads/2019/05/GSR2021_Full_Report.pdf;;V3;New non-EU-27 observation added in V3;active;V3
GMB;2020;Gambia (Republic of The);Gambia;Sub-Saharan Africa;Low income;2020;2050;2050;NA;100;100;Percent;Final energy;All technologies;100;;https://www.ren21.net/wp-content/uploads/2019/05/GSR2021_Full_Report.pdf;;V3;New non-EU-27 observation added in V3;active;V3
GMB;2023;Gambia (Republic of The);Gambia;Sub-Saharan Africa;Low income;2020;2025;2050;NA;40;40;Percent;Final energy;All technologies;40;;https://www.ren21.net/wp-content/uploads/2019/05/GSR2024_GlobalOverview_Full_Report_with_endnotes_web.pdf;;V3;New non-EU-27 observation added in V3;active;V3
GNB;2014;Guinea Bissau;Guinea Bissau;Sub-Saharan Africa;Low income;2014;2015;2030;NA;2;2;Percent;Electricity;All technologies;2;;https://www.ren21.net/wp-content/uploads/2019/05/GSR2015_Full-Report_English.pdf;;V3;New non-EU-27 observation added in V3;active;V3
GNB;2020;Guinea Bissau;Guinea Bissau;Sub-Saharan Africa;Low income;2020;2030;2030;NA;30;30;Percent;Final energy;All technologies;30;;https://www.ren21.net/wp-content/uploads/2019/05/GSR2021_Full_Report.pdf;;V3;New non-EU-27 observation added in V3;active;V3
GNB;2022;Guinea Bissau;Guinea Bissau;Sub-Saharan Africa;Low income;2014;2030;2030;NA;58;58;Percent;Electricity;All technologies;58;;https://www.ren21.net/wp-content/uploads/2019/05/GSR-2023_Energy-Supply-Module.pdf;;V3;New non-EU-27 observation added in V3;active;V3
GNB;2023;Guinea Bissau;Guinea Bissau;Sub-Saharan Africa;Low income;2020;2030;2030;NA;50;50;Percent;Final energy;All technologies;50;;https://www.ren21.net/wp-content/uploads/2019/05/GSR2024_GlobalOverview_Full_Report_with_endnotes_web.pdf;;V3;New non-EU-27 observation added in V3;active;V3
GRC;2001;Greece;Greece;Europe & Central Asia;High income;2001;2010;2030;NA;20;20;Percent;Electricity;All technologies;20;;https://eur-lex.europa.eu/legal-content/EN/TXT/PDF/?uri=CELEX:32001L0077&from=EN;;V1;;active;V1
GRC;2009;Greece;Greece;Europe & Central Asia;High income;2009;2020;2030;NA;18;18;Percent;Final energy;All technologies;18;;https://www.ren21.net/wp-content/uploads/2019/05/GSR2010_Full-Report_English.pdf;;V1;;active;V1
GRC;2011;Greece;Greece;Europe & Central Asia;High income;2009;2020;2030;NA;20;20;Percent;Final energy;All technologies;20;;https://www.ren21.net/wp-content/uploads/2019/05/GSR2012_Full-Report_English.pdf;;V1;;active;V1
GRC;2011;Greece;Greece;Europe & Central Asia;High income;2001;2020;2030;NA;40;40;Percent;Electricity;All technologies;40;;https://www.ren21.net/wp-content/uploads/2019/05/GSR2012_Full-Report_English.pdf;;V1;;active;V1
GRC;2019;Greece;Greece;Europe & Central Asia;High income;2009;2030;2030;NA;35;35;Percent;Final energy;All technologies;35;;https://www.ren21.net/wp-content/uploads/2019/05/gsr_2020_full_report_en.pdf;;V1;;active;V1
GRC;2019;Greece;Greece;Europe & Central Asia;High income;2001;2030;2030;NA;65;65;Percent;Electricity;All technologies;65;;https://ember-energy.org/data/live-eu-necp-tracker/#data-tool;;V1;;active;V1
GRC;2023;Greece;Greece;Europe & Central Asia;High income;2001;2030;2030;NA;81;81;Percent;Electricity;All technologies;81;;https://ember-energy.org/data/live-eu-necp-tracker/#data-tool;;V1;;active;V1
GRD;2016;Grenada;Grenada;Latin America & Caribbean;Upper middle income;2016;2050;2050;NA;100;100;Percent;Electricity;All technologies;100;;https://www.ren21.net/wp-content/uploads/2019/05/GSR2017_Full-Report_English.pdf;;V3;New non-EU-27 observation added in V3;active;V3
GRD;2020;Grenada;Grenada;Latin America & Caribbean;Upper middle income;2016;2020;2050;NA;20;20;Percent;Electricity;All technologies;20;;https://www.ren21.net/wp-content/uploads/2019/05/GSR2021_Full_Report.pdf;;V3;New non-EU-27 observation added in V3;active;V3
GRD;2021;Grenada;Grenada;Latin America & Caribbean;Upper middle income;2016;2025;2050;NA;10;10;Percent;Electricity;All technologies;10;;https://www.ren21.net/wp-content/uploads/2019/05/GSR2022_Full_Report.pdf;;V3;New non-EU-27 observation added in V3;active;V3
GRD;2023;Grenada;Grenada;Latin America & Caribbean;Upper middle income;2023;2035;2035;NA;25;25;Percent;Final energy;All technologies;25;;https://www.ren21.net/wp-content/uploads/2019/05/GSR2024_GlobalOverview_Full_Report_with_endnotes_web.pdf;;V3;New non-EU-27 observation added in V3;active;V3
GTM;2011;Guatemala;Guatemala;Latin America & Caribbean;Upper middle income;2011;2022;2050;NA;70;70;Percent;Electricity;All technologies;70;;https://www.ren21.net/wp-content/uploads/2019/05/GSR2012_Full-Report_English.pdf;;V3;New non-EU-27 observation added in V3;active;V3
GTM;2012;Guatemala;Guatemala;Latin America & Caribbean;Upper middle income;2011;2022;2050;NA;60;60;Percent;Electricity;All technologies;60;;https://www.ren21.net/wp-content/uploads/2019/05/GSR2013_Full-Report_English.pdf;;V3;New non-EU-27 observation added in V3;active;V3
GTM;2012;Guatemala;Guatemala;Latin America & Caribbean;Upper middle income;2012;2026;2026;NA;80;80;Percent;Final energy;All technologies;80;;https://www.ren21.net/wp-content/uploads/2019/05/GSR2013_Full-Report_English.pdf;;V3;New non-EU-27 observation added in V3;active;V3
GTM;2013;Guatemala;Guatemala;Latin America & Caribbean;Upper middle income;2011;2027;2050;NA;80;80;Percent;Electricity;All technologies;80;;https://www.ren21.net/wp-content/uploads/2019/05/GSR2014_Full-Report_English.pdf;;V3;New non-EU-27 observation added in V3;active;V3
GTM;2013;Guatemala;Guatemala;Latin America & Caribbean;Upper middle income;2012;2020;2026;NA;80;80;Percent;Final energy;All technologies;80;;https://www.ren21.net/wp-content/uploads/2019/05/GSR2014_Full-Report_English.pdf;;V3;New non-EU-27 observation added in V3;active;V3
GTM;2015;Guatemala;Guatemala;Latin America & Caribbean;Upper middle income;2011;2030;2050;NA;80;80;Percent;Electricity;All technologies;80;;https://www.ren21.net/wp-content/uploads/2019/05/REN21_GSR2016_FullReport_en_11.pdf;;V3;New non-EU-27 observation added in V3;active;V3
GTM;2016;Guatemala;Guatemala;Latin America & Caribbean;Upper middle income;2011;2050;2050;NA;100;100;Percent;Electricity;All technologies;100;;https://www.ren21.net/wp-content/uploads/2019/05/GSR2017_Full-Report_English.pdf;;V3;New non-EU-27 observation added in V3;active;V3
GUY;2012;Guyana;Guyana;Latin America & Caribbean;High income;2012;NA;2025;NA;90;90;Percent;Electricity;All technologies;90;;https://www.ren21.net/wp-content/uploads/2019/05/GSR2013_Full-Report_English.pdf;;V3;New non-EU-27 observation added in V3;active;V3
GUY;2015;Guyana;Guyana;Latin America & Caribbean;High income;2015;2025;2025;NA;20;20;Percent;Final energy;All technologies;20;;https://www.ren21.net/wp-content/uploads/2019/05/REN21_GSR2016_FullReport_en_11.pdf;;V3;New non-EU-27 observation added in V3;active;V3
GUY;2020;Guyana;Guyana;Latin America & Caribbean;High income;2012;2025;2025;NA;100;100;Percent;Electricity;All technologies;100;;https://www.ren21.net/wp-content/uploads/2019/05/GSR2021_Full_Report.pdf;;V3;New non-EU-27 observation added in V3;active;V3
GUY;2022;Guyana;Guyana;Latin America & Caribbean;High income;2015;2025;2025;NA;100;100;Percent;Final energy;All technologies;100;;https://www.ren21.net/wp-content/uploads/2019/05/GSR2023_GlobalOverview_Full_Report_with_endnotes_web.pdf;;V3;New non-EU-27 observation added in V3;active;V3
HND;2013;Honduras;Honduras;Latin America & Caribbean;Lower middle income;2013;2038;2050;NA;80;80;Percent;Electricity;All technologies;80;;https://www.ren21.net/wp-content/uploads/2019/05/GSR2014_Full-Report_English.pdf;;V3;New non-EU-27 observation added in V3;active;V3
HND;2013;Honduras;Honduras;Latin America & Caribbean;Lower middle income;2013;2022;2050;NA;60;60;Percent;Electricity;All technologies;60;;https://www.ren21.net/wp-content/uploads/2019/05/GSR2014_Full-Report_English.pdf;;V3;New non-EU-27 observation added in V3;active;V3
HND;2016;Honduras;Honduras;Latin America & Caribbean;Lower middle income;2013;2050;2050;NA;100;100;Percent;Electricity;All technologies;100;;https://www.ren21.net/wp-content/uploads/2019/05/GSR2017_Full-Report_English.pdf;;V3;New non-EU-27 observation added in V3;active;V3
HND;2018;Honduras;Honduras;Latin America & Caribbean;Lower middle income;2013;2030;2050;NA;70;70;Percent;Electricity;All technologies;70;;https://www.ren21.net/wp-content/uploads/2019/05/gsr_2020_full_report_en.pdf;;V3;New non-EU-27 observation added in V3;active;V3
HND;2020;Honduras;Honduras;Latin America & Caribbean;Lower middle income;2020;2050;2050;NA;100;100;Percent;Final energy;All technologies;100;;https://www.ren21.net/wp-content/uploads/2019/05/GSR2021_Full_Report.pdf;;V3;New non-EU-27 observation added in V3;active;V3
HND;2021;Honduras;Honduras;Latin America & Caribbean;Lower middle income;2013;2034;2050;NA;80;80;Percent;Electricity;All technologies;80;;https://www.ren21.net/wp-content/uploads/2019/05/GSR2022_Full_Report.pdf;;V3;New non-EU-27 observation added in V3;active;V3
HRV;2012;Croatia;Croatia;Europe & Central Asia;High income;2012;2020;2050;NA;20;20;Percent;Final energy;All technologies;20;;https://www.ren21.net/wp-content/uploads/2019/05/GSR2013_Full-Report_English.pdf;;V1;;active;V1
HRV;2012;Croatia;Croatia;Europe & Central Asia;High income;2012;2020;2030;NA;35;35;Percent;Electricity;All technologies;35;;https://www.ren21.net/wp-content/uploads/2019/05/GSR2013_Full-Report_English.pdf;;V1;;active;V1
HRV;2014;Croatia;Croatia;Europe & Central Asia;High income;2012;2020;2030;NA;39;39;Percent;Electricity;All technologies;39;;https://www.ren21.net/Portals/0/documents/activities/gsr/REN21_GSR_2010_full_revised%20Sept2010.pdf;;V1;;active;V1
HRV;2019;Croatia;Croatia;Europe & Central Asia;High income;2012;2030;2030;NA;79;79;Percent;Electricity;All technologies;79;;https://ember-energy.org/data/live-eu-necp-tracker/#data-tool;;V1;;active;V1
HRV;2019;Croatia;Croatia;Europe & Central Asia;High income;2012;2030;2050;NA;36;36;Percent;Final energy;All technologies;36;;https://www.ren21.net/wp-content/uploads/2019/05/gsr_2020_full_report_en.pdf;;V1;;active;V1
HRV;2020;Croatia;Croatia;Europe & Central Asia;High income;2012;2050;2050;NA;66;66;Percent;Final energy;All technologies;66;;https://www.ren21.net/wp-content/uploads/2019/05/GSR2021_Full_Report.pdf;;V1;;active;V1
HRV;2023;Croatia;Croatia;Europe & Central Asia;High income;2012;2030;2030;NA;78;78;Percent;Electricity;All technologies;78;;https://ember-energy.org/data/live-eu-necp-tracker/#data-tool;;V1;;active;V1
HTI;2014;Haiti;Haiti;Latin America & Caribbean;Lower middle income;2014;2020;2050;NA;50;50;Percent;Electricity;All technologies;50;;https://www.ren21.net/wp-content/uploads/2019/05/GSR2015_Full-Report_English.pdf;;V3;New non-EU-27 observation added in V3;active;V3
HTI;2015;Haiti;Haiti;Latin America & Caribbean;Lower middle income;2014;2030;2050;NA;47;47;Percent;Electricity;All technologies;47;;https://www.ren21.net/wp-content/uploads/2019/05/REN21_GSR2016_FullReport_en_11.pdf;;V3;New non-EU-27 observation added in V3;active;V3
HTI;2016;Haiti;Haiti;Latin America & Caribbean;Lower middle income;2014;2050;2050;NA;100;100;Percent;Electricity;All technologies;100;;https://www.ren21.net/wp-content/uploads/2019/05/GSR2017_Full-Report_English.pdf;;V3;New non-EU-27 observation added in V3;active;V3
HTI;2018;Haiti;Haiti;Latin America & Caribbean;Lower middle income;2014;2030;2050;NA;70;70;Percent;Electricity;All technologies;70;;https://www.ren21.net/wp-content/uploads/2019/05/gsr_2020_full_report_en.pdf;;V3;New non-EU-27 observation added in V3;active;V3
HTI;2020;Haiti;Haiti;Latin America & Caribbean;Lower middle income;2020;2050;2050;NA;100;100;Percent;Final energy;All technologies;100;;https://www.ren21.net/wp-content/uploads/2019/05/GSR2021_Full_Report.pdf;;V3;New non-EU-27 observation added in V3;active;V3
HTI;2022;Haiti;Haiti;Latin America & Caribbean;Lower middle income;2014;2022;2050;NA;28;28;Percent;Electricity;All technologies;28;;https://www.ren21.net/wp-content/uploads/2019/05/GSR-2023_Energy-Supply-Module.pdf;;V3;New non-EU-27 observation added in V3;active;V3
HTI;2022;Haiti;Haiti;Latin America & Caribbean;Lower middle income;2014;2027;2050;NA;46;46;Percent;Electricity;All technologies;46;;https://www.ren21.net/wp-content/uploads/2019/05/GSR-2023_Energy-Supply-Module.pdf;;V3;New non-EU-27 observation added in V3;active;V3
HUN;2004;Hungary;Hungary;Europe & Central Asia;High income;2004;2010;2030;NA;4;4;Percent;Electricity;All technologies;4;;https://www.ren21.net/wp-content/uploads/2019/05/GSR2005_Full-Report_English.pdf;;V1;;active;V1
HUN;2009;Hungary;Hungary;Europe & Central Asia;High income;2009;2020;2030;NA;13;13;Percent;Final energy;All technologies;13;;https://www.ren21.net/wp-content/uploads/2019/05/GSR2010_Full-Report_English.pdf;;V1;;active;V1
HUN;2010;Hungary;Hungary;Europe & Central Asia;High income;2009;2020;2030;NA;15;15;Percent;Final energy;All technologies;15;;https://www.ren21.net/wp-content/uploads/2019/05/GSR2011_Full-Report_English.pdf;;V1;;active;V1
HUN;2013;Hungary;Hungary;Europe & Central Asia;High income;2004;2020;2030;NA;11;11;Percent;Electricity;All technologies;11;;https://www.ren21.net/wp-content/uploads/2019/05/GSR2014_Full-Report_English.pdf;;V1;;active;V1
HUN;2019;Hungary;Hungary;Europe & Central Asia;High income;2004;2030;2030;NA;79;79;Percent;Electricity;All technologies;79;;https://ember-energy.org/data/live-eu-necp-tracker/#data-tool;;V1;;active;V1
HUN;2023;Hungary;Hungary;Europe & Central Asia;High income;2009;2030;2030;NA;21;21;Percent;Final energy;All technologies;21;;https://www.ren21.net/wp-content/uploads/2019/05/GSR2024_GlobalOverview_Full_Report_with_endnotes_web.pdf;;V1;;active;V1
IDN;2007;Indonesia;Indonesia;East Asia & Pacific;Upper middle income;2007;2025;2030;NA;15;15;Percent;Electricity;All technologies;15;;https://www.ren21.net/Portals/0/documents/activities/gsr/RE2007_Global_Status_Report.pdf;;V3;New non-EU-27 observation added in V3;active;V3
IDN;2012;Indonesia;Indonesia;East Asia & Pacific;Upper middle income;2007;2025;2030;NA;26;26;Percent;Electricity;All technologies;26;;https://www.ren21.net/wp-content/uploads/2019/05/GSR2013_Full-Report_English.pdf;;V3;New non-EU-27 observation added in V3;active;V3
IDN;2019;Indonesia;Indonesia;East Asia & Pacific;Upper middle income;2007;2020;2030;NA;23;23;Percent;Electricity;All technologies;23;;https://www.ren21.net/wp-content/uploads/2019/05/gsr_2020_full_report_en.pdf;;V3;New non-EU-27 observation added in V3;active;V3
IDN;2020;Indonesia;Indonesia;East Asia & Pacific;Upper middle income;2007;2030;2030;NA;20;20;Percent;Electricity;All technologies;20;;https://www.ren21.net/wp-content/uploads/2019/05/GSR2021_Full_Report.pdf;;V3;New non-EU-27 observation added in V3;active;V3
IDN;2021;Indonesia;Indonesia;East Asia & Pacific;Upper middle income;2007;2030;2030;NA;52;52;Percent;Electricity;All technologies;52;;https://www.ren21.net/wp-content/uploads/2019/05/GSR2022_Full_Report.pdf;;V3;New non-EU-27 observation added in V3;active;V3
IDN;2023;Indonesia;Indonesia;East Asia & Pacific;Upper middle income;2007;2030;2030;NA;48;48;Percent;Electricity;All technologies;48;;https://www.ren21.net/wp-content/uploads/2019/05/GSR-2023_Energy-Supply-Module.pdf;;V3;New non-EU-27 observation added in V3;active;V3
IDN;2023;Indonesia;Indonesia;East Asia & Pacific;Upper middle income;2023;2050;2050;NA;31;31;Percent;Final energy;All technologies;31;;https://www.ren21.net/wp-content/uploads/2019/05/GSR2024_GlobalOverview_Full_Report_with_endnotes_web.pdf;;V3;New non-EU-27 observation added in V3;active;V3
IND;2009;India;India;South Asia;Lower middle income;2009;2010;2030;NA;25;25;Percent;Electricity;All technologies;25;;https://www.ren21.net/wp-content/uploads/2019/05/GSR2010_Full-Report_English.pdf;;V3;New non-EU-27 observation added in V3;active;V3
IND;2010;India;India;South Asia;Lower middle income;2009;2012;2030;NA;10;10;Percent;Electricity;All technologies;10;;https://www.ren21.net/wp-content/uploads/2019/05/GSR2011_Full-Report_English.pdf;;V3;New non-EU-27 observation added in V3;active;V3
IND;2015;India;India;South Asia;Lower middle income;2009;2030;2030;NA;40;40;Percent;Electricity;All technologies;40;;https://www.ren21.net/wp-content/uploads/2019/05/REN21_GSR2016_FullReport_en_11.pdf;;V3;New non-EU-27 observation added in V3;active;V3
IND;2019;India;India;South Asia;Lower middle income;2009;2022;2030;NA;10;10;Percent;Electricity;All technologies;10;;https://www.ren21.net/wp-content/uploads/2019/05/gsr_2020_full_report_en.pdf;;V3;New non-EU-27 observation added in V3;active;V3
IND;2019;India;India;South Asia;Lower middle income;2019;2030;2030;NA;40;40;Percent;Final energy;All technologies;40;;https://www.ren21.net/wp-content/uploads/2019/05/gsr_2020_full_report_en.pdf;;V3;New non-EU-27 observation added in V3;active;V3
IND;2020;India;India;South Asia;Lower middle income;2019;2022;2030;NA;6;6;Percent;Final energy;All technologies;6;;https://www.ren21.net/wp-content/uploads/2019/05/GSR2021_Full_Report.pdf;;V3;New non-EU-27 observation added in V3;active;V3
IND;2021;India;India;South Asia;Lower middle income;2009;2030;2030;NA;50;50;Percent;Electricity;All technologies;50;;https://www.ren21.net/wp-content/uploads/2019/05/GSR2022_Full_Report.pdf;;V3;New non-EU-27 observation added in V3;active;V3
IRL;2001;Ireland;Ireland;Europe & Central Asia;High income;2001;2010;2030;NA;13;13;Percent;Electricity;All technologies;13;;https://eur-lex.europa.eu/legal-content/EN/TXT/PDF/?uri=CELEX:32001L0077&from=EN;;V1;;active;V1
IRL;2009;Ireland;Ireland;Europe & Central Asia;High income;2001;2020;2030;NA;40;40;Percent;Electricity;All technologies;40;;https://www.ren21.net/wp-content/uploads/2019/05/GSR2010_Full-Report_English.pdf;;V1;;active;V1
IRL;2009;Ireland;Ireland;Europe & Central Asia;High income;2009;2020;2030;NA;16;16;Percent;Final energy;All technologies;16;;https://www.ren21.net/wp-content/uploads/2019/05/GSR2010_Full-Report_English.pdf;;V1;;active;V1
IRL;2013;Ireland;Ireland;Europe & Central Asia;High income;2001;2020;2030;NA;43;43;Percent;Electricity;All technologies;43;;https://www.ren21.net/wp-content/uploads/2019/05/GSR2014_Full-Report_English.pdf;;V1;;active;V1
IRL;2019;Ireland;Ireland;Europe & Central Asia;High income;2001;2030;2030;NA;62;62;Percent;Electricity;All technologies;62;;https://ember-energy.org/data/live-eu-necp-tracker/#data-tool;;V1;;active;V1
IRL;2019;Ireland;Ireland;Europe & Central Asia;High income;2001;2030;2030;NA;70;70;Percent;Electricity;All technologies;70;;https://www.ren21.net/wp-content/uploads/2019/05/gsr_2020_full_report_en.pdf;;V1;;active;V1
IRL;2020;Ireland;Ireland;Europe & Central Asia;High income;2009;2030;2030;21.5;34;28;Percent;Final energy;All technologies;28;;https://www.ren21.net/wp-content/uploads/2019/05/GSR2021_Full_Report.pdf;;V1;;active;V1
IRL;2023;Ireland;Ireland;Europe & Central Asia;High income;2009;2030;2030;NA;70;70;Percent;Final energy;All technologies;70;;https://www.ren21.net/wp-content/uploads/2019/05/GSR2024_GlobalOverview_Full_Report_with_endnotes_web.pdf;;V1;;active;V1
IRL;2023;Ireland;Ireland;Europe & Central Asia;High income;2001;2030;2030;NA;81;81;Percent;Electricity;All technologies;81;;https://ember-energy.org/data/live-eu-necp-tracker/#data-tool;;V1;;active;V1
IRQ;2012;Iraq;Iraq;Middle East & North Africa;Upper middle income;2012;2030;2030;NA;2;2;Percent;Electricity;All technologies;2;;https://www.ren21.net/wp-content/uploads/2019/05/GSR2013_Full-Report_English.pdf;;V3;New non-EU-27 observation added in V3;active;V3
IRQ;2014;Iraq;Iraq;Middle East & North Africa;Upper middle income;2012;2030;2030;NA;10;10;Percent;Electricity;All technologies;10;;https://www.ren21.net/wp-content/uploads/2019/05/GSR2015_Full-Report_English.pdf;;V3;New non-EU-27 observation added in V3;active;V3
IRQ;2021;Iraq;Iraq;Middle East & North Africa;Upper middle income;2012;2030;2030;NA;33;33;Percent;Electricity;All technologies;33;;https://www.ren21.net/wp-content/uploads/2019/05/GSR2022_Full_Report.pdf;;V3;New non-EU-27 observation added in V3;active;V3
ISL;2015;Iceland;Iceland;Europe & Central Asia;High income;2015;2020;2020;NA;64;64;Percent;Final energy;All technologies;64;;https://www.ren21.net/wp-content/uploads/2019/05/REN21_GSR2016_FullReport_en_11.pdf;;V3;New non-EU-27 observation added in V3;active;V3
ISL;2019;Iceland;Iceland;Europe & Central Asia;High income;2019;2020;2020;NA;100;100;Percent;Electricity;All technologies;100;;https://www.ren21.net/wp-content/uploads/2019/05/gsr_2020_full_report_en.pdf;;V3;New non-EU-27 observation added in V3;active;V3
ISR;2002;Israel;Israel;Middle East & North Africa;High income;2002;2016;2030;NA;5;5;Percent;Electricity;All technologies;5;;https://www.iea.org/policies/4774-renewable-energy-targets;;V3;New non-EU-27 observation added in V3;active;V3
ISR;2002;Israel;Israel;Middle East & North Africa;High income;2002;2007;2030;NA;2;2;Percent;Electricity;All technologies;2;;https://www.iea.org/policies/4774-renewable-energy-targets;;V3;New non-EU-27 observation added in V3;active;V3
ISR;2009;Israel;Israel;Middle East & North Africa;High income;2002;2020;2030;NA;10;10;Percent;Electricity;All technologies;10;;https://www.ren21.net/wp-content/uploads/2019/05/GSR2010_Full-Report_English.pdf;;V3;New non-EU-27 observation added in V3;active;V3
ISR;2009;Israel;Israel;Middle East & North Africa;High income;2009;2020;2030;NA;15;15;Percent;Final energy;All technologies;15;;https://www.ren21.net/wp-content/uploads/2019/05/GSR2010_Full-Report_English.pdf;;V3;New non-EU-27 observation added in V3;active;V3
ISR;2010;Israel;Israel;Middle East & North Africa;High income;2002;2020;2030;NA;7;7;Percent;Electricity;All technologies;7;;https://www.ren21.net/wp-content/uploads/2019/05/GSR2011_Full-Report_English.pdf;;V3;New non-EU-27 observation added in V3;active;V3
ISR;2011;Israel;Israel;Middle East & North Africa;High income;2009;2020;2030;NA;50;50;Percent;Final energy;All technologies;50;;https://www.ren21.net/wp-content/uploads/2019/05/GSR2012_Full-Report_English.pdf;;V3;New non-EU-27 observation added in V3;active;V3
ISR;2015;Israel;Israel;Middle East & North Africa;High income;2002;2030;2030;NA;17;17;Percent;Electricity;All technologies;17;;https://www.ren21.net/wp-content/uploads/2019/05/REN21_GSR2016_FullReport_en_11.pdf;;V3;New non-EU-27 observation added in V3;active;V3
ISR;2016;Israel;Israel;Middle East & North Africa;High income;2009;2030;2030;NA;17;17;Percent;Final energy;All technologies;17;;https://www.ren21.net/wp-content/uploads/2019/05/GSR2017_Full-Report_English.pdf;;V3;New non-EU-27 observation added in V3;active;V3
ISR;2016;Israel;Israel;Middle East & North Africa;High income;2009;2025;2030;NA;13;13;Percent;Final energy;All technologies;13;;https://www.ren21.net/wp-content/uploads/2019/05/GSR2017_Full-Report_English.pdf;;V3;New non-EU-27 observation added in V3;active;V3
ISR;2020;Israel;Israel;Middle East & North Africa;High income;2009;2030;2030;NA;30;30;Percent;Final energy;All technologies;30;;https://www.ren21.net/wp-content/uploads/2019/05/GSR2021_Full_Report.pdf;;V3;New non-EU-27 observation added in V3;active;V3
ISR;2020;Israel;Israel;Middle East & North Africa;High income;2002;2030;2030;NA;30;30;Percent;Electricity;All technologies;30;;https://www.ren21.net/wp-content/uploads/2019/05/GSR2021_Full_Report.pdf;;V3;New non-EU-27 observation added in V3;active;V3
ISR;2020;Israel;Israel;Middle East & North Africa;High income;2009;2025;2030;NA;20;20;Percent;Final energy;All technologies;20;;https://www.ren21.net/wp-content/uploads/2019/05/GSR2021_Full_Report.pdf;;V3;New non-EU-27 observation added in V3;active;V3
ISR;2022;Israel;Israel;Middle East & North Africa;High income;2002;2030;2030;NA;40;40;Percent;Electricity;All technologies;40;;https://www.timesofisrael.com/environment-ministry-sets-40-renewable-power-production-goal-by-2030/#:~:text=The%20Environmental%20Protection%20Ministry%20on,more%20emphasis%20on%20renewable%20resources.;;V3;New non-EU-27 observation added in V3;active;V3
ITA;2001;Italy;Italy;Europe & Central Asia;High income;2001;2010;2030;NA;25;25;Percent;Electricity;All technologies;25;;https://eur-lex.europa.eu/legal-content/EN/TXT/PDF/?uri=CELEX:32001L0077&from=EN;;V1;;active;V1
ITA;2006;Italy;Italy;Europe & Central Asia;High income;2006;2020;2030;NA;17;17;Percent;Final energy;All technologies;17;;https://www.ren21.net/wp-content/uploads/2019/05/GSR2007_Full-Report_English.pdf;;V1;;active;V1
ITA;2009;Italy;Italy;Europe & Central Asia;High income;2001;2010;2030;NA;23;23;Percent;Electricity;All technologies;23;;https://www.ren21.net/wp-content/uploads/2019/05/GSR2010_Full-Report_English.pdf;;V1;;active;V1
ITA;2011;Italy;Italy;Europe & Central Asia;High income;2001;2020;2030;NA;26;26;Percent;Electricity;All technologies;26;;https://www.ren21.net/Portals/0/documents/activities/gsr/GSR2012.pdf;;V1;;active;V1
ITA;2019;Italy;Italy;Europe & Central Asia;High income;2001;2030;2030;NA;60;60;Percent;Electricity;All technologies;60;;https://ember-energy.org/data/live-eu-necp-tracker/#data-tool;;V1;;active;V1
ITA;2020;Italy;Italy;Europe & Central Asia;High income;2006;2030;2030;NA;30;30;Percent;Final energy;All technologies;30;;https://www.ren21.net/wp-content/uploads/2019/05/GSR2021_Full_Report.pdf;;V1;;active;V1
ITA;2023;Italy;Italy;Europe & Central Asia;High income;2001;2030;2030;NA;69;69;Percent;Electricity;All technologies;69;;https://ember-energy.org/data/live-eu-necp-tracker/#data-tool;;V1;;active;V1
ITA;2023;Italy;Italy;Europe & Central Asia;High income;2006;2030;2030;NA;40;40;Percent;Final energy;All technologies;40;;https://www.ren21.net/wp-content/uploads/2019/05/GSR2024_GlobalOverview_Full_Report_with_endnotes_web.pdf;;V1;;active;V1
JAM;2009;Jamaica;Jamaica;Latin America & Caribbean;Upper middle income;2009;2015;2030;NA;15;15;Percent;Electricity;All technologies;15;;https://www.ren21.net/Portals/0/documents/activities/gsr/REN21_GSR_2010_full_revised%20Sept2010.pdf;;V3;New non-EU-27 observation added in V3;active;V3
JAM;2009;Jamaica;Jamaica;Latin America & Caribbean;Upper middle income;2009;2010;2030;NA;10;10;Percent;Electricity;All technologies;10;;https://www.ren21.net/Portals/0/documents/activities/gsr/REN21_GSR_2010_full_revised%20Sept2010.pdf;;V3;New non-EU-27 observation added in V3;active;V3
JAM;2010;Jamaica;Jamaica;Latin America & Caribbean;Upper middle income;2009;2020;2030;NA;15;15;Percent;Electricity;All technologies;15;;https://www.ren21.net/wp-content/uploads/2019/05/GSR2011_Full-Report_English.pdf;;V3;New non-EU-27 observation added in V3;active;V3
JAM;2014;Jamaica;Jamaica;Latin America & Caribbean;Upper middle income;2009;2020;2030;NA;30;30;Percent;Electricity;All technologies;30;;https://www.ren21.net/wp-content/uploads/2019/05/GSR2015_Full-Report_English.pdf;;V3;New non-EU-27 observation added in V3;active;V3
JAM;2016;Jamaica;Jamaica;Latin America & Caribbean;Upper middle income;2009;2030;2030;NA;20;20;Percent;Electricity;All technologies;20;;https://www.ren21.net/wp-content/uploads/2019/05/GSR2017_Full-Report_English.pdf;;V3;New non-EU-27 observation added in V3;active;V3
JAM;2016;Jamaica;Jamaica;Latin America & Caribbean;Upper middle income;2016;2030;2030;NA;20;20;Percent;Final energy;All technologies;20;;https://www.ren21.net/wp-content/uploads/2019/05/GSR2017_Full-Report_English.pdf;;V3;New non-EU-27 observation added in V3;active;V3
JAM;2018;Jamaica;Jamaica;Latin America & Caribbean;Upper middle income;2009;2030;2030;NA;50;50;Percent;Electricity;All technologies;50;;https://www.ren21.net/wp-content/uploads/2019/05/gsr_2019_full_report_en.pdf;;V3;New non-EU-27 observation added in V3;active;V3
JOR;2005;Jordan;Jordan;Middle East & North Africa;Lower middle income;2005;2020;2030;NA;10;10;Percent;Electricity;All technologies;10;;https://www.ren21.net/wp-content/uploads/2019/05/GSR2006_Full-Report_English.pdf;;V3;New non-EU-27 observation added in V3;active;V3
JOR;2005;Jordan;Jordan;Middle East & North Africa;Lower middle income;2005;2020;2030;NA;7;7;Percent;Electricity;All technologies;7;;https://www.ren21.net/wp-content/uploads/2019/05/GSR2006_Full-Report_English.pdf;;V3;New non-EU-27 observation added in V3;active;V3
JOR;2006;Jordan;Jordan;Middle East & North Africa;Lower middle income;2005;2020;2030;NA;15;15;Percent;Electricity;All technologies;15;;https://www.ren21.net/wp-content/uploads/2019/05/GSR2006_Full-Report_English.pdf;;V3;New non-EU-27 observation added in V3;active;V3
JOR;2015;Jordan;Jordan;Middle East & North Africa;Lower middle income;2005;2015;2030;NA;15;15;Percent;Electricity;All technologies;15;;https://www.ren21.net/wp-content/uploads/2019/05/REN21_GSR2016_FullReport_en_11.pdf;;V3;New non-EU-27 observation added in V3;active;V3
JOR;2015;Jordan;Jordan;Middle East & North Africa;Lower middle income;2015;2025;2030;NA;11;11;Percent;Final energy;All technologies;11;;https://www.ren21.net/wp-content/uploads/2019/05/REN21_GSR2016_FullReport_en_11.pdf;;V3;New non-EU-27 observation added in V3;active;V3
JOR;2019;Jordan;Jordan;Middle East & North Africa;Lower middle income;2015;2025;2030;NA;15;15;Percent;Final energy;All technologies;15;;https://www.ren21.net/wp-content/uploads/2019/05/gsr_2020_full_report_en.pdf;;V3;New non-EU-27 observation added in V3;active;V3
JOR;2019;Jordan;Jordan;Middle East & North Africa;Lower middle income;2005;2030;2030;NA;30;30;Percent;Electricity;All technologies;30;;https://www.ren21.net/wp-content/uploads/2019/05/gsr_2020_full_report_en.pdf;;V3;New non-EU-27 observation added in V3;active;V3
JOR;2019;Jordan;Jordan;Middle East & North Africa;Lower middle income;2005;2020;2030;NA;20;20;Percent;Electricity;All technologies;20;;https://www.ren21.net/wp-content/uploads/2019/05/gsr_2020_full_report_en.pdf;;V3;New non-EU-27 observation added in V3;active;V3
JOR;2021;Jordan;Jordan;Middle East & North Africa;Lower middle income;2005;2030;2030;NA;31;31;Percent;Electricity;All technologies;31;;https://www.ren21.net/wp-content/uploads/2019/05/GSR2022_Full_Report.pdf;;V3;New non-EU-27 observation added in V3;active;V3
JOR;2023;Jordan;Jordan;Middle East & North Africa;Lower middle income;2015;2030;2030;NA;14;14;Percent;Final energy;All technologies;14;;https://www.ren21.net/wp-content/uploads/2019/05/GSR2024_GlobalOverview_Full_Report_with_endnotes_web.pdf;;V3;New non-EU-27 observation added in V3;active;V3
JPN;2005;Japan;Japan;East Asia & Pacific;High income;2005;2014;2030;NA;1;1;Percent;Electricity;All technologies except geothermal and large hydo;7.73;;https://www.ren21.net/wp-content/uploads/2019/05/GSR2005_Full-Report_English.pdf;Japan 1.35% of electricity by 2010, excluding geothermal and large hydro (RPS).;V3;New non-EU-27 observation added in V3;active;V3
JPN;2014;Japan;Japan;East Asia & Pacific;High income;2005;2020;2030;NA;14;14;Percent;Electricity;All technologies;14;;https://www.ren21.net/wp-content/uploads/2019/05/GSR2015_Full-Report_English.pdf;;V3;New non-EU-27 observation added in V3;active;V3
JPN;2015;Japan;Japan;East Asia & Pacific;High income;2005;2030;2030;22;24;23;Percent;Electricity;All technologies;23;;https://www.ren21.net/wp-content/uploads/2019/05/REN21_GSR2016_FullReport_en_11.pdf;;V3;New non-EU-27 observation added in V3;active;V3
JPN;2021;Japan;Japan;East Asia & Pacific;High income;2005;2030;2030;36;38;37;Percent;Electricity;All technologies;37;;https://www.ren21.net/wp-content/uploads/2019/05/GSR2022_Full_Report.pdf;;V3;New non-EU-27 observation added in V3;active;V3
JPN;2023;Japan;Japan;East Asia & Pacific;High income;2023;2030;2030;NA;13;13;Percent;Final energy;All technologies;13;;https://www.ren21.net/wp-content/uploads/2019/05/GSR2024_GlobalOverview_Full_Report_with_endnotes_web.pdf;;V3;New non-EU-27 observation added in V3;active;V3
KAZ;2013;Kazakhstan;Kazakhstan;Europe & Central Asia;Upper middle income;2013;2014;2050;NA;1;1;Percent;Electricity;All technologies;1;;https://www.ren21.net/wp-content/uploads/2019/05/GSR2014_Full-Report_English.pdf;;V3;New non-EU-27 observation added in V3;active;V3
KAZ;2013;Kazakhstan;Kazakhstan;Europe & Central Asia;Upper middle income;2013;2020;2050;NA;3;3;Percent;Electricity;All technologies;3;;https://www.ren21.net/wp-content/uploads/2019/05/GSR2014_Full-Report_English.pdf;;V3;New non-EU-27 observation added in V3;active;V3
KAZ;2014;Kazakhstan;Kazakhstan;Europe & Central Asia;Upper middle income;2013;2030;2050;NA;50;50;Percent;Electricity;All technologies;50;;https://www.ren21.net/wp-content/uploads/2019/05/GSR2015_Full-Report_English.pdf;;V3;New non-EU-27 observation added in V3;active;V3
KAZ;2020;Kazakhstan;Kazakhstan;Europe & Central Asia;Upper middle income;2013;2025;2050;NA;6;6;Percent;Electricity;All technologies;6;;https://www.ren21.net/wp-content/uploads/2019/05/GSR2021_Full_Report.pdf;;V3;New non-EU-27 observation added in V3;active;V3
KAZ;2020;Kazakhstan;Kazakhstan;Europe & Central Asia;Upper middle income;2013;2030;2050;NA;10;10;Percent;Electricity;All technologies;10;;https://www.ren21.net/wp-content/uploads/2019/05/GSR2021_Full_Report.pdf;;V3;New non-EU-27 observation added in V3;active;V3
KAZ;2021;Kazakhstan;Kazakhstan;Europe & Central Asia;Upper middle income;2013;2050;2050;NA;50;50;Percent;Electricity;All technologies;50;;https://www.ren21.net/wp-content/uploads/2019/05/GSR2022_Full_Report.pdf;;V3;New non-EU-27 observation added in V3;active;V3
KAZ;2021;Kazakhstan;Kazakhstan;Europe & Central Asia;Upper middle income;2013;2030;2050;NA;15;15;Percent;Electricity;All technologies;15;;https://www.ren21.net/wp-content/uploads/2019/05/GSR2022_Full_Report.pdf;;V3;New non-EU-27 observation added in V3;active;V3
KEN;2016;Kenya;Kenya;Sub-Saharan Africa;Lower middle income;2016;2050;2050;NA;100;100;Percent;Electricity;All technologies;100;;https://www.ren21.net/wp-content/uploads/2019/05/GSR2017_Full-Report_English.pdf;;V3;New non-EU-27 observation added in V3;active;V3
KEN;2020;Kenya;Kenya;Sub-Saharan Africa;Lower middle income;2020;2050;2050;NA;100;100;Percent;Final energy;All technologies;100;;https://www.ren21.net/wp-content/uploads/2019/05/GSR2021_Full_Report.pdf;;V3;New non-EU-27 observation added in V3;active;V3
KEN;2021;Kenya;Kenya;Sub-Saharan Africa;Lower middle income;2016;2030;2050;NA;100;100;Percent;Electricity;All technologies;100;;https://www.ren21.net/wp-content/uploads/2019/05/GSR2022_Full_Report.pdf;;V3;New non-EU-27 observation added in V3;active;V3
KHM;2014;Cambodia;Cambodia;East Asia & Pacific;Lower middle income;2014;2015;2050;NA;15;15;Percent;Electricity;All technologies;15;;https://www.ren21.net/wp-content/uploads/2019/05/GSR2015_Full-Report_English.pdf;;V3;New non-EU-27 observation added in V3;active;V3
KHM;2015;Cambodia;Cambodia;East Asia & Pacific;Lower middle income;2014;2035;2050;NA;25;25;Percent;Electricity;All technologies;25;;https://www.ren21.net/wp-content/uploads/2019/05/REN21_GSR2016_FullReport_en_11.pdf;;V3;New non-EU-27 observation added in V3;active;V3
KHM;2016;Cambodia;Cambodia;East Asia & Pacific;Lower middle income;2014;2050;2050;NA;100;100;Percent;Electricity;All technologies;100;;https://www.ren21.net/wp-content/uploads/2019/05/GSR2017_Full-Report_English.pdf;;V3;New non-EU-27 observation added in V3;active;V3
KHM;2020;Cambodia;Cambodia;East Asia & Pacific;Lower middle income;2020;2050;2050;NA;100;100;Percent;Final energy;All technologies;100;;https://www.ren21.net/wp-content/uploads/2019/05/GSR2021_Full_Report.pdf;;V3;New non-EU-27 observation added in V3;active;V3
KHM;2021;Cambodia;Cambodia;East Asia & Pacific;Lower middle income;2014;2050;2050;NA;35;35;Percent;Electricity;All technologies;35;;https://www.ren21.net/wp-content/uploads/2019/05/GSR2022_Full_Report.pdf;;V3;New non-EU-27 observation added in V3;active;V3
KHM;2023;Cambodia;Cambodia;East Asia & Pacific;Lower middle income;2020;2030;2050;NA;25;25;Percent;Final energy;All technologies;25;;https://www.ren21.net/wp-content/uploads/2019/05/GSR2024_GlobalOverview_Full_Report_with_endnotes_web.pdf;;V3;New non-EU-27 observation added in V3;active;V3
KIR;2011;Kiribati;Kiribati;East Asia & Pacific;Lower middle income;2011;NA;2050;NA;10;10;Percent;Electricity;All technologies;10;;https://www.ren21.net/Portals/0/documents/activities/gsr/GSR2012.pdf;;V3;New non-EU-27 observation added in V3;active;V3
KIR;2014;Kiribati;Kiribati;East Asia & Pacific;Lower middle income;2011;2020;2050;NA;3;3;Percent;Electricity;All technologies;3;;https://www.ren21.net/wp-content/uploads/2019/05/GSR2015_Full-Report_English.pdf;;V3;New non-EU-27 observation added in V3;active;V3
KIR;2016;Kiribati;Kiribati;East Asia & Pacific;Lower middle income;2011;2050;2050;NA;100;100;Percent;Electricity;All technologies;100;;https://www.ren21.net/wp-content/uploads/2019/05/GSR2017_Full-Report_English.pdf;;V3;New non-EU-27 observation added in V3;active;V3
KIR;2020;Kiribati;Kiribati;East Asia & Pacific;Lower middle income;2020;2050;2050;NA;100;100;Percent;Final energy;All technologies;100;;https://www.ren21.net/wp-content/uploads/2019/05/GSR2021_Full_Report.pdf;;V3;New non-EU-27 observation added in V3;active;V3
KIR;2020;Kiribati;Kiribati;East Asia & Pacific;Lower middle income;2011;2025;2050;NA;23;23;Percent;Electricity;All technologies;23;;https://www.ren21.net/wp-content/uploads/2019/05/GSR2021_Full_Report.pdf;;V3;New non-EU-27 observation added in V3;active;V3
KNA;2012;Saint Kitts and Nevis;St. Kitts and Nevis;Latin America & Caribbean;High income;2012;2015;2015;NA;20;20;Percent;Electricity;All technologies;20;;https://www.ren21.net/wp-content/uploads/2019/05/GSR2013_Full-Report_English.pdf;;V3;New non-EU-27 observation added in V3;active;V3
KOR;2005;Korea (Republic of);South Korea;East Asia & Pacific;High income;2005;2010;2040;NA;7;7;Percent;Electricity;All technologies;7;;https://www.ren21.net/wp-content/uploads/2019/05/GSR2005_Full-Report_English.pdf;;V3;New non-EU-27 observation added in V3;active;V3
KOR;2011;Korea (Republic of);South Korea;East Asia & Pacific;High income;2005;2030;2040;NA;8;8;Percent;Electricity;All technologies;8;;https://www.ren21.net/Portals/0/documents/activities/gsr/GSR2012.pdf;;V3;New non-EU-27 observation added in V3;active;V3
KOR;2011;Korea (Republic of);South Korea;East Asia & Pacific;High income;2005;2015;2040;NA;3;3;Percent;Electricity;All technologies;3;;https://www.ren21.net/Portals/0/documents/activities/gsr/GSR2012.pdf;;V3;New non-EU-27 observation added in V3;active;V3
KOR;2011;Korea (Republic of);South Korea;East Asia & Pacific;High income;2005;2020;2040;NA;5;5;Percent;Electricity;All technologies;5;;https://www.ren21.net/Portals/0/documents/activities/gsr/GSR2012.pdf;;V3;New non-EU-27 observation added in V3;active;V3
KOR;2016;Korea (Republic of);South Korea;East Asia & Pacific;High income;2005;2019;2040;NA;6;6;Percent;Electricity;All technologies;6;;https://www.ren21.net/wp-content/uploads/2019/05/GSR2017_Full-Report_English.pdf;;V3;New non-EU-27 observation added in V3;active;V3
KOR;2016;Korea (Republic of);South Korea;East Asia & Pacific;High income;2005;2020;2040;NA;7;7;Percent;Electricity;All technologies;7;;https://www.ren21.net/wp-content/uploads/2019/05/GSR2017_Full-Report_English.pdf;;V3;New non-EU-27 observation added in V3;active;V3
KOR;2016;Korea (Republic of);South Korea;East Asia & Pacific;High income;2005;2018;2040;NA;5;5;Percent;Electricity;All technologies;5;;https://www.ren21.net/wp-content/uploads/2019/05/GSR2017_Full-Report_English.pdf;;V3;New non-EU-27 observation added in V3;active;V3
KOR;2017;Korea (Republic of);South Korea;East Asia & Pacific;High income;2005;2030;2040;NA;20;20;Percent;Electricity;All technologies;20;;https://www.ren21.net/wp-content/uploads/2019/05/GSR2018_Full-Report_English.pdf;;V3;New non-EU-27 observation added in V3;active;V3
KOR;2018;Korea (Republic of);South Korea;East Asia & Pacific;High income;2005;2040;2040;NA;35;35;Percent;Electricity;All technologies;35;;https://www.ren21.net/wp-content/uploads/2019/05/gsr_2019_full_report_en.pdf;;V3;New non-EU-27 observation added in V3;active;V3
KWT;2009;Kuwait;Kuwait;Middle East & North Africa;High income;2009;2020;2020;NA;5;5;Percent;Final energy;All technologies;5;;https://www.ren21.net/wp-content/uploads/2019/05/GSR2010_Full-Report_English.pdf;;V3;New non-EU-27 observation added in V3;active;V3
KWT;2010;Kuwait;Kuwait;Middle East & North Africa;High income;2010;2020;2030;NA;5;5;Percent;Electricity;All technologies;5;;https://www.ren21.net/wp-content/uploads/2019/05/GSR2011_Full-Report_English.pdf;;V3;New non-EU-27 observation added in V3;active;V3
KWT;2012;Kuwait;Kuwait;Middle East & North Africa;High income;2010;2030;2030;NA;15;15;Percent;Electricity;All technologies;15;;https://www.ren21.net/wp-content/uploads/2019/05/GSR2013_Full-Report_English.pdf;;V3;New non-EU-27 observation added in V3;active;V3
KWT;2014;Kuwait;Kuwait;Middle East & North Africa;High income;2010;2030;2030;NA;10;10;Percent;Electricity;All technologies;10;;https://www.ren21.net/wp-content/uploads/2019/05/GSR2015_Full-Report_English.pdf;;V3;New non-EU-27 observation added in V3;active;V3
LAO;2011;Lao People's Democratic Republic;Laos;East Asia & Pacific;Lower middle income;2011;2025;2025;NA;30;30;Percent;Final energy;All technologies;30;;https://www.iea.org/countries/laos       https://kpl.gov.la/en/detail.aspx?id=4473;;V3;New non-EU-27 observation added in V3;active;V3
LBN;2009;Lebanon;Lebanon;Middle East & North Africa;Lower middle income;2009;2020;2030;NA;12;12;Percent;Final energy;All technologies;12;;https://www.ren21.net/wp-content/uploads/2019/05/GSR2010_Full-Report_English.pdf;;V3;New non-EU-27 observation added in V3;active;V3
LBN;2012;Lebanon;Lebanon;Middle East & North Africa;Lower middle income;2012;2020;2050;NA;12;12;Percent;Electricity;All technologies;12;;https://www.ren21.net/wp-content/uploads/2019/05/GSR2013_Full-Report_English.pdf;;V3;New non-EU-27 observation added in V3;active;V3
LBN;2015;Lebanon;Lebanon;Middle East & North Africa;Lower middle income;2009;2030;2030;NA;15;15;Percent;Final energy;All technologies;15;;https://www.ren21.net/wp-content/uploads/2019/05/REN21_GSR2016_FullReport_en_11.pdf;;V3;New non-EU-27 observation added in V3;active;V3
LBN;2016;Lebanon;Lebanon;Middle East & North Africa;Lower middle income;2012;2050;2050;NA;100;100;Percent;Electricity;All technologies;100;;https://www.ren21.net/wp-content/uploads/2019/05/GSR2017_Full-Report_English.pdf;;V3;New non-EU-27 observation added in V3;active;V3
LBN;2019;Lebanon;Lebanon;Middle East & North Africa;Lower middle income;2012;2030;2050;NA;30;30;Percent;Electricity;All technologies;30;;https://www.ren21.net/wp-content/uploads/2019/05/gsr_2020_full_report_en.pdf;;V3;New non-EU-27 observation added in V3;active;V3
LBN;2020;Lebanon;Lebanon;Middle East & North Africa;Lower middle income;2009;2030;2030;NA;30;30;Percent;Final energy;All technologies;30;;https://www.ren21.net/wp-content/uploads/2019/05/GSR2021_Full_Report.pdf;;V3;New non-EU-27 observation added in V3;active;V3
LBN;2021;Lebanon;Lebanon;Middle East & North Africa;Lower middle income;2012;2030;2050;NA;18;18;Percent;Electricity;All technologies;18;;https://www.ren21.net/wp-content/uploads/2019/05/GSR2022_Full_Report.pdf;;V3;New non-EU-27 observation added in V3;active;V3
LBR;2013;Liberia;Liberia;Sub-Saharan Africa;Low income;2013;2021;2021;NA;30;30;Percent;Electricity;All technologies;30;;https://www.ren21.net/wp-content/uploads/2019/05/GSR2014_Full-Report_English.pdf;;V3;New non-EU-27 observation added in V3;active;V3
LBR;2015;Liberia;Liberia;Sub-Saharan Africa;Low income;2015;2030;2030;NA;10;10;Percent;Final energy;All technologies;10;;https://www.ren21.net/wp-content/uploads/2019/05/REN21_GSR2016_FullReport_en_11.pdf;;V3;New non-EU-27 observation added in V3;active;V3
LBY;2009;Libya;Libya;Middle East & North Africa;Upper middle income;2009;2030;2030;NA;30;30;Percent;Electricity;All technologies;30;;https://www.ren21.net/Portals/0/documents/activities/gsr/REN21_GSR_2010_full_revised%20Sept2010.pdf;;V3;New non-EU-27 observation added in V3;active;V3
LBY;2009;Libya;Libya;Middle East & North Africa;Upper middle income;2009;2020;2030;NA;10;10;Percent;Electricity;All technologies;10;;https://www.ren21.net/Portals/0/documents/activities/gsr/REN21_GSR_2010_full_revised%20Sept2010.pdf;;V3;New non-EU-27 observation added in V3;active;V3
LBY;2012;Libya;Libya;Middle East & North Africa;Upper middle income;2009;2025;2030;NA;10;10;Percent;Electricity;All technologies;10;;https://www.ren21.net/wp-content/uploads/2019/05/GSR2013_Full-Report_English.pdf;;V3;New non-EU-27 observation added in V3;active;V3
LBY;2012;Libya;Libya;Middle East & North Africa;Upper middle income;2009;2020;2030;NA;7;7;Percent;Electricity;All technologies;7;;https://www.ren21.net/wp-content/uploads/2019/05/GSR2013_Full-Report_English.pdf;;V3;New non-EU-27 observation added in V3;active;V3
LBY;2013;Libya;Libya;Middle East & North Africa;Upper middle income;2009;2020;2030;NA;20;20;Percent;Electricity;All technologies;20;;https://www.ren21.net/wp-content/uploads/2019/05/GSR2014_Full-Report_English.pdf;;V3;New non-EU-27 observation added in V3;active;V3
LBY;2019;Libya;Libya;Middle East & North Africa;Upper middle income;2009;2030;2030;NA;22;22;Percent;Electricity;All technologies;22;;https://www.ren21.net/wp-content/uploads/2019/05/gsr_2020_full_report_en.pdf;;V3;New non-EU-27 observation added in V3;active;V3
LCA;2011;Saint Lucia;St. Lucia;Latin America & Caribbean;Upper middle income;2011;2020;2050;NA;30;30;Percent;Electricity;All technologies;30;;https://www.ren21.net/Portals/0/documents/activities/gsr/GSR2012.pdf;;V3;New non-EU-27 observation added in V3;active;V3
LCA;2011;Saint Lucia;St. Lucia;Latin America & Caribbean;Upper middle income;2011;2013;2050;NA;5;5;Percent;Electricity;All technologies;5;;https://www.ren21.net/Portals/0/documents/activities/gsr/GSR2012.pdf;;V3;New non-EU-27 observation added in V3;active;V3
LCA;2011;Saint Lucia;St. Lucia;Latin America & Caribbean;Upper middle income;2011;2015;2050;NA;15;15;Percent;Electricity;All technologies;15;;https://www.ren21.net/Portals/0/documents/activities/gsr/GSR2012.pdf;;V3;New non-EU-27 observation added in V3;active;V3
LCA;2015;Saint Lucia;St. Lucia;Latin America & Caribbean;Upper middle income;2011;2020;2050;NA;35;35;Percent;Electricity;All technologies;35;;https://www.ren21.net/wp-content/uploads/2019/05/REN21_GSR2016_FullReport_en_11.pdf;;V3;New non-EU-27 observation added in V3;active;V3
LCA;2016;Saint Lucia;St. Lucia;Latin America & Caribbean;Upper middle income;2011;2050;2050;NA;100;100;Percent;Electricity;All technologies;100;;https://www.ren21.net/wp-content/uploads/2019/05/GSR2017_Full-Report_English.pdf;;V3;New non-EU-27 observation added in V3;active;V3
LCA;2020;Saint Lucia;St. Lucia;Latin America & Caribbean;Upper middle income;2011;2030;2050;NA;50;50;Percent;Electricity;All technologies;50;;https://www.ren21.net/wp-content/uploads/2019/05/GSR2021_Full_Report.pdf;;V3;New non-EU-27 observation added in V3;active;V3
LIE;2020;Liechtenstein;Liechtenstein;Europe & Central Asia;High income;2020;2019;2030;NA;22;22;Percent;Final energy;All technologies;22;;https://unfccc.int/sites/default/files/resource/NC8_BR5_LIE_2022.pdf;;V3;New non-EU-27 observation added in V3;active;V3
LIE;2020;Liechtenstein;Liechtenstein;Europe & Central Asia;High income;0;2030;2030;NA;30;30;Percent;Final energy;All technologies;30;;https://unfccc.int/sites/default/files/resource/NC8_BR5_LIE_2022.pdf;;V3;New non-EU-27 observation added in V3;active;V3
LKA;2009;Sri Lanka;Sri Lanka;South Asia;Lower middle income;2009;2017;2050;NA;10;10;Percent;Electricity;All technologies except hydro;49.37;;https://www.ren21.net/Portals/0/documents/activities/gsr/REN21_GSR_2010_full_revised%20Sept2010.pdf;right;V3;New non-EU-27 observation added in V3;active;V3
LKA;2010;Sri Lanka;Sri Lanka;South Asia;Lower middle income;2009;2022;2050;NA;14;14;Percent;Electricity;All technologies except hydro;66.66;;https://www.ren21.net/wp-content/uploads/2019/05/GSR2011_Full-Report_English.pdf;;V3;New non-EU-27 observation added in V3;active;V3
LKA;2011;Sri Lanka;Sri Lanka;South Asia;Lower middle income;2009;2015;2050;NA;10;10;Percent;Electricity;All technologies except hydro;50.12;;https://www.ren21.net/Portals/0/documents/activities/gsr/GSR2012.pdf;right;V3;New non-EU-27 observation added in V3;active;V3
LKA;2012;Sri Lanka;Sri Lanka;South Asia;Lower middle income;2009;2020;2050;NA;20;20;Percent;Electricity;All technologies except hydro;47.99;;https://www.ren21.net/wp-content/uploads/2019/05/GSR2013_Full-Report_English.pdf;right;V3;New non-EU-27 observation added in V3;active;V3
LKA;2015;Sri Lanka;Sri Lanka;South Asia;Lower middle income;2009;2016;2050;NA;10;10;Percent;Electricity;All technologies;10;;https://www.ren21.net/wp-content/uploads/2019/05/REN21_GSR2016_FullReport_en_11.pdf;;V3;New non-EU-27 observation added in V3;active;V3
LKA;2015;Sri Lanka;Sri Lanka;South Asia;Lower middle income;2009;2020;2050;NA;20;20;Percent;Electricity;All technologies;20;;https://www.ren21.net/wp-content/uploads/2019/05/REN21_GSR2016_FullReport_en_11.pdf;;V3;New non-EU-27 observation added in V3;active;V3
LKA;2016;Sri Lanka;Sri Lanka;South Asia;Lower middle income;2009;2050;2050;NA;100;100;Percent;Electricity;All technologies;100;;https://www.ren21.net/wp-content/uploads/2019/05/GSR2017_Full-Report_English.pdf;;V3;New non-EU-27 observation added in V3;active;V3
LKA;2020;Sri Lanka;Sri Lanka;South Asia;Lower middle income;2009;2030;2050;NA;50;50;Percent;Electricity;All technologies;50;;https://www.ren21.net/wp-content/uploads/2019/05/GSR2021_Full_Report.pdf;;V3;New non-EU-27 observation added in V3;active;V3
LKA;2022;Sri Lanka;Sri Lanka;South Asia;Lower middle income;2009;2030;2050;NA;70;70;Percent;Electricity;All technologies;70;;https://www.ren21.net/wp-content/uploads/2019/05/GSR-2023_Energy-Supply-Module.pdf;;V3;New non-EU-27 observation added in V3;active;V3
LSO;2012;Lesotho;Lesotho;Sub-Saharan Africa;Lower middle income;2012;2020;2020;NA;35;35;Percent;Electricity;All technologies;35;Off-grid and rural;https://www.ren21.net/wp-content/uploads/2019/05/GSR2013_Full-Report_English.pdf;;V3;New non-EU-27 observation added in V3;active;V3
LTU;2004;Lithuania;Lithuania;Europe & Central Asia;High income;2004;2010;2030;NA;7;7;Percent;Electricity;All technologies;7;;https://www.ren21.net/wp-content/uploads/2019/05/GSR2005_Full-Report_English.pdf;;V1;;active;V1
LTU;2006;Lithuania;Lithuania;Europe & Central Asia;High income;2006;2020;2050;NA;23;23;Percent;Final energy;All technologies;23;;https://www.ren21.net/wp-content/uploads/2019/05/GSR2007_Full-Report_English.pdf;;V1;;active;V1
LTU;2012;Lithuania;Lithuania;Europe & Central Asia;High income;2004;2020;2030;NA;20;20;Percent;Electricity;All technologies;20;;https://www.ren21.net/wp-content/uploads/2019/05/GSR2013_Full-Report_English.pdf;;V1;;active;V1
LTU;2013;Lithuania;Lithuania;Europe & Central Asia;High income;2004;2020;2030;NA;21;21;Percent;Electricity;All technologies;21;;https://www.ren21.net/wp-content/uploads/2019/05/GSR2014_Full-Report_English.pdf;;V1;;active;V1
LTU;2018;Lithuania;Lithuania;Europe & Central Asia;High income;2006;2050;2050;NA;80;80;Percent;Final energy;All technologies;80;;https://www.ren21.net/wp-content/uploads/2019/05/gsr_2019_full_report_en.pdf;;V1;;active;V1
LTU;2019;Lithuania;Lithuania;Europe & Central Asia;High income;2006;2030;2050;NA;45;45;Percent;Final energy;All technologies;45;;https://www.ren21.net/wp-content/uploads/2019/05/gsr_2020_full_report_en.pdf;;V1;;active;V1
LTU;2019;Lithuania;Lithuania;Europe & Central Asia;High income;2004;2030;2030;NA;89;89;Percent;Electricity;All technologies;89;;https://ember-energy.org/data/live-eu-necp-tracker/#data-tool;;V1;;active;V1
LUX;2001;Luxembourg;Luxembourg;Europe & Central Asia;High income;2001;2010;2030;NA;6;6;Percent;Electricity;All technologies;6;;https://eur-lex.europa.eu/legal-content/EN/TXT/PDF/?uri=CELEX:32001L0077&from=EN;;V1;;active;V1
LUX;2009;Luxembourg;Luxembourg;Europe & Central Asia;High income;2009;2020;2030;NA;11;11;Percent;Final energy;All technologies;11;;https://www.ren21.net/wp-content/uploads/2019/05/GSR2010_Full-Report_English.pdf;;V1;;active;V1
LUX;2012;Luxembourg;Luxembourg;Europe & Central Asia;High income;2001;2020;2030;NA;12;12;Percent;Electricity;All technologies;12;;https://www.ren21.net/wp-content/uploads/2019/05/GSR2013_Full-Report_English.pdf;;V1;;active;V1
LUX;2020;Luxembourg;Luxembourg;Europe & Central Asia;High income;2009;2030;2030;23;25;24;Percent;Final energy;All technologies;24;;https://www.ren21.net/wp-content/uploads/2019/05/GSR2021_Full_Report.pdf;;V1;;active;V1
LUX;2021;Luxembourg;Luxembourg;Europe & Central Asia;High income;2001;2030;2030;NA;34;34;Percent;Electricity;All technologies;34;;https://www.ren21.net/wp-content/uploads/2019/05/GSR2022_Full_Report.pdf;;V1;;active;V1
LUX;2023;Luxembourg;Luxembourg;Europe & Central Asia;High income;2009;2030;2030;NA;25;25;Percent;Final energy;All technologies;25;;https://www.ren21.net/wp-content/uploads/2019/05/GSR2024_GlobalOverview_Full_Report_with_endnotes_web.pdf;;V1;;active;V1
LVA;2004;Latvia;Latvia;Europe & Central Asia;High income;2004;2010;2030;NA;49;49;Percent;Electricity;All technologies;49;;https://www.sciencedirect.com/science/article/pii/S1364032105000535;;V1;;active;V1
LVA;2006;Latvia;Latvia;Europe & Central Asia;High income;2006;2020;2030;NA;42;42;Percent;Final energy;All technologies;42;;https://www.ren21.net/wp-content/uploads/2019/05/GSR2007_Full-Report_English.pdf;;V1;;active;V1
LVA;2009;Latvia;Latvia;Europe & Central Asia;High income;2006;2020;2030;NA;40;40;Percent;Final energy;All technologies;40;;https://www.ren21.net/wp-content/uploads/2019/05/GSR2010_Full-Report_English.pdf;;V1;;active;V1
LVA;2012;Latvia;Latvia;Europe & Central Asia;High income;2004;2020;2030;NA;60;60;Percent;Electricity;All technologies;60;;https://www.ren21.net/wp-content/uploads/2019/05/GSR2013_Full-Report_English.pdf;;V1;;active;V1
LVA;2019;Latvia;Latvia;Europe & Central Asia;High income;2004;2030;2030;NA;76;76;Percent;Electricity;All technologies;76;;https://ember-energy.org/data/live-eu-necp-tracker/#data-tool;;V1;;active;V1
LVA;2020;Latvia;Latvia;Europe & Central Asia;High income;2006;2025;2030;NA;44;44;Percent;Final energy;All technologies;44;;https://www.ren21.net/wp-content/uploads/2019/05/GSR2021_Full_Report.pdf;;V1;;active;V1
LVA;2020;Latvia;Latvia;Europe & Central Asia;High income;2006;2027;2030;NA;47;47;Percent;Final energy;All technologies;47;;https://www.ren21.net/wp-content/uploads/2019/05/GSR2021_Full_Report.pdf;;V1;;active;V1
LVA;2020;Latvia;Latvia;Europe & Central Asia;High income;2006;2022;2030;NA;42;42;Percent;Final energy;All technologies;42;;https://www.ren21.net/wp-content/uploads/2019/05/GSR2021_Full_Report.pdf;;V1;;active;V1
LVA;2020;Latvia;Latvia;Europe & Central Asia;High income;2006;2030;2030;NA;50;50;Percent;Final energy;All technologies;50;;https://www.ren21.net/wp-content/uploads/2019/05/GSR2021_Full_Report.pdf;;V1;;active;V1
LVA;2023;Latvia;Latvia;Europe & Central Asia;High income;2004;2030;2030;NA;96;96;Percent;Electricity;All technologies;96;;https://ember-energy.org/data/live-eu-necp-tracker/#data-tool;;V1;;active;V1
LVA;2023;Latvia;Latvia;Europe & Central Asia;High income;2006;2030;2030;NA;45;45;Percent;Final energy;All technologies;45;;https://www.ren21.net/wp-content/uploads/2019/05/GSR2024_GlobalOverview_Full_Report_with_endnotes_web.pdf;;V1;;active;V1
MAR;2006;Morocco;Morocco;Middle East & North Africa;Lower middle income;2006;2012;2050;NA;20;20;Percent;Electricity;All technologies;20;;https://www.ren21.net/wp-content/uploads/2019/05/GSR2007_Full-Report_English.pdf;;V3;New non-EU-27 observation added in V3;active;V3
MAR;2009;Morocco;Morocco;Middle East & North Africa;Lower middle income;2009;2012;2012;NA;10;10;Percent;Final energy;All technologies;10;;https://www.ren21.net/wp-content/uploads/2019/05/GSR2010_Full-Report_English.pdf;;V3;New non-EU-27 observation added in V3;active;V3
MAR;2010;Morocco;Morocco;Middle East & North Africa;Lower middle income;2006;2020;2050;NA;42;42;Percent;Electricity;All technologies;42;;https://www.ren21.net/wp-content/uploads/2019/05/GSR2011_Full-Report_English.pdf;;V3;New non-EU-27 observation added in V3;active;V3
MAR;2015;Morocco;Morocco;Middle East & North Africa;Lower middle income;2006;2039;2050;NA;52;52;Percent;Electricity;All technologies;52;;https://www.ren21.net/wp-content/uploads/2019/05/REN21_GSR2016_FullReport_en_11.pdf;;V3;New non-EU-27 observation added in V3;active;V3
MAR;2016;Morocco;Morocco;Middle East & North Africa;Lower middle income;2006;2030;2050;NA;52;52;Percent;Electricity;All technologies;52;;https://www.ren21.net/wp-content/uploads/2019/05/GSR2017_Full-Report_English.pdf;;V3;New non-EU-27 observation added in V3;active;V3
MAR;2016;Morocco;Morocco;Middle East & North Africa;Lower middle income;2006;2050;2050;NA;100;100;Percent;Electricity;All technologies;100;;https://www.ren21.net/wp-content/uploads/2019/05/GSR2017_Full-Report_English.pdf;;V3;New non-EU-27 observation added in V3;active;V3
MDA;2012;Moldova (Republic of);Moldova;Europe & Central Asia;Upper middle income;2012;2020;2020;NA;17;17;Percent;Final energy;All technologies;17;;https://www.ren21.net/wp-content/uploads/2019/05/GSR2013_Full-Report_English.pdf;;V3;New non-EU-27 observation added in V3;active;V3
MDA;2014;Moldova (Republic of);Moldova;Europe & Central Asia;Upper middle income;2014;2020;2020;NA;10;10;Percent;Electricity;All technologies;10;;https://www.ren21.net/wp-content/uploads/2019/05/GSR2015_Full-Report_English.pdf;;V3;New non-EU-27 observation added in V3;active;V3
MDG;2009;Madagascar;Madagascar;Sub-Saharan Africa;Low income;2009;2020;2050;NA;75;75;Percent;Electricity;All technologies;75;;https://www.ren21.net/Portals/0/documents/activities/gsr/REN21_GSR_2010_full_revised%20Sept2010.pdf;;V3;New non-EU-27 observation added in V3;active;V3
MDG;2009;Madagascar;Madagascar;Sub-Saharan Africa;Low income;2009;2020;2050;NA;54;54;Percent;Final energy;All technologies;54;;https://www.ren21.net/wp-content/uploads/2019/05/GSR2010_Full-Report_English.pdf;;V3;New non-EU-27 observation added in V3;active;V3
MDG;2015;Madagascar;Madagascar;Sub-Saharan Africa;Low income;2009;NA;2050;NA;79;79;Percent;Electricity;All technologies;79;;https://www.ren21.net/wp-content/uploads/2019/05/REN21_GSR2016_FullReport_en_11.pdf;;V3;New non-EU-27 observation added in V3;active;V3
MDG;2016;Madagascar;Madagascar;Sub-Saharan Africa;Low income;2009;2050;2050;NA;100;100;Percent;Electricity;All technologies;100;;https://www.ren21.net/wp-content/uploads/2019/05/GSR2017_Full-Report_English.pdf;;V3;New non-EU-27 observation added in V3;active;V3
MDG;2018;Madagascar;Madagascar;Sub-Saharan Africa;Low income;2009;2030;2050;NA;85;85;Percent;Electricity;All technologies;85;;https://www.ren21.net/wp-content/uploads/2019/05/gsr_2019_full_report_en.pdf;;V3;New non-EU-27 observation added in V3;active;V3
MDG;2020;Madagascar;Madagascar;Sub-Saharan Africa;Low income;2009;2050;2050;NA;100;100;Percent;Final energy;All technologies;100;;https://www.ren21.net/wp-content/uploads/2019/05/GSR2021_Full_Report.pdf;;V3;New non-EU-27 observation added in V3;active;V3
MDG;2020;Madagascar;Madagascar;Sub-Saharan Africa;Low income;2009;2030;2050;NA;79;79;Percent;Electricity;All technologies;79;;https://www.ren21.net/wp-content/uploads/2019/05/GSR2021_Full_Report.pdf;;V3;New non-EU-27 observation added in V3;active;V3
MDG;2023;Madagascar;Madagascar;Sub-Saharan Africa;Low income;2009;2030;2050;NA;85;85;Percent;Final energy;All technologies;85;;https://www.ren21.net/wp-content/uploads/2019/05/GSR2024_GlobalOverview_Full_Report_with_endnotes_web.pdf;;V3;New non-EU-27 observation added in V3;active;V3
MDV;2013;Maldives;Maldives;South Asia;Upper middle income;2013;2017;2050;NA;16;16;Percent;Electricity;All technologies;16;;https://www.ren21.net/wp-content/uploads/2019/05/GSR2014_Full-Report_English.pdf;;V3;New non-EU-27 observation added in V3;active;V3
MDV;2016;Maldives;Maldives;South Asia;Upper middle income;2013;2050;2050;NA;100;100;Percent;Electricity;All technologies;100;;https://www.ren21.net/wp-content/uploads/2019/05/GSR2017_Full-Report_English.pdf;;V3;New non-EU-27 observation added in V3;active;V3
MDV;2020;Maldives;Maldives;South Asia;Upper middle income;2020;2050;2050;NA;100;100;Percent;Final energy;All technologies;100;;https://www.ren21.net/wp-content/uploads/2019/05/GSR2021_Full_Report.pdf;;V3;New non-EU-27 observation added in V3;active;V3
MDV;2021;Maldives;Maldives;South Asia;Upper middle income;2013;2030;2050;NA;70;70;Percent;Electricity;All technologies;70;;https://www.ren21.net/wp-content/uploads/2019/05/GSR2022_Full_Report.pd;;V3;New non-EU-27 observation added in V3;active;V3
MEX;2009;Mexico;Mexico;Latin America & Caribbean;Upper middle income;2009;2010;2050;NA;5;5;Percent;Electricity;All technologies;5;;https://www.ren21.net/wp-content/uploads/2019/05/GSR2010_Full-Report_English.pdf;;V3;New non-EU-27 observation added in V3;active;V3
MEX;2010;Mexico;Mexico;Latin America & Caribbean;Upper middle income;2009;2012;2050;NA;8;8;Percent;Electricity;All technologies;8;;https://www.ren21.net/wp-content/uploads/2019/05/GSR2011_Full-Report_English.pdf;;V3;New non-EU-27 observation added in V3;active;V3
MEX;2011;Mexico;Mexico;Latin America & Caribbean;Upper middle income;2009;2024;2050;NA;35;35;Percent;Electricity;All technologies;35;;https://www.ren21.net/Portals/0/documents/Resources/GSR2012_low%20res_FINAL.pdf;;V3;New non-EU-27 observation added in V3;active;V3
MEX;2014;Mexico;Mexico;Latin America & Caribbean;Upper middle income;2009;2026;2050;NA;25;25;Percent;Electricity;All technologies;25;;https://www.ren21.net/wp-content/uploads/2019/05/GSR2015_Full-Report_English.pdf;;V3;New non-EU-27 observation added in V3;active;V3
MEX;2015;Mexico;Mexico;Latin America & Caribbean;Upper middle income;2009;2050;2050;NA;50;50;Percent;Electricity;All technologies;50;;https://www.ren21.net/wp-content/uploads/2019/05/REN21_GSR2016_FullReport_en_11.pdf;;V3;New non-EU-27 observation added in V3;active;V3
MEX;2017;Mexico;Mexico;Latin America & Caribbean;Upper middle income;2009;2030;2050;NA;38;38;Percent;Electricity;All technologies;38;;https://www.ren21.net/wp-content/uploads/2019/08/Full-Report-2018.pdf;;V3;New non-EU-27 observation added in V3;active;V3
MEX;2018;Mexico;Mexico;Latin America & Caribbean;Upper middle income;2009;2021;2050;NA;35;35;Percent;Electricity;All technologies;35;;https://www.ren21.net/wp-content/uploads/2019/05/gsr_2019_full_report_en.pdf;;V3;New non-EU-27 observation added in V3;active;V3
MEX;2018;Mexico;Mexico;Latin America & Caribbean;Upper middle income;2009;2018;2050;NA;30;30;Percent;Electricity;All technologies;30;;https://www.ren21.net/wp-content/uploads/2019/05/gsr_2019_full_report_en.pdf;;V3;New non-EU-27 observation added in V3;active;V3
MEX;2019;Mexico;Mexico;Latin America & Caribbean;Upper middle income;2009;2035;2050;NA;40;40;Percent;Electricity;All technologies;40;;https://www.ren21.net/wp-content/uploads/2019/05/gsr_2020_full_report_en.pdf;;V3;New non-EU-27 observation added in V3;active;V3
MEX;2019;Mexico;Mexico;Latin America & Caribbean;Upper middle income;2009;2050;2050;NA;50;50;Percent;Electricity;All technologies;50;;https://www.ren21.net/wp-content/uploads/2019/05/GSR2023_Demand_Modules.pdf;;V3;New non-EU-27 observation added in V3;active;V3
MEX;2019;Mexico;Mexico;Latin America & Caribbean;Upper middle income;2009;2021;2050;NA;30;30;Percent;Electricity;All technologies;30;;https://www.ren21.net/wp-content/uploads/2019/05/gsr_2020_full_report_en.pdf;;V3;New non-EU-27 observation added in V3;active;V3
MEX;2020;Mexico;Mexico;Latin America & Caribbean;Upper middle income;2009;2020;2050;NA;27;27;Percent;Electricity;All technologies;27;;https://www.ren21.net/wp-content/uploads/2019/05/GSR2021_Full_Report.pdf;;V3;New non-EU-27 observation added in V3;active;V3
MEX;2021;Mexico;Mexico;Latin America & Caribbean;Upper middle income;2009;2024;2050;NA;35;35;Percent;Electricity;All technologies;35;;https://www.ren21.net/wp-content/uploads/2019/05/GSR2022_Full_Report.pdf;;V3;New non-EU-27 observation added in V3;active;V3
MHL;2011;Marshall Islands;Marshall Islands;East Asia & Pacific;Upper middle income;2011;2020;2050;NA;20;20;Percent;Electricity;All technologies;20;;https://www.ren21.net/Portals/0/documents/activities/gsr/GSR2012.pdf;;V3;New non-EU-27 observation added in V3;active;V3
MHL;2016;Marshall Islands;Marshall Islands;East Asia & Pacific;Upper middle income;2011;2050;2050;NA;100;100;Percent;Electricity;All technologies;100;;https://www.ren21.net/wp-content/uploads/2019/05/GSR2017_Full-Report_English.pdf;;V3;New non-EU-27 observation added in V3;active;V3
MHL;2020;Marshall Islands;Marshall Islands;East Asia & Pacific;Upper middle income;2020;2050;2050;NA;100;100;Percent;Final energy;All technologies;100;;https://www.ren21.net/wp-content/uploads/2019/05/GSR2021_Full_Report.pdf;;V3;New non-EU-27 observation added in V3;active;V3
MKD;2012;North Macedonia;North Macedonia;Europe & Central Asia;Upper middle income;2012;2020;2040;NA;28;28;Percent;Final energy;All technologies;28;;https://www.ren21.net/wp-content/uploads/2019/05/GSR2013_Full-Report_English.pdf;;V3;New non-EU-27 observation added in V3;active;V3
MKD;2014;North Macedonia;North Macedonia;Europe & Central Asia;Upper middle income;2014;2020;2030;NA;25;25;Percent;Electricity;All technologies;25;;https://www.ren21.net/wp-content/uploads/2019/05/GSR2015_Full-Report_English.pdf;;V3;New non-EU-27 observation added in V3;active;V3
MKD;2020;North Macedonia;North Macedonia;Europe & Central Asia;Upper middle income;2012;2040;2040;35;45;40;Percent;Final energy;All technologies;40;;https://www.ren21.net/wp-content/uploads/2019/05/GSR2021_Full_Report.pdf;;V3;New non-EU-27 observation added in V3;active;V3
MKD;2020;North Macedonia;North Macedonia;Europe & Central Asia;Upper middle income;2014;2020;2030;NA;27;27;Percent;Electricity;All technologies;27;;https://www.ren21.net/wp-content/uploads/2019/05/GSR2021_Full_Report.pdf;;V3;New non-EU-27 observation added in V3;active;V3
MKD;2021;North Macedonia;North Macedonia;Europe & Central Asia;Upper middle income;2014;2030;2030;NA;66;66;Percent;Electricity;All technologies;66;;https://www.ren21.net/wp-content/uploads/2019/05/GSR2022_Full_Report.pdf;;V3;New non-EU-27 observation added in V3;active;V3
MKD;2023;North Macedonia;North Macedonia;Europe & Central Asia;Upper middle income;2012;2040;2040;NA;45;45;Percent;Final energy;All technologies;45;;https://www.ren21.net/wp-content/uploads/2019/05/GSR2024_GlobalOverview_Full_Report_with_endnotes_web.pdf;;V3;New non-EU-27 observation added in V3;active;V3
MLI;2005;Mali;Mali;Sub-Saharan Africa;Low income;2005;2020;2033;NA;10;10;Percent;Electricity;All technologies;10;;https://www.ren21.net/wp-content/uploads/2019/05/GSR2006_Full-Report_English.pdf;;V3;New non-EU-27 observation added in V3;active;V3
MLI;2005;Mali;Mali;Sub-Saharan Africa;Low income;2005;2020;2033;NA;15;15;Percent;Electricity;All technologies;15;;https://www.ren21.net/wp-content/uploads/2019/05/GSR2006_Full-Report_English.pdf;;V3;New non-EU-27 observation added in V3;active;V3
MLI;2005;Mali;Mali;Sub-Saharan Africa;Low income;2005;2015;2033;NA;3;3;Percent;Electricity;All technologies;3;;https://www.ren21.net/wp-content/uploads/2019/05/GSR2006_Full-Report_English.pdf;;V3;New non-EU-27 observation added in V3;active;V3
MLI;2011;Mali;Mali;Sub-Saharan Africa;Low income;2005;2020;2033;NA;25;25;Percent;Electricity;All technologies;25;;https://www.ren21.net/Portals/0/documents/activities/gsr/GSR2012.pdf;;V3;New non-EU-27 observation added in V3;active;V3
MLI;2013;Mali;Mali;Sub-Saharan Africa;Low income;2005;2015;2033;NA;10;10;Percent;Electricity;All technologies except large hydro;60.45;;https://www.ren21.net/wp-content/uploads/2019/05/GSR2014_Full-Report_English.pdf;right;V3;New non-EU-27 observation added in V3;active;V3
MLI;2013;Mali;Mali;Sub-Saharan Africa;Low income;2005;2033;2033;NA;25;25;Percent;Electricity;All technologies except large hydro;75.45;;https://www.ren21.net/wp-content/uploads/2019/05/GSR2014_Full-Report_English.pdf;right;V3;New non-EU-27 observation added in V3;active;V3
MLI;2020;Mali;Mali;Sub-Saharan Africa;Low income;2020;2033;2033;NA;10;10;Percent;Final energy;All technologies;10;;https://www.ren21.net/wp-content/uploads/2019/05/GSR2021_Full_Report.pdf;;V3;New non-EU-27 observation added in V3;active;V3
MLT;2006;Malta;Malta;Middle East & North Africa;High income;2006;2010;2020;NA;5;5;Percent;Electricity;All technologies;5;;https://www.ren21.net/wp-content/uploads/2019/05/GSR2006_Full-Report_English.pdf;;V1;;active;V1
MLT;2009;Malta;Malta;Middle East & North Africa;High income;2009;2020;2030;NA;10;10;Percent;Final energy;All technologies;10;;https://www.ren21.net/wp-content/uploads/2019/05/GSR2010_Full-Report_English.pdf;;V1;;active;V1
MLT;2013;Malta;Malta;Middle East & North Africa;High income;2006;2020;2020;NA;4;4;Percent;Electricity;All technologies;4;;https://www.ren21.net/wp-content/uploads/2019/05/GSR2014_Full-Report_English.pdf;;V1;;active;V1
MLT;2020;Malta;Malta;Middle East & North Africa;High income;2009;2030;2030;NA;12;12;Percent;Final energy;All technologies;12;;https://www.ren21.net/wp-content/uploads/2019/05/GSR2021_Full_Report.pdf;;V1;;active;V1
MLT;2020;Malta;Malta;Middle East & North Africa;High income;2006;2020;2020;NA;12;12;Percent;Electricity;All technologies;12;;https://www.ren21.net/wp-content/uploads/2019/05/GSR2021_Full_Report.pdf;;V1;;active;V1
MLT;2023;Malta;Malta;Middle East & North Africa;High income;2009;2030;2030;NA;11;11;Percent;Final energy;All technologies;11;;https://www.ren21.net/wp-content/uploads/2019/05/GSR2024_GlobalOverview_Full_Report_with_endnotes_web.pdf;;V1;;active;V1
MMR;2015;Myanmar;Myanmar;East Asia & Pacific;Lower middle income;2015;2020;2030;15;18;17;Percent;Electricity;All technologies;17;;https://www.ren21.net/wp-content/uploads/2019/05/REN21_GSR2016_FullReport_en_11.pdf;;V3;New non-EU-27 observation added in V3;active;V3
MMR;2020;Myanmar;Myanmar;East Asia & Pacific;Lower middle income;2015;2030;2030;NA;9;9;Percent;Electricity;All technologies;9;;https://www.ren21.net/wp-content/uploads/2019/05/GSR2021_Full_Report.pdf;;V3;New non-EU-27 observation added in V3;active;V3
MMR;2023;Myanmar;Myanmar;East Asia & Pacific;Lower middle income;2023;2030;2030;NA;12;12;Percent;Final energy;All technologies;12;;https://www.ren21.net/wp-content/uploads/2019/05/GSR2024_GlobalOverview_Full_Report_with_endnotes_web.pdf;;V3;New non-EU-27 observation added in V3;active;V3
MNE;2012;Montenegro;Montenegro;Europe & Central Asia;Upper middle income;2012;2020;2020;NA;33;33;Percent;Final energy;All technologies;33;;https://www.ren21.net/wp-content/uploads/2019/05/GSR2013_Full-Report_English.pdf;;V3;New non-EU-27 observation added in V3;active;V3
MNE;2017;Montenegro;Montenegro;Europe & Central Asia;Upper middle income;2017;2020;2020;NA;51;51;Percent;Electricity;All technologies;51;;https://www.ren21.net/wp-content/uploads/2019/08/Full-Report-2018.pdf;;V3;New non-EU-27 observation added in V3;active;V3
MNG;2009;Mongolia;Mongolia;East Asia & Pacific;Upper middle income;2009;2020;2050;20;25;23;Percent;Electricity;All technologies;23;;https://www.ren21.net/Portals/0/documents/activities/gsr/REN21_GSR_2010_full_revised%20Sept2010.pdf;;V3;New non-EU-27 observation added in V3;active;V3
MNG;2015;Mongolia;Mongolia;East Asia & Pacific;Upper middle income;2009;2030;2050;NA;30;30;Percent;Electricity;All technologies;30;;https://www.ren21.net/wp-content/uploads/2019/05/REN21_GSR2016_FullReport_en_11.pdf;;V3;New non-EU-27 observation added in V3;active;V3
MNG;2015;Mongolia;Mongolia;East Asia & Pacific;Upper middle income;2009;2020;2050;NA;20;20;Percent;Electricity;All technologies;20;;https://www.ren21.net/wp-content/uploads/2019/05/REN21_GSR2016_FullReport_en_11.pdf;;V3;New non-EU-27 observation added in V3;active;V3
MNG;2016;Mongolia;Mongolia;East Asia & Pacific;Upper middle income;2009;2050;2050;NA;100;100;Percent;Electricity;All technologies;100;;https://www.ren21.net/wp-content/uploads/2019/05/GSR2017_Full-Report_English.pdf;;V3;New non-EU-27 observation added in V3;active;V3
MNG;2020;Mongolia;Mongolia;East Asia & Pacific;Upper middle income;2020;2050;2050;NA;100;100;Percent;Final energy;All technologies;100;;https://www.ren21.net/wp-content/uploads/2019/05/GSR2021_Full_Report.pdf;;V3;New non-EU-27 observation added in V3;active;V3
MNG;2021;Mongolia;Mongolia;East Asia & Pacific;Upper middle income;2009;2023;2050;NA;40;40;Percent;Electricity;All technologies;40;;https://www.ren21.net/wp-content/uploads/2019/05/GSR2022_Full_Report.pdf;;V3;New non-EU-27 observation added in V3;active;V3
MNG;2021;Mongolia;Mongolia;East Asia & Pacific;Upper middle income;2009;2030;2050;NA;30;30;Percent;Electricity;All technologies;30;;https://www.ren21.net/wp-content/uploads/2019/05/GSR2022_Full_Report.pdf;;V3;New non-EU-27 observation added in V3;active;V3
MNG;2022;Mongolia;Mongolia;East Asia & Pacific;Upper middle income;2009;2023;2050;NA;20;20;Percent;Electricity;All technologies;20;;https://www.ren21.net/wp-content/uploads/2019/05/GSR-2023_Energy-Supply-Module.pdf;;V3;New non-EU-27 observation added in V3;active;V3
MNG;2023;Mongolia;Mongolia;East Asia & Pacific;Upper middle income;2020;2030;2050;NA;30;30;Percent;Final energy;All technologies;30;;https://www.ren21.net/wp-content/uploads/2019/05/GSR2024_GlobalOverview_Full_Report_with_endnotes_web.pdf;;V3;New non-EU-27 observation added in V3;active;V3
MOZ;2021;Mozambique;Mozambique;Sub-Saharan Africa;Low income;2021;2030;2030;NA;62;62;Percent;Electricity;All technologies;62;;https://www.ren21.net/wp-content/uploads/2019/05/GSR2022_Full_Report.pdf;;V3;New non-EU-27 observation added in V3;active;V3
MOZ;2023;Mozambique;Mozambique;Sub-Saharan Africa;Low income;2023;2030;2030;NA;62;62;Percent;Final energy;All technologies;62;;https://www.ren21.net/wp-content/uploads/2019/05/GSR2024_GlobalOverview_Full_Report_with_endnotes_web.pdf;;V3;New non-EU-27 observation added in V3;active;V3
MRT;2019;Mauritania;Mauritania;Sub-Saharan Africa;Lower middle income;2019;2020;2020;NA;60;60;Percent;Electricity;All technologies;60;;https://www.ren21.net/wp-content/uploads/2019/05/gsr_2020_full_report_en.pdf;;V3;New non-EU-27 observation added in V3;active;V3
MUS;2009;Mauritius;Mauritius;Sub-Saharan Africa;Upper middle income;2009;2028;2030;NA;65;65;Percent;Electricity;All technologies;65;;https://www.ren21.net/Portals/0/documents/activities/gsr/REN21_GSR_2010_full_revised%20Sept2010.pdf;;V3;New non-EU-27 observation added in V3;active;V3
MUS;2011;Mauritius;Mauritius;Sub-Saharan Africa;Upper middle income;2009;2025;2030;NA;35;35;Percent;Electricity;All technologies;35;;https://www.ren21.net/Portals/0/documents/activities/gsr/GSR2012.pdf;;V3;New non-EU-27 observation added in V3;active;V3
MUS;2022;Mauritius;Mauritius;Sub-Saharan Africa;Upper middle income;2009;2030;2030;NA;60;60;Percent;Electricity;All technologies;60;;https://www.ren21.net/wp-content/uploads/2019/05/GSR-2023_Energy-Supply-Module.pdf;;V3;New non-EU-27 observation added in V3;active;V3
MWI;2016;Malawi;Malawi;Sub-Saharan Africa;Low income;2016;2050;2050;NA;100;100;Percent;Electricity;All technologies;100;;https://www.ren21.net/wp-content/uploads/2019/05/GSR2017_Full-Report_English.pdf;;V3;New non-EU-27 observation added in V3;active;V3
MWI;2020;Malawi;Malawi;Sub-Saharan Africa;Low income;2020;2050;2050;NA;100;100;Percent;Final energy;All technologies;100;;https://www.ren21.net/wp-content/uploads/2019/05/GSR2021_Full_Report.pdf;;V3;New non-EU-27 observation added in V3;active;V3
MYS;2005;Malaysia;Malaysia;East Asia & Pacific;Upper middle income;2005;2005;2050;NA;5;5;Percent;Electricity;All technologies;5;;https://www.ren21.net/wp-content/uploads/2019/05/GSR2005_Full-Report_English.pdf;;V3;New non-EU-27 observation added in V3;active;V3
MYS;2010;Malaysia;Malaysia;East Asia & Pacific;Upper middle income;2005;2050;2050;NA;13;13;Percent;Electricity;All technologies;13;;https://www.ren21.net/wp-content/uploads/2019/05/GSR2011_Full-Report_English.pdf;;V3;New non-EU-27 observation added in V3;active;V3
MYS;2010;Malaysia;Malaysia;East Asia & Pacific;Upper middle income;2005;2015;2050;NA;5;5;Percent;Electricity;All technologies;5;;https://www.ren21.net/wp-content/uploads/2019/05/GSR2011_Full-Report_English.pdf;;V3;New non-EU-27 observation added in V3;active;V3
MYS;2010;Malaysia;Malaysia;East Asia & Pacific;Upper middle income;2005;2020;2050;NA;9;9;Percent;Electricity;All technologies;9;;https://www.ren21.net/wp-content/uploads/2019/05/GSR2011_Full-Report_English.pdf;;V3;New non-EU-27 observation added in V3;active;V3
MYS;2010;Malaysia;Malaysia;East Asia & Pacific;Upper middle income;2005;2011;2050;NA;1;1;Percent;Electricity;All technologies;1;;https://www.ren21.net/wp-content/uploads/2019/05/GSR2011_Full-Report_English.pdf;;V3;New non-EU-27 observation added in V3;active;V3
MYS;2012;Malaysia;Malaysia;East Asia & Pacific;Upper middle income;2005;2050;2050;NA;15;15;Percent;Electricity;All technologies;15;;https://www.ren21.net/wp-content/uploads/2019/05/GSR2013_Full-Report_English.pdf;;V3;New non-EU-27 observation added in V3;active;V3
MYS;2012;Malaysia;Malaysia;East Asia & Pacific;Upper middle income;2005;2030;2050;NA;11;11;Percent;Electricity;All technologies;11;;https://www.ren21.net/wp-content/uploads/2019/05/GSR2013_Full-Report_English.pdf;;V3;New non-EU-27 observation added in V3;active;V3
MYS;2018;Malaysia;Malaysia;East Asia & Pacific;Upper middle income;2005;2030;2050;NA;20;20;Percent;Electricity;All technologies;20;;https://www.ren21.net/wp-content/uploads/2019/05/gsr_2019_full_report_en.pdf;;V3;New non-EU-27 observation added in V3;active;V3
MYS;2020;Malaysia;Malaysia;East Asia & Pacific;Upper middle income;2005;2025;2050;NA;20;20;Percent;Electricity;All technologies;20;;https://www.ren21.net/wp-content/uploads/2019/05/GSR2021_Full_Report.pdf;;V3;New non-EU-27 observation added in V3;active;V3
MYS;2021;Malaysia;Malaysia;East Asia & Pacific;Upper middle income;2005;2035;2050;NA;40;40;Percent;Electricity;All technologies;40;;https://www.ren21.net/wp-content/uploads/2019/05/GSR2022_Full_Report.pdf;;V3;New non-EU-27 observation added in V3;active;V3
MYS;2021;Malaysia;Malaysia;East Asia & Pacific;Upper middle income;2005;2025;2050;NA;31;31;Percent;Electricity;All technologies;31;;https://www.ren21.net/wp-content/uploads/2019/05/GSR2022_Full_Report.pdf;;V3;New non-EU-27 observation added in V3;active;V3
MYS;2022;Malaysia;Malaysia;East Asia & Pacific;Upper middle income;2005;2050;2050;NA;70;70;Percent;Electricity;All technologies;70;;https://www.ren21.net/wp-content/uploads/2019/05/GSR-2023_Energy-Supply-Module.pdf;;V3;New non-EU-27 observation added in V3;active;V3
NAM;2014;Namibia;Namibia;Sub-Saharan Africa;Upper middle income;2014;2020;2030;NA;10;10;Percent;Electricity;All technologies;10;;https://www.ren21.net/wp-content/uploads/2019/05/GSR2015_Full-Report_English.pdf;;V3;New non-EU-27 observation added in V3;active;V3
NAM;2015;Namibia;Namibia;Sub-Saharan Africa;Upper middle income;2014;2030;2030;NA;70;70;Percent;Electricity;All technologies;70;;https://www.ren21.net/wp-content/uploads/2019/05/REN21_GSR2016_FullReport_en_11.pdf;;V3;New non-EU-27 observation added in V3;active;V3
NER;2009;Niger;Niger;Sub-Saharan Africa;Low income;2009;2020;2050;NA;10;10;Percent;Electricity;All technologies;10;;https://www.ren21.net/Portals/0/documents/activities/gsr/REN21_GSR_2010_full_revised%20Sept2010.pdf;;V3;New non-EU-27 observation added in V3;active;V3
NER;2016;Niger;Niger;Sub-Saharan Africa;Low income;2009;2050;2050;NA;100;100;Percent;Electricity;All technologies;100;;https://www.ren21.net/wp-content/uploads/2019/05/GSR2017_Full-Report_English.pdf;;V3;New non-EU-27 observation added in V3;active;V3
NER;2020;Niger;Niger;Sub-Saharan Africa;Low income;2020;2030;2030;NA;30;30;Percent;Final energy;All technologies;30;;https://www.ren21.net/wp-content/uploads/2019/05/GSR2021_Full_Report.pdf;;V3;New non-EU-27 observation added in V3;active;V3
NER;2020;Niger;Niger;Sub-Saharan Africa;Low income;2009;2020;2050;NA;8;8;Percent;Electricity;All technologies;8;;https://www.ren21.net/wp-content/uploads/2019/05/GSR2021_Full_Report.pdf;;V3;New non-EU-27 observation added in V3;active;V3
NGA;2006;Nigeria;Nigeria;Sub-Saharan Africa;Lower middle income;2006;2025;2030;NA;7;7;Percent;Electricity;All technologies;7;;https://www.ren21.net/wp-content/uploads/2019/05/GSR2006_Full-Report_English.pdf;;V3;New non-EU-27 observation added in V3;active;V3
NGA;2009;Nigeria;Nigeria;Sub-Saharan Africa;Lower middle income;2006;2020;2030;NA;7;7;Percent;Electricity;All technologies;7;;https://www.ren21.net/Portals/0/documents/activities/gsr/REN21_GSR_2010_full_revised%20Sept2010.pdf;;V3;New non-EU-27 observation added in V3;active;V3
NGA;2011;Nigeria;Nigeria;Sub-Saharan Africa;Lower middle income;2006;2030;2030;NA;20;20;Percent;Electricity;All technologies;20;;https://www.ren21.net/Portals/0/documents/activities/gsr/GSR2012.pdf;;V3;New non-EU-27 observation added in V3;active;V3
NGA;2011;Nigeria;Nigeria;Sub-Saharan Africa;Lower middle income;2006;2025;2030;NA;18;18;Percent;Electricity;All technologies;18;;https://www.ren21.net/Portals/0/documents/activities/gsr/GSR2012.pdf;;V3;New non-EU-27 observation added in V3;active;V3
NGA;2012;Nigeria;Nigeria;Sub-Saharan Africa;Lower middle income;2006;2015;2030;NA;5;5;Percent;Electricity;All technologies;5;;https://www.ren21.net/wp-content/uploads/2019/05/GSR2013_Full-Report_English.pdf;;V3;New non-EU-27 observation added in V3;active;V3
NGA;2012;Nigeria;Nigeria;Sub-Saharan Africa;Lower middle income;2006;2025;2030;NA;10;10;Percent;Electricity;All technologies;10;;https://www.ren21.net/wp-content/uploads/2019/05/GSR2013_Full-Report_English.pdf;;V3;New non-EU-27 observation added in V3;active;V3
NGA;2013;Nigeria;Nigeria;Sub-Saharan Africa;Lower middle income;2006;2020;2030;NA;10;10;Percent;Electricity;All technologies except large hydro;28.42;;https://www.ren21.net/wp-content/uploads/2019/05/GSR2014_Full-Report_English.pdf;right;V3;New non-EU-27 observation added in V3;active;V3
NGA;2020;Nigeria;Nigeria;Sub-Saharan Africa;Lower middle income;2006;2030;2030;NA;30;30;Percent;Electricity;All technologies;30;;https://www.ren21.net/wp-content/uploads/2019/05/GSR2021_Full_Report.pdf;;V3;New non-EU-27 observation added in V3;active;V3
NGA;2023;Nigeria;Nigeria;Sub-Saharan Africa;Lower middle income;2023;2030;2030;NA;36;36;Percent;Final energy;All technologies;36;;https://www.ren21.net/wp-content/uploads/2019/05/GSR2024_GlobalOverview_Full_Report_with_endnotes_web.pdf;;V3;New non-EU-27 observation added in V3;active;V3
NIC;2009;Nicaragua;Nicaragua;Latin America & Caribbean;Lower middle income;2009;2011;2027;NA;38;38;Percent;Electricity;All technologies;38;;https://www.ren21.net/Portals/0/documents/activities/gsr/REN21_GSR_2010_full_revised%20Sept2010.pdf;;V3;New non-EU-27 observation added in V3;active;V3
NIC;2013;Nicaragua;Nicaragua;Latin America & Caribbean;Lower middle income;2009;2018;2027;NA;74;74;Percent;Electricity;All technologies;74;;https://www.ren21.net/wp-content/uploads/2019/05/GSR2014_Full-Report_English.pdf;;V3;New non-EU-27 observation added in V3;active;V3
NIC;2013;Nicaragua;Nicaragua;Latin America & Caribbean;Lower middle income;2009;2020;2027;NA;90;90;Percent;Electricity;All technologies;90;;https://www.ren21.net/wp-content/uploads/2019/05/GSR2014_Full-Report_English.pdf;;V3;New non-EU-27 observation added in V3;active;V3
NIC;2014;Nicaragua;Nicaragua;Latin America & Caribbean;Lower middle income;2009;2027;2027;NA;90;90;Percent;Electricity;All technologies;90;;https://www.ren21.net/wp-content/uploads/2019/05/GSR2015_Full-Report_English.pdf;;V3;New non-EU-27 observation added in V3;active;V3
NLD;2001;Netherlands;Netherlands;Europe & Central Asia;High income;2001;2010;2030;NA;9;9;Percent;Electricity;All technologies;9;;https://eur-lex.europa.eu/legal-content/EN/TXT/PDF/?uri=CELEX:32001L0077&from=EN;;V1;;active;V1
NLD;2004;Netherlands;Netherlands;Europe & Central Asia;High income;2001;2010;2030;NA;12;12;Percent;Electricity;All technologies;12;;https://www.ren21.net/wp-content/uploads/2019/05/GSR2005_Full-Report_English.pdf;;V1;;active;V1
NLD;2006;Netherlands;Netherlands;Europe & Central Asia;High income;2006;2020;2030;NA;14;14;Percent;Final energy;All technologies;14;;https://www.ren21.net/wp-content/uploads/2019/05/GSR2007_Full-Report_English.pdf;;V1;;active;V1
NLD;2013;Netherlands;Netherlands;Europe & Central Asia;High income;2001;2020;2030;NA;37;37;Percent;Electricity;All technologies;37;;https://www.ren21.net/wp-content/uploads/2019/05/GSR2014_Full-Report_English.pdf;;V1;;active;V1
NLD;2013;Netherlands;Netherlands;Europe & Central Asia;High income;2006;2020;2030;NA;16;16;Percent;Final energy;All technologies;16;;https://www.ren21.net/wp-content/uploads/2019/05/GSR2014_Full-Report_English.pdf;;V1;;active;V1
NLD;2019;Netherlands;Netherlands;Europe & Central Asia;High income;2001;2030;2030;NA;71;71;Percent;Electricity;All technologies;71;;https://ember-energy.org/data/live-eu-necp-tracker/#data-tool;;V1;;active;V1
NLD;2020;Netherlands;Netherlands;Europe & Central Asia;High income;2006;2030;2030;NA;27;27;Percent;Final energy;All technologies;27;;https://www.ren21.net/wp-content/uploads/2019/05/GSR2021_Full_Report.pdf;;V1;;active;V1
NLD;2023;Netherlands;Netherlands;Europe & Central Asia;High income;2001;2030;2030;NA;79;79;Percent;Electricity;All technologies;79;;https://ember-energy.org/data/live-eu-necp-tracker/#data-tool;;V1;;active;V1
NOR;2011;Norway;Norway;Europe & Central Asia;High income;2011;2020;2020;NA;68;68;Percent;Final energy;All technologies;68;;https://www.ren21.net/wp-content/uploads/2019/05/GSR2012_Full-Report_English.pdf;;V3;New non-EU-27 observation added in V3;active;V3
NOR;2021;Norway;Norway;Europe & Central Asia;High income;2021;2050;2050;NA;91;91;Percent;Electricity;All technologies;91;;https://www.ren21.net/wp-content/uploads/2019/05/GSR2022_Full_Report.pdf;;V3;New non-EU-27 observation added in V3;active;V3
NOR;2022;Norway;Norway;Europe & Central Asia;High income;2021;2050;2050;NA;78;78;Percent;Electricity;All technologies;78;;https://www.ren21.net/wp-content/uploads/2019/05/GSR-2023_Energy-Supply-Module.pdf;;V3;New non-EU-27 observation added in V3;active;V3
NPL;2010;Nepal;Nepal;South Asia;Lower middle income;2010;2013;2050;NA;7;7;Percent;Electricity;All technologies;7;;https://www.ren21.net/wp-content/uploads/2019/05/GSR2011_Full-Report_English.pdf;;V3;New non-EU-27 observation added in V3;active;V3
NPL;2016;Nepal;Nepal;South Asia;Lower middle income;2010;2050;2050;NA;100;100;Percent;Electricity;All technologies;100;;https://www.ren21.net/wp-content/uploads/2019/05/GSR2017_Full-Report_English.pdf;;V3;New non-EU-27 observation added in V3;active;V3
NPL;2021;Nepal;Nepal;South Asia;Lower middle income;2010;2030;2050;NA;36;36;Percent;Electricity;All technologies;36;;https://www.ren21.net/wp-content/uploads/2019/05/GSR2022_Full_Report.pdf;;V3;New non-EU-27 observation added in V3;active;V3
NPL;2023;Nepal;Nepal;South Asia;Lower middle income;2023;2030;2030;NA;39;39;Percent;Final energy;All technologies;39;;https://www.ren21.net/wp-content/uploads/2019/05/GSR2024_GlobalOverview_Full_Report_with_endnotes_web.pdf;;V3;New non-EU-27 observation added in V3;active;V3
NRU;2014;Nauru;Nauru;East Asia & Pacific;High income;2014;2015;2050;NA;50;50;Percent;Final energy;All technologies;50;;https://www.ren21.net/wp-content/uploads/2019/05/GSR2015_Full-Report_English.pdf;;V3;New non-EU-27 observation added in V3;active;V3
NRU;2022;Nauru;Nauru;East Asia & Pacific;High income;2014;2050;2050;NA;100;100;Percent;Final energy;All technologies;100;;https://www.ren21.net/wp-content/uploads/2019/05/GSR2023_GlobalOverview_Full_Report_with_endnotes_web.pdf;;V3;New non-EU-27 observation added in V3;active;V3
NZL;2006;New Zealand;New Zealand;East Asia & Pacific;High income;2006;2025;2030;NA;90;90;Percent;Electricity;All technologies;90;;https://www.rieti.go.jp/en/events/bbl/10052501_reference1.pdf;;V3;New non-EU-27 observation added in V3;active;V3
NZL;2020;New Zealand;New Zealand;East Asia & Pacific;High income;2006;2030;2030;NA;100;100;Percent;Electricity;All technologies;100;;https://www.ren21.net/wp-content/uploads/2019/05/GSR2021_Full_Report.pdf;;V3;New non-EU-27 observation added in V3;active;V3
NZL;2023;New Zealand;New Zealand;East Asia & Pacific;High income;2023;2035;2035;NA;50;50;Percent;Final energy;All technologies;50;;https://www.ren21.net/wp-content/uploads/2019/05/GSR2024_GlobalOverview_Full_Report_with_endnotes_web.pdf;;V3;New non-EU-27 observation added in V3;active;V3
OMN;2019;Oman;Oman;Middle East & North Africa;High income;2019;2020;2030;NA;10;10;Percent;Electricity;All technologies;10;;https://www.ren21.net/wp-content/uploads/2019/05/gsr_2020_full_report_en.pdf;;V3;New non-EU-27 observation added in V3;active;V3
OMN;2020;Oman;Oman;Middle East & North Africa;High income;2019;2030;2030;NA;30;30;Percent;Electricity;All technologies;30;;https://www.ren21.net/wp-content/uploads/2019/05/GSR2021_Full_Report.pdf;;V3;New non-EU-27 observation added in V3;active;V3
OMN;2021;Oman;Oman;Middle East & North Africa;High income;2021;2040;2040;35;39;37;Percent;Final energy;All technologies;37;;https://unfccc.int/sites/default/files/NDC/2022-06/Second%20NDC%20Report%20Oman.pdf;;V3;New non-EU-27 observation added in V3;active;V3
PAK;2005;Pakistan;Pakistan;South Asia;Lower middle income;2005;2030;2030;NA;5;5;Percent;Electricity;All technologies;5;;https://www.ren21.net/wp-content/uploads/2019/05/GSR2006_Full-Report_English.pdf;;V3;New non-EU-27 observation added in V3;active;V3
PAK;2007;Pakistan;Pakistan;South Asia;Lower middle income;2005;2015;2030;NA;10;10;Percent;Electricity;All technologies;10;;https://www.ren21.net/Portals/0/documents/activities/gsr/RE2007_Global_Status_Report.pdf;;V3;New non-EU-27 observation added in V3;active;V3
PAK;2009;Pakistan;Pakistan;South Asia;Lower middle income;2005;2012;2030;NA;10;10;Percent;Electricity;All technologies;10;;https://www.ren21.net/Portals/0/documents/activities/gsr/REN21_GSR_2010_full_revised%20Sept2010.pdf;doesnt really say that its excluding hydro;V3;New non-EU-27 observation added in V3;active;V3
PAK;2020;Pakistan;Pakistan;South Asia;Lower middle income;2020;2030;2030;NA;5;5;Percent;Final energy;All technologies;5;;https://www.ren21.net/wp-content/uploads/2019/05/GSR2021_Full_Report.pdf;;V3;New non-EU-27 observation added in V3;active;V3
PAK;2021;Pakistan;Pakistan;South Asia;Lower middle income;2005;2030;2030;NA;60;60;Percent;Electricity;All technologies;60;;https://www.giz.de/en/worldwide/143555.html#:~:text=Context,causing%20large%2Dscale%20power%20outages.;;V3;New non-EU-27 observation added in V3;active;V3
PAK;2021;Pakistan;Pakistan;South Asia;Lower middle income;2005;2025;2030;NA;20;20;Percent;Electricity;All technologies;20;;https://www.ren21.net/wp-content/uploads/2019/05/GSR2022_Full_Report.pdf;;V3;New non-EU-27 observation added in V3;active;V3
PAK;2021;Pakistan;Pakistan;South Asia;Lower middle income;2005;2030;2030;NA;30;30;Percent;Electricity;All technologies except hydro;50.74;;https://www.ren21.net/wp-content/uploads/2019/05/GSR2022_Full_Report.pdf;;V3;New non-EU-27 observation added in V3;active;V3
PAN;2023;Panama;Panama;Latin America & Caribbean;High income;2023;2050;2050;NA;50;50;Percent;Electricity;All technologies;50;;https://www.iea.org/countries/panama;;V3;New non-EU-27 observation added in V3;active;V3
PAN;2023;Panama;Panama;Latin America & Caribbean;High income;2023;2030;2050;NA;15;15;Percent;Electricity;All technologies;15;;https://www.iea.org/countries/panama;;V3;New non-EU-27 observation added in V3;active;V3
PAN;2023;Panama;Panama;Latin America & Caribbean;High income;2023;2050;2050;NA;50;50;Percent;Final energy;All technologies;50;;https://www.ren21.net/wp-content/uploads/2019/05/GSR2024_GlobalOverview_Full_Report_with_endnotes_web.pdf;;V3;New non-EU-27 observation added in V3;active;V3
PER;2009;Peru;Peru;Latin America & Caribbean;Upper middle income;2009;2013;2030;NA;5;5;Percent;Electricity;All technologies;5;;https://www.ren21.net/Portals/0/documents/activities/gsr/REN21_GSR_2010_full_revised%20Sept2010.pdf;;V3;New non-EU-27 observation added in V3;active;V3
PER;2014;Peru;Peru;Latin America & Caribbean;Upper middle income;2009;2025;2030;NA;60;60;Percent;Electricity;All technologies;60;;https://www.ren21.net/wp-content/uploads/2019/05/GSR2015_Full-Report_English.pdf;;V3;New non-EU-27 observation added in V3;active;V3
PER;2018;Peru;Peru;Latin America & Caribbean;Upper middle income;2009;2030;2030;NA;15;15;Percent;Electricity;All technologies;15;;https://www.ren21.net/wp-content/uploads/2019/05/gsr_2019_full_report_en.pdf;;V3;New non-EU-27 observation added in V3;active;V3
PER;2018;Peru;Peru;Latin America & Caribbean;Upper middle income;2018;2030;2030;NA;15;15;Percent;Final energy;All technologies;15;;https://www.ren21.net/wp-content/uploads/2019/05/gsr_2019_full_report_en.pdf;;V3;New non-EU-27 observation added in V3;active;V3
PER;2019;Peru;Peru;Latin America & Caribbean;Upper middle income;2009;2030;2030;NA;70;70;Percent;Electricity;All technologies;70;;https://www.ren21.net/wp-content/uploads/2019/05/gsr_2020_full_report_en.pdf;;V3;New non-EU-27 observation added in V3;active;V3
PHL;2009;Philippines;Philippines;East Asia & Pacific;Lower middle income;2009;2013;2050;NA;5;5;Percent;Electricity;All technologies;5;;https://www.ren21.net/Portals/0/documents/activities/gsr/REN21_GSR_2010_full_revised%20Sept2010.pdf;;V3;New non-EU-27 observation added in V3;active;V3
PHL;2010;Philippines;Philippines;East Asia & Pacific;Lower middle income;2009;2020;2050;NA;40;40;Percent;Electricity;All technologies;40;;https://www.ren21.net/wp-content/uploads/2019/05/GSR2011_Full-Report_English.pdf;;V3;New non-EU-27 observation added in V3;active;V3
PHL;2016;Philippines;Philippines;East Asia & Pacific;Lower middle income;2009;2050;2050;NA;100;100;Percent;Electricity;All technologies;100;;https://www.ren21.net/wp-content/uploads/2019/05/GSR2017_Full-Report_English.pdf;;V3;New non-EU-27 observation added in V3;active;V3
PHL;2020;Philippines;Philippines;East Asia & Pacific;Lower middle income;2020;2050;2050;NA;100;100;Percent;Final energy;All technologies;100;;https://www.ren21.net/wp-content/uploads/2019/05/GSR2021_Full_Report.pdf;;V3;New non-EU-27 observation added in V3;active;V3
PHL;2021;Philippines;Philippines;East Asia & Pacific;Lower middle income;2009;2030;2050;NA;37;37;Percent;Electricity;All technologies;37;;https://www.ren21.net/wp-content/uploads/2019/05/GSR2022_Full_Report.pdf;;V3;New non-EU-27 observation added in V3;active;V3
PHL;2021;Philippines;Philippines;East Asia & Pacific;Lower middle income;2009;2040;2050;NA;56;56;Percent;Electricity;All technologies;56;;https://www.ren21.net/wp-content/uploads/2019/05/GSR2022_Full_Report.pdf;;V3;New non-EU-27 observation added in V3;active;V3
PHL;2022;Philippines;Philippines;East Asia & Pacific;Lower middle income;2009;2040;2050;NA;50;50;Percent;Electricity;All technologies;50;;https://www.ren21.net/wp-content/uploads/2019/05/GSR-2023_Energy-Supply-Module.pdf;;V3;New non-EU-27 observation added in V3;active;V3
PHL;2022;Philippines;Philippines;East Asia & Pacific;Lower middle income;2009;2030;2050;NA;15;15;Percent;Electricity;All technologies;15;;https://www.ren21.net/wp-content/uploads/2019/05/GSR-2023_Energy-Supply-Module.pdf;;V3;New non-EU-27 observation added in V3;active;V3
PHL;2022;Philippines;Philippines;East Asia & Pacific;Lower middle income;2009;2030;2050;NA;35;35;Percent;Electricity;All technologies;35;;https://www.ren21.net/wp-content/uploads/2019/05/GSR-2023_Energy-Supply-Module.pdf;;V3;New non-EU-27 observation added in V3;active;V3
PLW;2016;Palau;Palau;East Asia & Pacific;High income;2016;2050;2050;NA;100;100;Percent;Electricity;All technologies;100;;https://www.ren21.net/wp-content/uploads/2019/05/GSR2017_Full-Report_English.pdf;;V3;New non-EU-27 observation added in V3;active;V3
PLW;2020;Palau;Palau;East Asia & Pacific;High income;2016;2020;2050;NA;20;20;Percent;Electricity;All technologies;20;;https://www.ren21.net/wp-content/uploads/2019/05/GSR2021_Full_Report.pdf;;V3;New non-EU-27 observation added in V3;active;V3
PLW;2020;Palau;Palau;East Asia & Pacific;High income;2016;2025;2050;NA;45;45;Percent;Electricity;All technologies;45;;https://www.ren21.net/wp-content/uploads/2019/05/GSR2021_Full_Report.pdf;;V3;New non-EU-27 observation added in V3;active;V3
PNG;2015;Papua New Guinea;Papua New Guinea;East Asia & Pacific;Lower middle income;2015;2030;2030;NA;100;100;Percent;Electricity;All technologies;100;;https://www.ren21.net/wp-content/uploads/2019/05/REN21_GSR2016_FullReport_en_11.pdf;;V3;New non-EU-27 observation added in V3;active;V3
PNG;2020;Papua New Guinea;Papua New Guinea;East Asia & Pacific;Lower middle income;2020;2050;2050;NA;100;100;Percent;Final energy;All technologies;100;;https://www.ren21.net/wp-content/uploads/2019/05/GSR2021_Full_Report.pdf;;V3;New non-EU-27 observation added in V3;active;V3
POL;2004;Poland;Poland;Europe & Central Asia;High income;2004;2010;2030;NA;8;8;Percent;Electricity;All technologies;8;;https://www.ren21.net/wp-content/uploads/2019/05/GSR2005_Full-Report_English.pdf;;V1;;active;V1
POL;2006;Poland;Poland;Europe & Central Asia;High income;2006;2020;2030;NA;15;15;Percent;Final energy;All technologies;15;;https://www.ren21.net/wp-content/uploads/2019/05/GSR2007_Full-Report_English.pdf;;V1;;active;V1
POL;2013;Poland;Poland;Europe & Central Asia;High income;2004;2020;2030;NA;19;19;Percent;Electricity;All technologies;19;;https://www.ren21.net/wp-content/uploads/2019/05/GSR2014_Full-Report_English.pdf;;V1;;active;V1
POL;2014;Poland;Poland;Europe & Central Asia;High income;2006;2020;2030;NA;16;16;Percent;Final energy;All technologies;16;;https://www.ren21.net/wp-content/uploads/2019/05/GSR2015_Full-Report_English.pdf;;V1;;active;V1
POL;2019;Poland;Poland;Europe & Central Asia;High income;2004;2030;2030;NA;32;32;Percent;Electricity;All technologies;32;;https://ember-energy.org/data/live-eu-necp-tracker/#data-tool;;V1;;active;V1
POL;2020;Poland;Poland;Europe & Central Asia;High income;2006;2030;2030;NA;21;21;Percent;Final energy;All technologies;21;;https://www.ren21.net/wp-content/uploads/2019/05/GSR2021_Full_Report.pdf;;V1;;active;V1
POL;2023;Poland;Poland;Europe & Central Asia;High income;2006;2030;2030;NA;22;22;Percent;Final energy;All technologies;22;;https://www.ren21.net/wp-content/uploads/2019/05/GSR2024_GlobalOverview_Full_Report_with_endnotes_web.pdf;;V1;;active;V1
POL;2023;Poland;Poland;Europe & Central Asia;High income;2004;2030;2030;NA;51;51;Percent;Electricity;All technologies;51;;https://ember-energy.org/data/live-eu-necp-tracker/#data-tool;;V1;;active;V1
PRK;2015;Korea (Democratic People's Republic of );North Korea;East Asia & Pacific;Low income;2015;2030;2030;NA;8;8;Percent;Electricity;All technologies;8;;https://www.ren21.net/wp-content/uploads/2019/05/REN21_GSR2016_FullReport_en_11.pdf;;V3;New non-EU-27 observation added in V3;active;V3
PRK;2015;Korea (Democratic People's Republic of );North Korea;East Asia & Pacific;Low income;2015;2015;2030;NA;3;3;Percent;Electricity;All technologies;3;;https://www.ren21.net/wp-content/uploads/2019/05/REN21_GSR2016_FullReport_en_11.pdf;;V3;New non-EU-27 observation added in V3;active;V3
PRK;2015;Korea (Democratic People's Republic of );North Korea;East Asia & Pacific;Low income;2015;2020;2030;NA;5;5;Percent;Electricity;All technologies;5;;https://www.ren21.net/wp-content/uploads/2019/05/REN21_GSR2016_FullReport_en_11.pdf;;V3;New non-EU-27 observation added in V3;active;V3
PRT;2001;Portugal;Portugal;Europe & Central Asia;High income;2001;2010;2030;NA;39;39;Percent;Electricity;All technologies;39;;https://eur-lex.europa.eu/legal-content/EN/TXT/PDF/?uri=CELEX:32001L0077&from=EN;;V1;;active;V1
PRT;2004;Portugal;Portugal;Europe & Central Asia;High income;2001;2010;2030;NA;46;46;Percent;Electricity;All technologies;46;;https://www.ren21.net/wp-content/uploads/2019/05/GSR2005_Full-Report_English.pdf;;V1;;active;V1
PRT;2009;Portugal;Portugal;Europe & Central Asia;High income;2009;2020;2030;NA;31;31;Percent;Final energy;All technologies;31;;https://www.ren21.net/wp-content/uploads/2019/05/GSR2010_Full-Report_English.pdf;;V1;;active;V1
PRT;2012;Portugal;Portugal;Europe & Central Asia;High income;2001;2020;2030;NA;59;59;Percent;Electricity;All technologies;59;;https://www.ren21.net/wp-content/uploads/2019/05/GSR2013_Full-Report_English.pdf;;V1;;active;V1
PRT;2013;Portugal;Portugal;Europe & Central Asia;High income;2001;2020;2030;NA;45;45;Percent;Electricity;All technologies;45;;https://www.ren21.net/wp-content/uploads/2019/05/GSR2014_Full-Report_English.pdf;;V1;;active;V1
PRT;2015;Portugal;Portugal;Europe & Central Asia;High income;2009;2030;2030;NA;40;40;Percent;Final energy;All technologies;40;;https://www.ren21.net/wp-content/uploads/2019/05/REN21_GSR2016_FullReport_en_11.pdf;;V1;;active;V1
PRT;2016;Portugal;Portugal;Europe & Central Asia;High income;2001;2020;2030;NA;60;60;Percent;Electricity;All technologies;60;;https://www.ren21.net/wp-content/uploads/2019/05/GSR2017_Full-Report_English.pdf;;V1;;active;V1
PRT;2018;Portugal;Portugal;Europe & Central Asia;High income;2009;2030;2030;NA;47;47;Percent;Final energy;All technologies;47;;https://www.ren21.net/wp-content/uploads/2019/05/gsr_2019_full_report_en.pdf;;V1;;active;V1
PRT;2019;Portugal;Portugal;Europe & Central Asia;High income;2001;2030;2030;NA;88;88;Percent;Electricity;All technologies;88;;https://ember-energy.org/data/live-eu-necp-tracker/#data-tool;;V1;;active;V1
PRT;2023;Portugal;Portugal;Europe & Central Asia;High income;2009;2030;2030;NA;49;49;Percent;Final energy;All technologies;49;;https://www.ren21.net/wp-content/uploads/2019/05/GSR2024_GlobalOverview_Full_Report_with_endnotes_web.pdf;;V1;;active;V1
PRT;2023;Portugal;Portugal;Europe & Central Asia;High income;2001;2030;2030;NA;96;96;Percent;Electricity;All technologies;96;;https://ember-energy.org/data/live-eu-necp-tracker/#data-tool;;V1;;active;V1
PRY;2015;Paraguay;Paraguay;Latin America & Caribbean;Upper middle income;2015;2030;2030;NA;60;60;Percent additional;Electricity;All technologies;160;Base year 2014, current RE in 2014 99.98%;https://www.ren21.net/wp-content/uploads/2019/05/REN21_GSR2016_FullReport_en_11.pdf;;V3;New non-EU-27 observation added in V3;active;V3
QAT;2012;Qatar;Qatar;Middle East & North Africa;High income;2012;2030;2030;NA;20;20;Percent;Electricity;All technologies;20;;https://www.ren21.net/wp-content/uploads/2019/05/GSR2013_Full-Report_English.pdf;;V3;New non-EU-27 observation added in V3;active;V3
QAT;2013;Qatar;Qatar;Middle East & North Africa;High income;2012;2020;2030;NA;2;2;Percent;Electricity;All technologies;2;;https://www.ren21.net/wp-content/uploads/2019/05/GSR2014_Full-Report_English.pdf;;V3;New non-EU-27 observation added in V3;active;V3
QAT;2020;Qatar;Qatar;Middle East & North Africa;High income;2012;2020;2030;NA;6;6;Percent;Electricity;All technologies;6;;https://www.ren21.net/wp-content/uploads/2019/05/GSR2021_Full_Report.pdf;;V3;New non-EU-27 observation added in V3;active;V3
ROU;2009;Romania;Romania;Europe & Central Asia;High income;2009;2020;2030;NA;24;24;Percent;Final energy;All technologies;24;;https://www.ren21.net/wp-content/uploads/2019/05/GSR2010_Full-Report_English.pdf;;V1;;active;V1
ROU;2010;Romania;Romania;Europe & Central Asia;High income;2010;2015;2030;NA;35;35;Percent;Electricity;All technologies;35;;https://www.ren21.net/wp-content/uploads/2019/05/GSR2011_Full-Report_English.pdf;;V1;;active;V1
ROU;2010;Romania;Romania;Europe & Central Asia;High income;2010;2020;2030;NA;38;38;Percent;Electricity;All technologies;38;;https://www.ren21.net/wp-content/uploads/2019/05/GSR2011_Full-Report_English.pdf;;V1;;active;V1
ROU;2011;Romania;Romania;Europe & Central Asia;High income;2010;2020;2030;NA;43;43;Percent;Electricity;All technologies;43;;https://www.ren21.net/Portals/0/documents/activities/gsr/GSR2012.pdf;;V1;;active;V1
ROU;2019;Romania;Romania;Europe & Central Asia;High income;2010;2030;2030;NA;70;70;Percent;Electricity;All technologies;70;;https://ember-energy.org/data/live-eu-necp-tracker/#data-tool;;V1;;active;V1
ROU;2020;Romania;Romania;Europe & Central Asia;High income;2009;2030;2030;NA;31;31;Percent;Final energy;All technologies;31;;https://www.ren21.net/wp-content/uploads/2019/05/GSR2021_Full_Report.pdf;;V1;;active;V1
ROU;2023;Romania;Romania;Europe & Central Asia;High income;2009;2030;2030;NA;34;34;Percent;Final energy;All technologies;34;;https://www.ren21.net/wp-content/uploads/2019/05/GSR2024_GlobalOverview_Full_Report_with_endnotes_web.pdf;;V1;;active;V1
ROU;2023;Romania;Romania;Europe & Central Asia;High income;2010;2030;2030;NA;81;81;Percent;Electricity;All technologies;81;;https://ember-energy.org/data/live-eu-necp-tracker/#data-tool;;V1;;active;V1
RUS;2006;Russian Federation;Russia;Europe & Central Asia;High income;2006;2010;2024;NA;2;2;Percent;Electricity;All technologies except large hydro;19.47;;https://www.ren21.net/wp-content/uploads/2019/05/GSR2007_Full-Report_English.pdf;cannot find the target;V3;New non-EU-27 observation added in V3;active;V3
RUS;2006;Russian Federation;Russia;Europe & Central Asia;High income;2006;2020;2024;NA;5;5;Percent;Electricity;All technologies except large hydro;22.47;;https://www.ren21.net/wp-content/uploads/2019/05/GSR2011_Full-Report_English.pdf;right;V3;New non-EU-27 observation added in V3;active;V3
RUS;2010;Russian Federation;Russia;Europe & Central Asia;High income;2006;2020;2024;NA;5;5;Percent;Electricity;All technologies except large hydro;21.04;;https://www.ren21.net/wp-content/uploads/2019/05/GSR2011_Full-Report_English.pdf;should be 4.5%;V3;New non-EU-27 observation added in V3;active;V3
RUS;2019;Russian Federation;Russia;Europe & Central Asia;High income;2006;2024;2024;NA;20;20;Percent;Electricity;All technologies except large hydro;37.38;;https://www.ren21.net/wp-content/uploads/2019/05/gsr_2020_full_report_en.pdf;right;V3;New non-EU-27 observation added in V3;active;V3
RWA;2010;Rwanda;Rwanda;Sub-Saharan Africa;Low income;2010;2012;2050;NA;90;90;Percent;Electricity;All technologies;90;;https://www.ren21.net/wp-content/uploads/2019/05/GSR2011_Full-Report_English.pdf;;V3;New non-EU-27 observation added in V3;active;V3
RWA;2016;Rwanda;Rwanda;Sub-Saharan Africa;Low income;2010;2050;2050;NA;100;100;Percent;Electricity;All technologies;100;;https://www.ren21.net/wp-content/uploads/2019/05/GSR2017_Full-Report_English.pdf;;V3;New non-EU-27 observation added in V3;active;V3
RWA;2020;Rwanda;Rwanda;Sub-Saharan Africa;Low income;2020;2050;2050;NA;100;100;Percent;Final energy;All technologies;100;;https://www.ren21.net/wp-content/uploads/2019/05/GSR2021_Full_Report.pdf;;V3;New non-EU-27 observation added in V3;active;V3
RWA;2021;Rwanda;Rwanda;Sub-Saharan Africa;Low income;2010;2024;2050;NA;60;60;Percent;Electricity;All technologies;60;;https://www.ren21.net/wp-content/uploads/2019/05/GSR2022_Full_Report.pdf;;V3;New non-EU-27 observation added in V3;active;V3
SAU;2021;Saudi Arabia;Saudi Arabia;Middle East & North Africa;High income;2021;2030;2030;NA;50;50;Percent;Electricity;All technologies;50;;https://unfccc.int/sites/default/files/resource/202203111154---KSA%20NDC%202021.pdf;;V3;New non-EU-27 observation added in V3;active;V3
SDN;2012;Sudan;Sudan;Sub-Saharan Africa;Low income;2012;2016;2050;NA;10;10;Percent;Electricity;All technologies;10;;https://www.ren21.net/wp-content/uploads/2019/05/GSR2013_Full-Report_English.pdf;;V3;New non-EU-27 observation added in V3;active;V3
SDN;2014;Sudan;Sudan;Sub-Saharan Africa;Low income;2012;2031;2050;NA;11;11;Percent;Electricity;All technologies;11;;https://www.ren21.net/wp-content/uploads/2019/05/GSR2015_Full-Report_English.pdf;;V3;New non-EU-27 observation added in V3;active;V3
SDN;2015;Sudan;Sudan;Sub-Saharan Africa;Low income;2012;2030;2050;NA;20;20;Percent;Electricity;All technologies;20;;https://www.ren21.net/wp-content/uploads/2019/05/REN21_GSR2016_FullReport_en_11.pdf;;V3;New non-EU-27 observation added in V3;active;V3
SDN;2016;Sudan;Sudan;Sub-Saharan Africa;Low income;2012;2050;2050;NA;100;100;Percent;Electricity;All technologies;100;;https://www.ren21.net/wp-content/uploads/2019/05/GSR2017_Full-Report_English.pdf;;V3;New non-EU-27 observation added in V3;active;V3
SDN;2022;Sudan;Sudan;Sub-Saharan Africa;Low income;2022;2050;2050;NA;100;100;Percent;Final energy;All technologies;100;;https://www.ren21.net/wp-content/uploads/2019/05/GSR2023_GlobalOverview_Full_Report_with_endnotes_web.pdf;;V3;New non-EU-27 observation added in V3;active;V3
SEN;2011;Senegal;Senegal;Sub-Saharan Africa;Lower middle income;2011;2020;2050;NA;15;15;Percent;Electricity;All technologies;15;;https://www.ren21.net/Portals/0/documents/activities/gsr/GSR2012.pdf;;V3;New non-EU-27 observation added in V3;active;V3
SEN;2014;Senegal;Senegal;Sub-Saharan Africa;Lower middle income;2011;2017;2050;NA;20;20;Percent;Electricity;All technologies;20;;https://www.ren21.net/wp-content/uploads/2019/05/GSR2015_Full-Report_English.pdf;;V3;New non-EU-27 observation added in V3;active;V3
SEN;2016;Senegal;Senegal;Sub-Saharan Africa;Lower middle income;2011;2050;2050;NA;100;100;Percent;Electricity;All technologies;100;;https://www.ren21.net/wp-content/uploads/2019/05/GSR2017_Full-Report_English.pdf;;V3;New non-EU-27 observation added in V3;active;V3
SEN;2022;Senegal;Senegal;Sub-Saharan Africa;Lower middle income;2011;2025;2050;NA;30;30;Percent;Electricity;All technologies;30;;https://www.ren21.net/wp-content/uploads/2019/05/GSR-2023_Energy-Supply-Module.pdf;;V3;New non-EU-27 observation added in V3;active;V3
SEN;2023;Senegal;Senegal;Sub-Saharan Africa;Lower middle income;2023;2030;2030;NA;40;40;Percent;Final energy;All technologies;40;;https://www.ren21.net/wp-content/uploads/2019/05/GSR2024_GlobalOverview_Full_Report_with_endnotes_web.pdf;;V3;New non-EU-27 observation added in V3;active;V3
SGP;2015;Singapore;Singapore;East Asia & Pacific;High income;2015;NA;2035;NA;8;8;Percent;Electricity;All technologies;8;;https://www.ren21.net/wp-content/uploads/2019/05/REN21_GSR2016_FullReport_en_11.pdf;;V3;New non-EU-27 observation added in V3;active;V3
SGP;2021;Singapore;Singapore;East Asia & Pacific;High income;2015;2035;2035;NA;30;30;Percent;Electricity;All technologies;30;;https://www.ren21.net/wp-content/uploads/2019/05/GSR2022_Full_Report.pdf;;V3;New non-EU-27 observation added in V3;active;V3
SLB;2011;Solomon Islands;Solomon Islands;East Asia & Pacific;Lower middle income;2011;2015;2050;NA;50;50;Percent;Electricity;All technologies;50;;https://www.ren21.net/Portals/0/documents/activities/gsr/GSR2012.pdf;;V3;New non-EU-27 observation added in V3;active;V3
SLB;2016;Solomon Islands;Solomon Islands;East Asia & Pacific;Lower middle income;2011;2030;2050;NA;100;100;Percent;Electricity;All technologies;100;;https://www.ren21.net/wp-content/uploads/2019/05/GSR2017_Full-Report_English.pdf;;V3;New non-EU-27 observation added in V3;active;V3
SLB;2020;Solomon Islands;Solomon Islands;East Asia & Pacific;Lower middle income;2011;2020;2050;NA;50;50;Percent;Electricity;All technologies;50;;https://www.ren21.net/wp-content/uploads/2019/05/GSR2021_Full_Report.pdf;;V3;New non-EU-27 observation added in V3;active;V3
SLB;2020;Solomon Islands;Solomon Islands;East Asia & Pacific;Lower middle income;2020;2030;2030;NA;100;100;Percent;Final energy;All technologies;100;;https://www.ren21.net/wp-content/uploads/2019/05/GSR2021_Full_Report.pdf;;V3;New non-EU-27 observation added in V3;active;V3
SLB;2021;Solomon Islands;Solomon Islands;East Asia & Pacific;Lower middle income;2011;2050;2050;NA;100;100;Percent;Electricity;All technologies;100;;https://www.ren21.net/wp-content/uploads/2019/05/GSR2022_Full_Report.pdf;;V3;New non-EU-27 observation added in V3;active;V3
SLE;2015;Sierra Leone;Sierra Leone;Sub-Saharan Africa;Low income;2015;2030;2030;NA;36;36;Percent;Electricity;All technologies;36;;https://www.ren21.net/wp-content/uploads/2019/05/REN21_GSR2016_FullReport_en_11.pdf;;V3;New non-EU-27 observation added in V3;active;V3
SLE;2015;Sierra Leone;Sierra Leone;Sub-Saharan Africa;Low income;2015;2020;2030;NA;33;33;Percent;Electricity;All technologies;33;;https://www.ren21.net/wp-content/uploads/2019/05/REN21_GSR2016_FullReport_en_11.pdf;;V3;New non-EU-27 observation added in V3;active;V3
SLE;2015;Sierra Leone;Sierra Leone;Sub-Saharan Africa;Low income;2015;2015;2030;NA;18;18;Percent;Electricity;All technologies;18;;https://www.ren21.net/wp-content/uploads/2019/05/REN21_GSR2016_FullReport_en_11.pdf;;V3;New non-EU-27 observation added in V3;active;V3
SLE;2020;Sierra Leone;Sierra Leone;Sub-Saharan Africa;Low income;2015;2020;2030;NA;52;52;Percent;Electricity;All technologies;52;;https://www.ren21.net/wp-content/uploads/2019/05/GSR2021_Full_Report.pdf;;V3;New non-EU-27 observation added in V3;active;V3
SLE;2023;Sierra Leone;Sierra Leone;Sub-Saharan Africa;Low income;2023;2030;2030;NA;65;65;Percent;Final energy;All technologies;65;;https://www.ren21.net/wp-content/uploads/2019/05/GSR2024_GlobalOverview_Full_Report_with_endnotes_web.pdf;;V3;New non-EU-27 observation added in V3;active;V3
SLV;2021;El Salvador;El Salvador;Latin America & Caribbean;Upper middle income;2021;2030;2030;NA;86;86;Percent;Electricity;All technologies;86;;https://www.ren21.net/wp-content/uploads/2019/05/GSR2022_Full_Report.pdf;;V3;New non-EU-27 observation added in V3;active;V3
SLV;2021;El Salvador;El Salvador;Latin America & Caribbean;Upper middle income;2021;2025;2030;NA;84;84;Percent;Electricity;All technologies;84;;https://www.ren21.net/wp-content/uploads/2019/05/GSR2022_Full_Report.pdf;;V3;New non-EU-27 observation added in V3;active;V3
SRB;2011;Serbia;Serbia;Europe & Central Asia;Upper middle income;2011;2020;2050;NA;15;15;Percent;Electricity;All technologies;15;;https://www.ren21.net/wp-content/uploads/2019/05/GSR2012_Full-Report_English.pdf;;V3;New non-EU-27 observation added in V3;active;V3
SRB;2011;Serbia;Serbia;Europe & Central Asia;Upper middle income;2011;NA;2020;NA;33;33;Percent;Final energy;All technologies;33;;https://www.ren21.net/wp-content/uploads/2019/05/GSR2012_Full-Report_English.pdf;;V3;New non-EU-27 observation added in V3;active;V3
SRB;2012;Serbia;Serbia;Europe & Central Asia;Upper middle income;2011;2020;2020;NA;27;27;Percent;Final energy;All technologies;27;;https://www.ren21.net/wp-content/uploads/2019/05/GSR2013_Full-Report_English.pdf;;V3;New non-EU-27 observation added in V3;active;V3
SRB;2013;Serbia;Serbia;Europe & Central Asia;Upper middle income;2011;2021;2050;NA;15;15;Percent;Electricity;All technologies;15;;https://www.ren21.net/wp-content/uploads/2019/05/GSR2014_Full-Report_English.pdf;;V3;New non-EU-27 observation added in V3;active;V3
SRB;2014;Serbia;Serbia;Europe & Central Asia;Upper middle income;2011;2017;2050;NA;20;20;Percent;Electricity;All technologies;20;;https://www.ren21.net/wp-content/uploads/2019/05/GSR2015_Full-Report_English.pdf;;V3;New non-EU-27 observation added in V3;active;V3
SRB;2016;Serbia;Serbia;Europe & Central Asia;Upper middle income;2011;2020;2050;NA;37;37;Percent;Electricity;All technologies;37;;https://www.ren21.net/wp-content/uploads/2019/05/GSR2017_Full-Report_English.pdf;;V3;New non-EU-27 observation added in V3;active;V3
SRB;2021;Serbia;Serbia;Europe & Central Asia;Upper middle income;2011;2040;2050;NA;40;40;Percent;Electricity;All technologies;40;;https://www.ren21.net/wp-content/uploads/2019/05/GSR2022_Full_Report.pdf;;V3;New non-EU-27 observation added in V3;active;V3
SRB;2021;Serbia;Serbia;Europe & Central Asia;Upper middle income;2011;2050;2050;NA;50;50;Percent;Electricity;All technologies;50;;https://www.ren21.net/wp-content/uploads/2019/05/GSR2022_Full_Report.pdf;;V3;New non-EU-27 observation added in V3;active;V3
SSD;2016;South Sudan;South Sudan;Sub-Saharan Africa;Low income;2016;2050;2050;NA;100;100;Percent;Electricity;All technologies;100;;https://www.ren21.net/wp-content/uploads/2019/05/GSR2017_Full-Report_English.pdf;;V3;New non-EU-27 observation added in V3;active;V3
SSD;2020;South Sudan;South Sudan;Sub-Saharan Africa;Low income;2020;2050;2050;NA;100;100;Percent;Final energy;All technologies;100;;https://www.ren21.net/wp-content/uploads/2019/05/GSR2021_Full_Report.pdf;;V3;New non-EU-27 observation added in V3;active;V3
STP;2020;Sao Tome And Principe;Sao Tome And Principe;Sub-Saharan Africa;Lower middle income;2020;2030;2030;NA;47;47;Percent;Electricity;All technologies;47;;https://www.ren21.net/wp-content/uploads/2019/05/gsr_2020_full_report_en.pdf;;V3;New non-EU-27 observation added in V3;active;V3
STP;2023;Sao Tome And Principe;Sao Tome And Principe;Sub-Saharan Africa;Lower middle income;2023;2030;2030;NA;50;50;Percent;Final energy;All technologies;50;;https://www.ren21.net/wp-content/uploads/2019/05/GSR2024_GlobalOverview_Full_Report_with_endnotes_web.pdf;;V3;New non-EU-27 observation added in V3;active;V3
SUR;2015;Suriname;Suriname;Latin America & Caribbean;Upper middle income;2015;2025;2025;NA;25;25;Percent;Final energy;All technologies;25;;https://unfccc.int/sites/default/files/NDC/2022-06/Suriname%20Second%20NDC.pdf;;V3;New non-EU-27 observation added in V3;active;V3
SUR;2020;Suriname;Suriname;Latin America & Caribbean;Upper middle income;2020;2025;2030;NA;25;25;Percent;Electricity;All technologies;25;;https://www.ren21.net/wp-content/uploads/2019/05/GSR2021_Full_Report.pdf;;V3;New non-EU-27 observation added in V3;active;V3
SUR;2020;Suriname;Suriname;Latin America & Caribbean;Upper middle income;2020;2030;2030;NA;35;35;Percent;Electricity;All technologies;35;;https://unfccc.int/sites/default/files/NDC/2022-06/Suriname%20Second%20NDC.pdf;;V3;New non-EU-27 observation added in V3;active;V3
SVK;2004;Slovakia;Slovakia;Europe & Central Asia;High income;2004;2010;2030;NA;31;31;Percent;Electricity;All technologies;31;;https://www.ren21.net/wp-content/uploads/2019/05/GSR2005_Full-Report_English.pdf;;V1;;active;V1
SVK;2009;Slovakia;Slovakia;Europe & Central Asia;High income;2009;2020;2030;NA;14;14;Percent;Final energy;All technologies;14;;https://www.ren21.net/wp-content/uploads/2019/05/GSR2010_Full-Report_English.pdf;;V1;;active;V1
SVK;2013;Slovakia;Slovakia;Europe & Central Asia;High income;2004;2020;2030;NA;24;24;Percent;Electricity;All technologies;24;;https://www.ren21.net/wp-content/uploads/2019/05/GSR2014_Full-Report_English.pdf;;V1;;active;V1
SVK;2017;Slovakia;Slovakia;Europe & Central Asia;High income;2009;2020;2030;NA;13;13;Percent;Final energy;All technologies;13;;https://www.ren21.net/wp-content/uploads/2019/08/Full-Report-2018.pdf;;V1;;active;V1
SVK;2019;Slovakia;Slovakia;Europe & Central Asia;High income;2004;2030;2030;NA;90;90;Percent;Electricity;All technologies;90;;https://ember-energy.org/data/live-eu-necp-tracker/#data-tool;;V1;;active;V1
SVK;2020;Slovakia;Slovakia;Europe & Central Asia;High income;2009;2030;2030;NA;19;19;Percent;Final energy;All technologies;19;;https://www.ren21.net/wp-content/uploads/2019/05/GSR2021_Full_Report.pdf;;V1;;active;V1
SVN;2004;Slovenia;Slovenia;Europe & Central Asia;High income;2004;2010;2030;NA;34;34;Percent;Electricity;All technologies;34;;https://www.ren21.net/wp-content/uploads/2019/05/GSR2005_Full-Report_English.pdf;;V1;;active;V1
SVN;2009;Slovenia;Slovenia;Europe & Central Asia;High income;2009;2020;2030;NA;25;25;Percent;Final energy;All technologies;25;;https://www.ren21.net/wp-content/uploads/2019/05/GSR2010_Full-Report_English.pdf;;V1;;active;V1
SVN;2013;Slovenia;Slovenia;Europe & Central Asia;High income;2004;2020;2030;NA;39;39;Percent;Electricity;All technologies;39;;https://www.ren21.net/wp-content/uploads/2019/05/GSR2014_Full-Report_English.pdf;;V1;;active;V1
SVN;2019;Slovenia;Slovenia;Europe & Central Asia;High income;2004;2030;2030;NA;76;76;Percent;Electricity;All technologies;76;;https://ember-energy.org/data/live-eu-necp-tracker/#data-tool;;V1;;active;V1
SVN;2020;Slovenia;Slovenia;Europe & Central Asia;High income;2009;2030;2030;NA;27;27;Percent;Final energy;All technologies;27;;https://www.ren21.net/wp-content/uploads/2019/05/GSR2021_Full_Report.pdf;;V1;;active;V1
SVN;2023;Slovenia;Slovenia;Europe & Central Asia;High income;2004;2030;2030;NA;77;77;Percent;Electricity;All technologies;77;;https://ember-energy.org/data/live-eu-necp-tracker/#data-tool;;V1;;active;V1
SWE;2001;Sweden;Sweden;Europe & Central Asia;High income;2001;2010;2040;NA;60;60;Percent;Electricity;All technologies;60;;https://eur-lex.europa.eu/legal-content/EN/TXT/PDF/?uri=CELEX:32001L0077&from=EN;;V1;;active;V1
SWE;2006;Sweden;Sweden;Europe & Central Asia;High income;2006;2020;2030;NA;49;49;Percent;Final energy;All technologies;49;;https://www.ren21.net/wp-content/uploads/2019/05/GSR2007_Full-Report_English.pdf;;V1;;active;V1
SWE;2010;Sweden;Sweden;Europe & Central Asia;High income;2006;2020;2030;NA;50;50;Percent;Final energy;All technologies;50;;https://www.ren21.net/wp-content/uploads/2019/05/GSR2011_Full-Report_English.pdf;;V1;;active;V1
SWE;2013;Sweden;Sweden;Europe & Central Asia;High income;2001;2020;2040;NA;63;63;Percent;Electricity;All technologies;63;;https://www.ren21.net/wp-content/uploads/2019/05/GSR2014_Full-Report_English.pd;;V1;;active;V1
SWE;2018;Sweden;Sweden;Europe & Central Asia;High income;2001;2040;2040;NA;100;100;Percent;Electricity;All technologies;100;;https://www.ren21.net/wp-content/uploads/2019/05/gsr_2019_full_report_en.pdf;;V1;;active;V1
SWE;2019;Sweden;Sweden;Europe & Central Asia;High income;2001;2030;2040;NA;98;98;Percent;Electricity;All technologies;98;;https://ember-energy.org/data/live-eu-necp-tracker/#data-tool;;V1;;active;V1
SWE;2020;Sweden;Sweden;Europe & Central Asia;High income;2006;2030;2030;NA;65;65;Percent;Final energy;All technologies;65;;https://www.ren21.net/wp-content/uploads/2019/05/GSR2021_Full_Report.pdf;;V1;;active;V1
SWE;2023;Sweden;Sweden;Europe & Central Asia;High income;2001;2030;2040;NA;100;100;Percent;Electricity;All technologies;100;;https://ember-energy.org/data/live-eu-necp-tracker/#data-tool;;V1;;active;V1
SWZ;2020;Eswatini;Eswatini;Sub-Saharan Africa;Lower middle income;2020;2030;2030;NA;32;32;Percent;Electricity;All technologies;32;;https://www.ren21.net/wp-content/uploads/2019/05/GSR2021_Full_Report.pdf;;V3;New non-EU-27 observation added in V3;active;V3
SWZ;2021;Eswatini;Eswatini;Sub-Saharan Africa;Lower middle income;2020;2030;2030;NA;50;50;Percent;Electricity;All technologies;50;;https://www.ren21.net/wp-content/uploads/2019/05/GSR2022_Full_Report.pdf;;V3;New non-EU-27 observation added in V3;active;V3
SYC;2011;Seychelles;Seychelles;Sub-Saharan Africa;High income;2011;2030;2030;NA;15;15;Percent;Electricity;All technologies;15;;https://www.ren21.net/Portals/0/documents/activities/gsr/GSR2012.pdf;;V3;New non-EU-27 observation added in V3;active;V3
SYC;2011;Seychelles;Seychelles;Sub-Saharan Africa;High income;2011;2020;2030;NA;5;5;Percent;Electricity;All technologies;5;;https://www.ren21.net/Portals/0/documents/activities/gsr/GSR2012.pdf;;V3;New non-EU-27 observation added in V3;active;V3
SYC;2020;Seychelles;Seychelles;Sub-Saharan Africa;High income;2020;2030;2030;NA;15;15;Percent;Final energy;All technologies;15;;https://www.ren21.net/wp-content/uploads/2019/05/GSR2021_Full_Report.pdf;;V3;New non-EU-27 observation added in V3;active;V3
SYR;2018;Syrian Arab Republic;Syria;Middle East & North Africa;Low income;2018;2030;2030;NA;10;10;Percent;Electricity;All technologies;10;Conditional to international donors;https://unfccc.int/sites/default/files/NDC/2022-06/FirstNDC-Eng-Syrian%20Arab%20Republic.pdf;;V3;New non-EU-27 observation added in V3;active;V3
TGO;2014;Togo;Togo;Sub-Saharan Africa;Low income;2014;2020;2020;NA;15;15;Percent;Electricity;All technologies;15;;https://www.ren21.net/wp-content/uploads/2019/05/GSR2015_Full-Report_English.pdf;;V3;New non-EU-27 observation added in V3;active;V3
TGO;2015;Togo;Togo;Sub-Saharan Africa;Low income;2015;2030;2030;NA;4;4;Percent;Final energy;All technologies;4;;https://www.ren21.net/wp-content/uploads/2019/05/REN21_GSR2016_FullReport_en_11.pdf;;V3;New non-EU-27 observation added in V3;active;V3
TGO;2023;Togo;Togo;Sub-Saharan Africa;Low income;2015;2030;2030;NA;20;20;Percent;Final energy;All technologies;20;;https://www.ren21.net/wp-content/uploads/2019/05/GSR2024_GlobalOverview_Full_Report_with_endnotes_web.pdf;;V3;New non-EU-27 observation added in V3;active;V3
THA;2004;Thailand;Thailand;East Asia & Pacific;Upper middle income;2004;2011;2050;NA;8;8;Percent;Electricity;All technologies except large hydro;12.75;;https://www.ren21.net/wp-content/uploads/2019/05/GSR2005_Full-Report_English.pdf;Thailand is targeting 8 percent of primary energy by 2011 (excluding traditional biomass).--> cant find the 4%;V3;New non-EU-27 observation added in V3;active;V3
THA;2007;Thailand;Thailand;East Asia & Pacific;Upper middle income;2004;2011;2050;NA;11;11;Percent;Electricity;All technologies;11;;https://www.ren21.net/Portals/0/documents/activities/gsr/RE2007_Global_Status_Report.pdf;;V3;New non-EU-27 observation added in V3;active;V3
THA;2009;Thailand;Thailand;East Asia & Pacific;Upper middle income;2004;2022;2050;NA;14;14;Percent;Electricity;All technologies;14;;https://www.ren21.net/Portals/0/documents/activities/gsr/REN21_GSR_2010_full_revised%20Sept2010.pdf;;V3;New non-EU-27 observation added in V3;active;V3
THA;2013;Thailand;Thailand;East Asia & Pacific;Upper middle income;2013;2021;2036;NA;25;25;Percent;Final energy;All technologies;25;;https://www.ren21.net/wp-content/uploads/2019/05/GSR2014_Full-Report_English.pdf;;V3;New non-EU-27 observation added in V3;active;V3
THA;2013;Thailand;Thailand;East Asia & Pacific;Upper middle income;2004;2021;2050;NA;10;10;Percent;Electricity;All technologies except large hydro;13.21;;https://www.ren21.net/wp-content/uploads/2019/05/GSR2014_Full-Report_English.pdf;right;V3;New non-EU-27 observation added in V3;active;V3
THA;2015;Thailand;Thailand;East Asia & Pacific;Upper middle income;2013;2036;2036;NA;30;30;Percent;Final energy;All technologies;30;;https://www.ren21.net/wp-content/uploads/2019/05/REN21_GSR2016_FullReport_en_11.pdf;;V3;New non-EU-27 observation added in V3;active;V3
THA;2015;Thailand;Thailand;East Asia & Pacific;Upper middle income;2004;2036;2050;NA;20;20;Percent;Electricity;All technologies except large hydro;22.11;;https://www.ren21.net/wp-content/uploads/2019/05/REN21_GSR2016_FullReport_en_11.pdf;right;V3;New non-EU-27 observation added in V3;active;V3
THA;2018;Thailand;Thailand;East Asia & Pacific;Upper middle income;2013;2035;2036;NA;40;40;Percent;Final energy;All technologies;40;;https://www.ren21.net/wp-content/uploads/2019/05/gsr_2019_full_report_en.pdf;;V3;New non-EU-27 observation added in V3;active;V3
THA;2020;Thailand;Thailand;East Asia & Pacific;Upper middle income;2004;2036;2050;NA;30;30;Percent;Electricity;All technologies;30;;https://www.ren21.net/wp-content/uploads/2019/05/GSR2021_Full_Report.pdf;;V3;New non-EU-27 observation added in V3;active;V3
THA;2022;Thailand;Thailand;East Asia & Pacific;Upper middle income;2004;2050;2050;NA;50;50;Percent;Electricity;All technologies;50;;https://www.ren21.net/wp-content/uploads/2019/05/GSR-2023_Energy-Supply-Module.pdf;;V3;New non-EU-27 observation added in V3;active;V3
THA;2023;Thailand;Thailand;East Asia & Pacific;Upper middle income;2013;2036;2036;NA;37;37;Percent;Final energy;All technologies;37;;https://www.ren21.net/wp-content/uploads/2019/05/GSR2024_GlobalOverview_Full_Report_with_endnotes_web.pdf;;V3;New non-EU-27 observation added in V3;active;V3
TJK;2016;Tajikistan;Tajikistan;Europe & Central Asia;Lower middle income;2016;2030;2030;NA;10;10;Percent;Electricity;All technologies;10;;https://www.ren21.net/wp-content/uploads/2019/05/GSR2017_Full-Report_English.pdf;;V3;New non-EU-27 observation added in V3;active;V3
TJK;2018;Tajikistan;Tajikistan;Europe & Central Asia;Lower middle income;2018;2020;2020;NA;50;50;Percent;Final energy;All technologies;50;;https://www.ren21.net/wp-content/uploads/2019/05/gsr_2019_full_report_en.pdf;;V3;New non-EU-27 observation added in V3;active;V3
TLS;2012;Timor-Leste;Timor-Leste;East Asia & Pacific;Lower middle income;2012;2020;2050;NA;50;50;Percent;Electricity;All technologies;50;;https://www.ren21.net/wp-content/uploads/2019/05/GSR2013_Full-Report_English.pdf;;V3;New non-EU-27 observation added in V3;active;V3
TLS;2016;Timor-Leste;Timor-Leste;East Asia & Pacific;Lower middle income;2012;2050;2050;NA;100;100;Percent;Electricity;All technologies;100;;https://www.ren21.net/wp-content/uploads/2019/05/GSR2017_Full-Report_English.pdf;;V3;New non-EU-27 observation added in V3;active;V3
TLS;2023;Timor-Leste;Timor-Leste;East Asia & Pacific;Lower middle income;2023;2030;2030;NA;50;50;Percent;Final energy;All technologies;50;;https://www.ren21.net/wp-content/uploads/2019/05/GSR2024_GlobalOverview_Full_Report_with_endnotes_web.pdf;;V3;New non-EU-27 observation added in V3;active;V3
TON;2009;Tonga;Tonga;East Asia & Pacific;Upper middle income;2009;2012;2030;NA;50;50;Percent;Electricity;All technologies;50;;https://www.ren21.net/Portals/0/documents/activities/gsr/REN21_GSR_2010_full_revised%20Sept2010.pdf;;V3;New non-EU-27 observation added in V3;active;V3
TON;2009;Tonga;Tonga;East Asia & Pacific;Upper middle income;2009;2013;2013;NA;100;100;Percent;Final energy;All technologies;100;;https://www.ren21.net/wp-content/uploads/2019/05/GSR2010_Full-Report_English.pdf;;V3;New non-EU-27 observation added in V3;active;V3
TON;2012;Tonga;Tonga;East Asia & Pacific;Upper middle income;2009;2015;2030;NA;50;50;Percent;Electricity;All technologies;50;;https://www.ren21.net/wp-content/uploads/2019/05/GSR2013_Full-Report_English.pdf;;V3;New non-EU-27 observation added in V3;active;V3
TON;2021;Tonga;Tonga;East Asia & Pacific;Upper middle income;2009;2030;2030;NA;70;70;Percent;Electricity;All technologies;70;;https://www.ren21.net/wp-content/uploads/2019/05/GSR2022_Full_Report.pdf;;V3;New non-EU-27 observation added in V3;active;V3
TTO;2020;Trinidad and Tobago;Trinidad and Tobago;Latin America & Caribbean;High income;2020;2021;2021;NA;10;10;Percent;Electricity;All technologies;10;;https://www.ren21.net/wp-content/uploads/2019/05/GSR2021_Full_Report.pdf;;V3;New non-EU-27 observation added in V3;active;V3
TTO;2023;Trinidad and Tobago;Trinidad and Tobago;Latin America & Caribbean;High income;2023;2027;2027;NA;47;47;Percent;Final energy;All technologies;47;;https://www.ren21.net/wp-content/uploads/2019/05/GSR2024_GlobalOverview_Full_Report_with_endnotes_web.pdf;;V3;New non-EU-27 observation added in V3;active;V3
TUN;2009;Tunisia;Tunisia;Middle East & North Africa;Lower middle income;2009;2011;2050;NA;10;10;Percent;Final energy;All technologies;10;;https://www.ren21.net/wp-content/uploads/2019/05/GSR2010_Full-Report_English.pdf;;V3;New non-EU-27 observation added in V3;active;V3
TUN;2010;Tunisia;Tunisia;Middle East & North Africa;Lower middle income;2010;2016;2050;NA;11;11;Percent;Electricity;All technologies;11;;https://www.ren21.net/wp-content/uploads/2019/05/GSR2011_Full-Report_English.pdf;;V3;New non-EU-27 observation added in V3;active;V3
TUN;2010;Tunisia;Tunisia;Middle East & North Africa;Lower middle income;2010;2030;2050;NA;25;25;Percent;Electricity;All technologies;25;;https://www.ren21.net/wp-content/uploads/2019/05/GSR2011_Full-Report_English.pdf;;V3;New non-EU-27 observation added in V3;active;V3
TUN;2011;Tunisia;Tunisia;Middle East & North Africa;Lower middle income;2010;2011;2050;NA;4;4;Percent;Electricity;All technologies;4;;https://www.ren21.net/Portals/0/documents/activities/gsr/GSR2012.pdf;;V3;New non-EU-27 observation added in V3;active;V3
TUN;2011;Tunisia;Tunisia;Middle East & North Africa;Lower middle income;2010;2016;2050;NA;16;16;Percent;Electricity;All technologies;16;;https://www.ren21.net/Portals/0/documents/activities/gsr/GSR2012.pdf;;V3;New non-EU-27 observation added in V3;active;V3
TUN;2011;Tunisia;Tunisia;Middle East & North Africa;Lower middle income;2010;2030;2050;NA;40;40;Percent;Electricity;All technologies;40;;https://www.ren21.net/Portals/0/documents/activities/gsr/GSR2012.pdf;;V3;New non-EU-27 observation added in V3;active;V3
TUN;2014;Tunisia;Tunisia;Middle East & North Africa;Lower middle income;2010;2030;2050;NA;30;30;Percent;Electricity;All technologies;30;;https://www.ren21.net/wp-content/uploads/2019/05/GSR2015_Full-Report_English.pdf;;V3;New non-EU-27 observation added in V3;active;V3
TUN;2016;Tunisia;Tunisia;Middle East & North Africa;Lower middle income;2010;2050;2050;NA;100;100;Percent;Electricity;All technologies;100;;https://www.ren21.net/wp-content/uploads/2019/05/GSR2017_Full-Report_English.pdf;;V3;New non-EU-27 observation added in V3;active;V3
TUN;2020;Tunisia;Tunisia;Middle East & North Africa;Lower middle income;2010;2020;2050;NA;14;14;Percent;Electricity;All technologies;14;;https://www.ren21.net/wp-content/uploads/2019/05/GSR2021_Full_Report.pdf;;V3;New non-EU-27 observation added in V3;active;V3
TUN;2022;Tunisia;Tunisia;Middle East & North Africa;Lower middle income;2009;2050;2050;NA;100;100;Percent;Final energy;All technologies;100;;https://www.ren21.net/wp-content/uploads/2019/05/GSR2023_GlobalOverview_Full_Report_with_endnotes_web.pdf;;V3;New non-EU-27 observation added in V3;active;V3
TUN;2022;Tunisia;Tunisia;Middle East & North Africa;Lower middle income;2010;2030;2050;NA;35;35;Percent;Electricity;All technologies;35;;https://www.ren21.net/wp-content/uploads/2019/05/GSR-2023_Energy-Supply-Module.pdf;;V3;New non-EU-27 observation added in V3;active;V3
TUR;2010;Türkiye;Türkiye;Europe & Central Asia;Upper middle income;2010;2023;2023;NA;30;30;Percent;Electricity;All technologies;30;;https://www.ren21.net/wp-content/uploads/2019/05/GSR2011_Full-Report_English.pdf;;V3;New non-EU-27 observation added in V3;active;V3
TUR;2019;Türkiye;Türkiye;Europe & Central Asia;Upper middle income;2010;2023;2023;NA;65;65;Percent;Electricity;All technologies;65;;https://www.ren21.net/wp-content/uploads/2019/05/gsr_2020_full_report_en.pdf;;V3;New non-EU-27 observation added in V3;active;V3
TUR;2020;Türkiye;Türkiye;Europe & Central Asia;Upper middle income;2010;2020;2023;NA;38;38;Percent;Electricity;All technologies;38;;https://www.ren21.net/wp-content/uploads/2019/05/GSR2021_Full_Report.pdf;;V3;New non-EU-27 observation added in V3;active;V3
TUR;2021;Türkiye;Türkiye;Europe & Central Asia;Upper middle income;2010;2023;2023;NA;39;39;Percent;Electricity;All technologies;39;;https://www.ren21.net/wp-content/uploads/2019/05/GSR2022_Full_Report.pdf;;V3;New non-EU-27 observation added in V3;active;V3
TUR;2022;Türkiye;Türkiye;Europe & Central Asia;Upper middle income;2010;2023;2023;NA;50;50;Percent;Electricity;All technologies;50;;https://www.ren21.net/wp-content/uploads/2019/05/GSR-2023_Energy-Supply-Module.pdf;;V3;New non-EU-27 observation added in V3;active;V3
TUV;2011;Tuvalu;Tuvalu;East Asia & Pacific;Upper middle income;2011;2020;2025;NA;100;100;Percent;Electricity;All technologies;100;;https://www.ren21.net/Portals/0/documents/activities/gsr/GSR2012.pdf;;V3;New non-EU-27 observation added in V3;active;V3
TUV;2020;Tuvalu;Tuvalu;East Asia & Pacific;Upper middle income;2020;2050;2050;NA;100;100;Percent;Final energy;All technologies;100;;https://www.ren21.net/wp-content/uploads/2019/05/GSR2021_Full_Report.pdf;;V3;New non-EU-27 observation added in V3;active;V3
TUV;2021;Tuvalu;Tuvalu;East Asia & Pacific;Upper middle income;2011;2025;2025;NA;100;100;Percent;Electricity;All technologies;100;;https://www.ren21.net/wp-content/uploads/2019/05/GSR2022_Full_Report.pdf;;V3;New non-EU-27 observation added in V3;active;V3
TZA;2014;Tanzania (United Republic of);Tanzania;Sub-Saharan Africa;Lower middle income;2014;2015;2050;NA;14;14;Percent;Electricity;All technologies;14;;https://www.ren21.net/wp-content/uploads/2019/05/GSR2015_Full-Report_English.pdf;;V3;New non-EU-27 observation added in V3;active;V3
TZA;2016;Tanzania (United Republic of);Tanzania;Sub-Saharan Africa;Lower middle income;2014;2050;2050;NA;100;100;Percent;Electricity;All technologies;100;;https://www.ren21.net/wp-content/uploads/2019/05/GSR2017_Full-Report_English.pdf;;V3;New non-EU-27 observation added in V3;active;V3
TZA;2020;Tanzania (United Republic of);Tanzania;Sub-Saharan Africa;Lower middle income;2020;2050;2050;NA;100;100;Percent;Final energy;All technologies;100;;https://www.ren21.net/wp-content/uploads/2019/05/GSR2021_Full_Report.pdf;;V3;New non-EU-27 observation added in V3;active;V3
TZA;2023;Tanzania (United Republic of);Tanzania;Sub-Saharan Africa;Lower middle income;2020;2030;2050;NA;50;50;Percent;Final energy;All technologies;50;;https://www.ren21.net/wp-content/uploads/2019/05/GSR2024_GlobalOverview_Full_Report_with_endnotes_web.pdf;;V3;New non-EU-27 observation added in V3;active;V3
UGA;2011;Uganda;Uganda;Sub-Saharan Africa;Low income;2011;2017;2017;NA;61;61;Percent;Electricity;All technologies;61;;https://www.ren21.net/Portals/0/documents/activities/gsr/GSR2012.pdf;;V3;New non-EU-27 observation added in V3;active;V3
UGA;2022;Uganda;Uganda;Sub-Saharan Africa;Low income;2022;2050;2050;NA;100;100;Percent;Final energy;All technologies;100;;https://www.ren21.net/wp-content/uploads/2019/05/GSR2023_GlobalOverview_Full_Report_with_endnotes_web.pdf;;V3;New non-EU-27 observation added in V3;active;V3
UKR;2012;Ukraine;Ukraine;Europe & Central Asia;Upper middle income;2012;2020;2035;NA;11;11;Percent;Final energy;All technologies;11;;https://www.ren21.net/wp-content/uploads/2019/05/GSR2013_Full-Report_English.pdf;;V3;New non-EU-27 observation added in V3;active;V3
UKR;2013;Ukraine;Ukraine;Europe & Central Asia;Upper middle income;2013;2030;2035;NA;20;20;Percent;Electricity;All technologies;20;;https://www.ren21.net/wp-content/uploads/2019/05/GSR2014_Full-Report_English.pdf;;V3;New non-EU-27 observation added in V3;active;V3
UKR;2014;Ukraine;Ukraine;Europe & Central Asia;Upper middle income;2013;2020;2035;NA;12;12;Percent;Electricity;All technologies;12;;https://www.ren21.net/wp-content/uploads/2019/05/GSR2015_Full-Report_English.pdf;;V3;New non-EU-27 observation added in V3;active;V3
UKR;2015;Ukraine;Ukraine;Europe & Central Asia;Upper middle income;2013;2020;2035;NA;11;11;Percent;Electricity;All technologies;11;;https://www.ren21.net/wp-content/uploads/2019/05/REN21_GSR2016_FullReport_en_11.pdf;;V3;New non-EU-27 observation added in V3;active;V3
UKR;2017;Ukraine;Ukraine;Europe & Central Asia;Upper middle income;2013;2035;2035;NA;25;25;Percent;Electricity;All technologies;25;;https://www.ren21.net/wp-content/uploads/2019/08/Full-Report-2018.pdf;;V3;New non-EU-27 observation added in V3;active;V3
UKR;2017;Ukraine;Ukraine;Europe & Central Asia;Upper middle income;2012;2035;2035;NA;25;25;Percent;Final energy;All technologies;25;;https://www.ren21.net/wp-content/uploads/2019/08/Full-Report-2018.pdf;;V3;New non-EU-27 observation added in V3;active;V3
URY;2011;Uruguay;Uruguay;Latin America & Caribbean;High income;2011;2015;2017;NA;15;15;Percent;Electricity;All technologies;15;;https://www.ren21.net/Portals/0/documents/activities/gsr/GSR2012.pdf;;V3;New non-EU-27 observation added in V3;active;V3
URY;2013;Uruguay;Uruguay;Latin America & Caribbean;High income;2011;2015;2017;NA;90;90;Percent;Electricity;All technologies;90;;https://www.ren21.net/wp-content/uploads/2019/05/GSR2014_Full-Report_English.pdf;;V3;New non-EU-27 observation added in V3;active;V3
URY;2014;Uruguay;Uruguay;Latin America & Caribbean;High income;2011;2015;2017;NA;92;92;Percent;Electricity;All technologies;92;;https://www.ren21.net/wp-content/uploads/2019/05/GSR2015_Full-Report_English.pdf;;V3;New non-EU-27 observation added in V3;active;V3
URY;2015;Uruguay;Uruguay;Latin America & Caribbean;High income;2011;2017;2017;NA;95;95;Percent;Electricity;All technologies;95;;https://www.ren21.net/wp-content/uploads/2019/05/REN21_GSR2016_FullReport_en_11.pdf;;V3;New non-EU-27 observation added in V3;active;V3
USA;2021;United States of America;USA;North America;High income;2021;2035;2050;NA;100;100;Percent;Electricity;All technologies;100;;https://www.ren21.net/wp-content/uploads/2019/05/GSR2022_Full_Report.pdf;;V3;New non-EU-27 observation added in V3;active;V3
USA;2022;United States of America;USA;North America;High income;2021;2050;2050;NA;100;100;Percent;Electricity;All technologies;100;;https://www.ren21.net/wp-content/uploads/2019/05/GSR-2023_Energy-Supply-Module.pdf;;V3;New non-EU-27 observation added in V3;active;V3
UZB;2016;Uzbekistan;Uzbekistan;Europe & Central Asia;Lower middle income;2016;2030;2050;NA;16;16;Percent;Final energy;All technologies;16;;https://www.ren21.net/wp-content/uploads/2019/05/GSR2017_Full-Report_English.pdf;;V3;New non-EU-27 observation added in V3;active;V3
UZB;2016;Uzbekistan;Uzbekistan;Europe & Central Asia;Lower middle income;2016;2050;2050;NA;19;19;Percent;Final energy;All technologies;19;;https://www.ren21.net/wp-content/uploads/2019/05/GSR2017_Full-Report_English.pdf;;V3;New non-EU-27 observation added in V3;active;V3
UZB;2017;Uzbekistan;Uzbekistan;Europe & Central Asia;Lower middle income;2017;2025;2030;NA;20;20;Percent;Electricity;All technologies;20;;https://www.ren21.net/wp-content/uploads/2019/08/Full-Report-2018.pdf;;V3;New non-EU-27 observation added in V3;active;V3
UZB;2022;Uzbekistan;Uzbekistan;Europe & Central Asia;Lower middle income;2017;2030;2030;NA;25;25;Percent;Electricity;All technologies;25;;https://www.ren21.net/wp-content/uploads/2019/05/GSR-2023_Energy-Supply-Module.pdf;;V3;New non-EU-27 observation added in V3;active;V3
VCT;2011;Saint Vincent and the Grenadines;St. Lucia;Latin America & Caribbean;Upper middle income;2011;2015;2020;NA;30;30;Percent;Electricity;All technologies;30;;https://www.ren21.net/Portals/0/documents/activities/gsr/GSR2012.pdf;;V3;New non-EU-27 observation added in V3;active;V3
VCT;2011;Saint Vincent and the Grenadines;St. Lucia;Latin America & Caribbean;Upper middle income;2011;2020;2020;NA;60;60;Percent;Electricity;All technologies;60;;https://www.ren21.net/Portals/0/documents/activities/gsr/GSR2012.pdf;;V3;New non-EU-27 observation added in V3;active;V3
VNM;2010;Viet Nam;Viet Nam;East Asia & Pacific;Lower middle income;2010;2020;2050;NA;5;5;Percent;Electricity;All technologies;5;;https://www.ren21.net/wp-content/uploads/2019/05/GSR2011_Full-Report_English.pdf;;V3;New non-EU-27 observation added in V3;active;V3
VNM;2016;Viet Nam;Viet Nam;East Asia & Pacific;Lower middle income;2010;2030;2050;NA;10;10;Percent;Electricity;All technologies;10;;https://www.ren21.net/wp-content/uploads/2019/05/GSR2017_Full-Report_English.pdf;;V3;New non-EU-27 observation added in V3;active;V3
VNM;2016;Viet Nam;Viet Nam;East Asia & Pacific;Lower middle income;2010;2050;2050;NA;100;100;Percent;Electricity;All technologies;100;;https://www.ren21.net/wp-content/uploads/2019/05/GSR2017_Full-Report_English.pdf;;V3;New non-EU-27 observation added in V3;active;V3
VNM;2016;Viet Nam;Viet Nam;East Asia & Pacific;Lower middle income;2010;2020;2050;NA;7;7;Percent;Electricity;All technologies;7;;https://www.ren21.net/wp-content/uploads/2019/05/GSR2017_Full-Report_English.pdf;;V3;New non-EU-27 observation added in V3;active;V3
VNM;2021;Viet Nam;Viet Nam;East Asia & Pacific;Lower middle income;2010;2045;2050;NA;75;75;Percent;Electricity;All technologies;75;;https://www.ren21.net/wp-content/uploads/2019/05/GSR2022_Full_Report.pdf;;V3;New non-EU-27 observation added in V3;active;V3
VNM;2022;Viet Nam;Viet Nam;East Asia & Pacific;Lower middle income;2010;2050;2050;NA;68;68;Percent;Electricity;All technologies;68;;https://www.ren21.net/wp-content/uploads/2019/05/GSR2023_GlobalOverview_Full_Report_with_endnotes_web.pdf;;V3;New non-EU-27 observation added in V3;active;V3
VUT;2012;Vanuatu;Vanuatu;East Asia & Pacific;Lower middle income;2012;2014;2030;NA;23;23;Percent;Electricity;All technologies;23;;https://www.ren21.net/wp-content/uploads/2019/05/GSR2013_Full-Report_English.pd;;V3;New non-EU-27 observation added in V3;active;V3
VUT;2013;Vanuatu;Vanuatu;East Asia & Pacific;Lower middle income;2012;2015;2030;NA;40;40;Percent;Electricity;All technologies;40;;https://www.ren21.net/wp-content/uploads/2019/05/GSR2014_Full-Report_English.pdf;;V3;New non-EU-27 observation added in V3;active;V3
VUT;2013;Vanuatu;Vanuatu;East Asia & Pacific;Lower middle income;2012;2020;2030;NA;65;65;Percent;Electricity;All technologies;65;;https://www.ren21.net/wp-content/uploads/2019/05/GSR2014_Full-Report_English.pdf;;V3;New non-EU-27 observation added in V3;active;V3
VUT;2015;Vanuatu;Vanuatu;East Asia & Pacific;Lower middle income;2012;2030;2030;NA;100;100;Percent;Electricity;All technologies;100;;https://www.ren21.net/wp-content/uploads/2019/05/REN21_GSR2016_FullReport_en_11.pdf;;V3;New non-EU-27 observation added in V3;active;V3
VUT;2015;Vanuatu;Vanuatu;East Asia & Pacific;Lower middle income;2015;2020;2050;NA;65;65;Percent;Final energy;All technologies;65;;https://www.ren21.net/wp-content/uploads/2019/05/REN21_GSR2016_FullReport_en_11.pdf;;V3;New non-EU-27 observation added in V3;active;V3
VUT;2020;Vanuatu;Vanuatu;East Asia & Pacific;Lower middle income;2015;2050;2050;NA;100;100;Percent;Final energy;All technologies;100;;https://www.ren21.net/wp-content/uploads/2019/05/GSR2021_Full_Report.pdf;;V3;New non-EU-27 observation added in V3;active;V3
VUT;2022;Vanuatu;Vanuatu;East Asia & Pacific;Lower middle income;2012;2025;2030;NA;50;50;Percent;Electricity;All technologies;50;;https://www.ren21.net/wp-content/uploads/2019/05/GSR-2023_Energy-Supply-Module.pdf;;V3;New non-EU-27 observation added in V3;active;V3
WSM;2012;Samoa;Samoa;East Asia & Pacific;Lower middle income;2012;2030;2050;NA;20;20;Percent additional;Electricity;All technologies;56;Base year 2012, other RE in 2012 (hydro) 36.36%;https://www.ren21.net/wp-content/uploads/2019/05/GSR2013_Full-Report_English.pdf;;V3;New non-EU-27 observation added in V3;active;V3
WSM;2015;Samoa;Samoa;East Asia & Pacific;Lower middle income;2012;2030;2050;NA;100;100;Percent;Electricity;All technologies;100;;https://www.ren21.net/wp-content/uploads/2019/05/REN21_GSR2016_FullReport_en_11.pdf;;V3;New non-EU-27 observation added in V3;active;V3
WSM;2020;Samoa;Samoa;East Asia & Pacific;Lower middle income;2020;2051;2051;NA;100;100;Percent;Final energy;All technologies;100;;https://www.ren21.net/wp-content/uploads/2019/05/GSR2021_Full_Report.pdf;;V3;New non-EU-27 observation added in V3;active;V3
WSM;2021;Samoa;Samoa;East Asia & Pacific;Lower middle income;2012;2050;2050;NA;100;100;Percent;Electricity;All technologies;100;;https://www.ren21.net/wp-content/uploads/2019/05/GSR2022_Full_Report.pdf;;V3;New non-EU-27 observation added in V3;active;V3
WSM;2022;Samoa;Samoa;East Asia & Pacific;Lower middle income;2020;2050;2051;NA;100;100;Percent;Final energy;All technologies;100;;https://www.ren21.net/wp-content/uploads/2019/05/GSR2023_GlobalOverview_Full_Report_with_endnotes_web.pdf;;V3;New non-EU-27 observation added in V3;active;V3
YEM;2012;Yemen;Yemen;Middle East & North Africa;Low income;2012;2015;2050;NA;15;15;Percent;Electricity;All technologies;15;;https://www.ren21.net/wp-content/uploads/2019/05/GSR2013_Full-Report_English.pdf;;V3;New non-EU-27 observation added in V3;active;V3
YEM;2016;Yemen;Yemen;Middle East & North Africa;Low income;2012;2050;2050;NA;100;100;Percent;Electricity;All technologies;100;;https://www.ren21.net/wp-content/uploads/2019/05/GSR2017_Full-Report_English.pdf;;V3;New non-EU-27 observation added in V3;active;V3
YEM;2021;Yemen;Yemen;Middle East & North Africa;Low income;2012;2025;2050;NA;15;15;Percent;Electricity;All technologies;15;;https://www.ren21.net/wp-content/uploads/2019/05/GSR2022_Full_Report.pdf;;V3;New non-EU-27 observation added in V3;active;V3
ZAF;2005;South Africa;South Africa;Sub-Saharan Africa;Upper middle income;2005;2013;2050;NA;4;4;Percent;Electricity;All technologies;4;;https://www.ren21.net/Portals/0/documents/activities/gsr/REN21_GSR_2010_full_revised%20Sept2010.pdf;;V3;New non-EU-27 observation added in V3;active;V3
ZAF;2008;South Africa;South Africa;Sub-Saharan Africa;Upper middle income;2005;2020;2050;NA;13;13;Percent;Electricity;All technologies;13;;https://www.ren21.net/Portals/0/documents/activities/gsr/REN21_GSR_2010_full_revised%20Sept2010.pdf;;V3;New non-EU-27 observation added in V3;active;V3
ZAF;2010;South Africa;South Africa;Sub-Saharan Africa;Upper middle income;2005;2050;2050;NA;14;14;Percent;Electricity;All technologies;14;;https://www.ren21.net/wp-content/uploads/2019/05/GSR2011_Full-Report_English.pdf;;V3;New non-EU-27 observation added in V3;active;V3
ZAF;2013;South Africa;South Africa;Sub-Saharan Africa;Upper middle income;2005;2030;2050;NA;9;9;Percent;Electricity;All technologies;9;;https://www.ren21.net/wp-content/uploads/2019/05/GSR2014_Full-Report_English.pdf;;V3;New non-EU-27 observation added in V3;active;V3
ZAF;2020;South Africa;South Africa;Sub-Saharan Africa;Upper middle income;2005;2030;2050;NA;8;8;Percent;Electricity;All technologies;8;;https://www.ren21.net/wp-content/uploads/2019/05/GSR2021_Full_Report.pdf;;V3;New non-EU-27 observation added in V3;active;V3
ZAF;2023;South Africa;South Africa;Sub-Saharan Africa;Upper middle income;2023;2030;2030;NA;41;41;Percent;Final energy;All technologies;41;;https://www.ren21.net/wp-content/uploads/2019/05/GSR2024_GlobalOverview_Full_Report_with_endnotes_web.pdf;;V3;New non-EU-27 observation added in V3;active;V3
ZMB;2023;Zambia;Zambia;Sub-Saharan Africa;Lower middle income;2023;2030;2030;NA;30;30;Percent;Final energy;All technologies;30;;https://www.ren21.net/wp-content/uploads/2019/05/GSR2024_GlobalOverview_Full_Report_with_endnotes_web.pdf;;V3;New non-EU-27 observation added in V3;active;V3
ZWE;2021;Zimbabwe;Zimbabwe;Sub-Saharan Africa;Lower middle income;2021;2030;2030;NA;26.5;27;Percent;Electricity;All technologies;27;;https://www.ren21.net/wp-content/uploads/2019/05/GSR2022_Full_Report.pdf;;V3;New non-EU-27 observation added in V3;active;V3
ZWE;2022;Zimbabwe;Zimbabwe;Sub-Saharan Africa;Lower middle income;2021;2025;2030;NA;16.5;17;Percent;Electricity;All technologies;17;;https://www.ren21.net/wp-content/uploads/2019/05/GSR-2023_Energy-Supply-Module.pdf;;V3;New non-EU-27 observation added in V3;active;V3
